13:29:36.594 [main] DEBUG c.b.config.BrowserStackConfig - Cli Config passed - {}
13:29:36.929 [main] DEBUG c.b.logger.BrowserstackLoggerFactory - Log Level set to TRACE for logger com.browserstack
13:29:36.930 [main] DEBUG c.b.logger.BrowserstackLoggerFactory - Log Level set to INFO for logger stdoutPrinter
13:29:37.031 [main] DEBUG c.b.utils.FrameworkDetectionUtils - Java command - com.intellij.rt.testng.RemoteTestNGStarter -usedefaultlisteners false -listener testBaseUtils.Listeners -socket53900 @w@C:\Users\Hp\AppData\Local\Temp\idea_working_dirs_testng.tmp -temp C:\Users\Hp\AppData\Local\Temp\idea_testng.tmp
13:29:37.031 [main] DEBUG c.b.utils.FrameworkDetectionUtils - Test classes detected: 
13:29:37.040 [main] DEBUG c.b.utils.FrameworkDetectionUtils - Runner: testng, Engine: none
13:29:37.054 [main] DEBUG c.b.utils.FrameworkDetectionUtils - Runner: testng, Engine: none from dependencies
13:29:37.054 [main] DEBUG c.b.utils.FrameworkDetectionUtils - Detected final framework as: testng
13:29:37.054 [main] DEBUG c.browserstack.BrowserStackJavaAgent - JavaAgent Version 1.20.2
13:29:37.060 [main] DEBUG c.b.utils.ExitSignalHandler - Registered handler for INT
13:29:37.060 [main] DEBUG c.b.utils.ExitSignalHandler - Registered handler for TERM
13:29:37.060 [main] DEBUG c.b.utils.ExitSignalHandler - Unable to attach signal handler for HUP Unknown signal: HUP
13:29:37.060 [main] DEBUG c.b.utils.ExitSignalHandler - Registered handler for ABRT
13:29:37.473 [Thread-1] DEBUG c.browserstack.utils.UtilityMethods - NEXT HUBS ARE: ["hub-aps.browserstack.com","hub-euw.browserstack.com","hub-apse.browserstack.com"]
13:29:37.734 [main] DEBUG c.browserstack.utils.UtilityMethods - EXECUTION TIME OF hub-aps.browserstack.com HUB IS: 259ms
13:29:38.660 [main] DEBUG c.browserstack.utils.UtilityMethods - EXECUTION TIME OF hub-euw.browserstack.com HUB IS: 910ms
13:29:39.615 [main] DEBUG c.browserstack.utils.UtilityMethods - EXECUTION TIME OF hub-apse.browserstack.com HUB IS: 954ms
13:29:39.628 [main] DEBUG c.browserstack.utils.UtilityMethods - NEAREST HUB ALLOCATED IS - hub-aps.browserstack.com
13:29:39.639 [main] DEBUG c.b.utils.FunnelInstrumentation - Sending funnel data for SDKTestAttempted with data: {"event_type":"SDKTestAttempted","accessKey":"cdWAYU5meFd1rax23PEp","userName":"nayankumar_Rp0sMa","event_properties":{"product":"[app-automate, observability]","buildName":"browserstack build","os":"Windows 11","languageVersion":"18.0.2.1","appiumVersion":"9.0.0","frameworkDetectionInstrumentation":{"parseLoadClass":6,"parseDependencies":14},"language":"java","sdkRunId":"1083e0e2-792b-4d41-9ca9-0ed06bc2e1dd","buildIdentifier":"#5","userFramework":"testng","testhub_uuid":"","detectedAppiumVersion":"null","detectedDependencies":"testng","productMap":{"app_automate":true,"accessibility":false,"automate":false,"percy":false,"observability":true},"referrer":"testng-javaagent\/1.20.2","hostname":"DESKTOP-13RHPFK","language_framework":"java_testng","detectedFramework":"testng","detectedSeleniumVersion":"null","seleniumVersion":""}}
13:29:40.033 [main] DEBUG c.b.utils.FunnelInstrumentation - API Event SDKTestAttempted response - {"message":"SDK Event recorded successfully"}
13:29:43.352 [main] DEBUG c.browserstack.testOps.RequestUtils - [ TESTHUB ] Processing Request Kind launchTestSession
13:29:43.352 [main] DEBUG c.browserstack.testOps.RequestUtils - [requestToTestOps] Sending Observability request: POST api/v2/builds with request size 1329
13:29:44.845 [main] DEBUG c.browserstack.testOps.RequestUtils - requestToTestOps: Response code: 200
13:29:44.845 [main] DEBUG com.browserstack.testOps.Listener - BROWSERSTACK_TESTHUB_UUID : 3jn9on0sli62pamqzswto0dx9vslwdyhvqj3dqmw
13:29:44.845 [main] DEBUG com.browserstack.testOps.Listener - [ TESTHUB ] Build creation successfull
13:29:44.849 [main] DEBUG com.browserstack.LocalFactory - Starting BrowserStack Local with identifier 06_Aug_1329_DESKTOP_13RHPFK_lFBc
13:29:51.815 [main] DEBUG com.browserstack.testOps.Listener - [ TESTHUB ] Processing Request Kind LogCreated
13:29:51.823 [main] DEBUG c.b.t.XMLSuiteClassListener - Number of parallels - 3 and number of platforms - 3
13:29:52.096 [main] DEBUG com.browserstack.testOps.Listener - [ TESTHUB ] Processing Request Kind LogCreated
13:29:52.103 [main] DEBUG com.browserstack.testOps.Listener - [ TESTHUB ] Processing Request Kind LogCreated
13:29:52.105 [main] DEBUG com.browserstack.testOps.Listener - [ TESTHUB ] Processing Request Kind LogCreated
13:29:52.105 [main] DEBUG com.browserstack.testOps.Listener - [ TESTHUB ] Processing Request Kind LogCreated
13:29:52.106 [main] DEBUG com.browserstack.testOps.Listener - [ TESTHUB ] Processing Request Kind LogCreated
13:29:52.106 [main] DEBUG com.browserstack.testOps.Listener - [ TESTHUB ] Processing Request Kind LogCreated
13:29:52.107 [main] DEBUG com.browserstack.testOps.Listener - [ TESTHUB ] Processing Request Kind LogCreated
13:29:52.107 [main] DEBUG com.browserstack.testOps.Listener - [ TESTHUB ] Processing Request Kind LogCreated
13:29:52.113 [main] DEBUG com.browserstack.testOps.Listener - [ TESTHUB ] Processing Request Kind LogCreated
13:29:52.126 [main] DEBUG com.browserstack.testOps.Listener - [ TESTHUB ] Processing Request Kind LogCreated
13:29:52.128 [main] DEBUG com.browserstack.testOps.Listener - [ TESTHUB ] Processing Request Kind LogCreated
13:29:52.137 [main] DEBUG com.browserstack.testOps.Listener - [ TESTHUB ] Processing Request Kind LogCreated
13:29:52.137 [main] DEBUG com.browserstack.testOps.Listener - [ TESTHUB ] Processing Request Kind LogCreated
13:29:52.138 [main] DEBUG com.browserstack.testOps.Listener - [ TESTHUB ] Processing Request Kind LogCreated
13:29:52.138 [main] DEBUG com.browserstack.testOps.Listener - [ TESTHUB ] Processing Request Kind LogCreated
13:29:52.140 [main] DEBUG com.browserstack.testOps.Listener - [ TESTHUB ] Processing Request Kind LogCreated
13:29:52.140 [main] DEBUG com.browserstack.testOps.Listener - [ TESTHUB ] Processing Request Kind LogCreated
13:29:52.140 [main] DEBUG com.browserstack.testOps.Listener - [ TESTHUB ] Processing Request Kind LogCreated
13:29:52.142 [main] DEBUG com.browserstack.testOps.Listener - [ TESTHUB ] Processing Request Kind LogCreated
13:29:52.142 [main] DEBUG com.browserstack.testOps.Listener - [ TESTHUB ] Processing Request Kind LogCreated
13:29:52.142 [main] DEBUG com.browserstack.testOps.Listener - [ TESTHUB ] Processing Request Kind LogCreated
13:29:52.148 [main] DEBUG com.browserstack.testOps.Listener - [ TESTHUB ] Processing Request Kind LogCreated
13:29:52.149 [main] DEBUG com.browserstack.testOps.Listener - [ TESTHUB ] Processing Request Kind LogCreated
13:29:52.150 [main] DEBUG com.browserstack.testOps.Listener - [ TESTHUB ] Processing Request Kind LogCreated
13:29:52.150 [main] DEBUG com.browserstack.testOps.Listener - [ TESTHUB ] Processing Request Kind LogCreated
13:29:52.153 [main] DEBUG com.browserstack.testOps.Listener - [ TESTHUB ] Processing Request Kind LogCreated
13:29:52.153 [main] DEBUG com.browserstack.testOps.Listener - [ TESTHUB ] Processing Request Kind LogCreated
13:29:52.154 [main] DEBUG com.browserstack.testOps.Listener - [ TESTHUB ] Processing Request Kind LogCreated
13:29:52.154 [main] DEBUG com.browserstack.testOps.Listener - [ TESTHUB ] Processing Request Kind LogCreated
13:29:52.156 [main] DEBUG com.browserstack.testOps.Listener - [ TESTHUB ] Processing Request Kind LogCreated
13:29:52.156 [main] DEBUG com.browserstack.testOps.Listener - [ TESTHUB ] Processing Request Kind LogCreated
13:29:52.156 [main] DEBUG com.browserstack.testOps.Listener - [ TESTHUB ] Processing Request Kind LogCreated
13:29:52.158 [main] DEBUG com.browserstack.testOps.Listener - [ TESTHUB ] Processing Request Kind LogCreated
13:29:52.158 [main] DEBUG com.browserstack.testOps.Listener - [ TESTHUB ] Processing Request Kind LogCreated
13:29:52.158 [main] DEBUG com.browserstack.testOps.Listener - [ TESTHUB ] Processing Request Kind LogCreated
13:29:52.158 [main] DEBUG com.browserstack.testOps.Listener - [ TESTHUB ] Processing Request Kind LogCreated
13:29:52.161 [main] DEBUG com.browserstack.testOps.Listener - [ TESTHUB ] Processing Request Kind LogCreated
13:29:52.161 [main] DEBUG com.browserstack.testOps.Listener - [ TESTHUB ] Processing Request Kind LogCreated
13:29:52.161 [main] DEBUG com.browserstack.testOps.Listener - [ TESTHUB ] Processing Request Kind LogCreated
13:29:52.161 [main] DEBUG com.browserstack.testOps.Listener - [ TESTHUB ] Processing Request Kind LogCreated
13:29:52.173 [main] DEBUG com.browserstack.testOps.Listener - [ TESTHUB ] Processing Request Kind LogCreated
13:29:52.173 [main] DEBUG com.browserstack.testOps.Listener - [ TESTHUB ] Processing Request Kind LogCreated
13:29:52.173 [main] DEBUG com.browserstack.testOps.Listener - [ TESTHUB ] Processing Request Kind LogCreated
13:29:52.173 [main] DEBUG com.browserstack.testOps.Listener - [ TESTHUB ] Processing Request Kind LogCreated
13:29:52.174 [main] DEBUG com.browserstack.testOps.Listener - [ TESTHUB ] Processing Request Kind LogCreated
13:29:52.174 [main] DEBUG com.browserstack.testOps.Listener - [ TESTHUB ] Processing Request Kind LogCreated
13:29:52.175 [main] DEBUG com.browserstack.testOps.Listener - [ TESTHUB ] Processing Request Kind LogCreated
13:29:52.175 [main] DEBUG com.browserstack.testOps.Listener - [ TESTHUB ] Processing Request Kind LogCreated
13:29:52.176 [main] DEBUG com.browserstack.testOps.Listener - [ TESTHUB ] Processing Request Kind LogCreated
13:29:52.176 [main] DEBUG com.browserstack.testOps.Listener - [ TESTHUB ] Processing Request Kind LogCreated
13:29:52.176 [main] DEBUG com.browserstack.testOps.Listener - [ TESTHUB ] Processing Request Kind LogCreated
13:29:52.176 [main] DEBUG com.browserstack.testOps.Listener - [ TESTHUB ] Processing Request Kind LogCreated
13:29:52.176 [main] DEBUG com.browserstack.testOps.Listener - [ TESTHUB ] Processing Request Kind LogCreated
13:29:52.176 [main] DEBUG com.browserstack.testOps.Listener - [ TESTHUB ] Processing Request Kind LogCreated
13:29:52.176 [main] DEBUG com.browserstack.testOps.Listener - [ TESTHUB ] Processing Request Kind LogCreated
13:29:52.178 [main] DEBUG com.browserstack.testOps.Listener - [ TESTHUB ] Processing Request Kind LogCreated
13:29:52.178 [main] DEBUG com.browserstack.testOps.Listener - [ TESTHUB ] Processing Request Kind LogCreated
13:29:52.179 [main] DEBUG com.browserstack.testOps.Listener - [ TESTHUB ] Processing Request Kind LogCreated
13:29:52.179 [main] DEBUG com.browserstack.testOps.Listener - [ TESTHUB ] Processing Request Kind LogCreated
13:29:52.180 [main] DEBUG com.browserstack.testOps.Listener - [ TESTHUB ] Processing Request Kind LogCreated
13:29:52.180 [main] DEBUG com.browserstack.testOps.Listener - [ TESTHUB ] Processing Request Kind LogCreated
13:29:52.181 [main] DEBUG com.browserstack.testOps.Listener - [ TESTHUB ] Processing Request Kind LogCreated
13:29:52.182 [main] DEBUG com.browserstack.testOps.Listener - [ TESTHUB ] Processing Request Kind LogCreated
13:29:52.183 [main] DEBUG com.browserstack.testOps.Listener - [ TESTHUB ] Processing Request Kind LogCreated
13:29:52.183 [main] DEBUG com.browserstack.testOps.Listener - [ TESTHUB ] Processing Request Kind LogCreated
13:29:52.183 [main] DEBUG com.browserstack.testOps.Listener - [ TESTHUB ] Processing Request Kind LogCreated
13:29:52.184 [main] DEBUG com.browserstack.testOps.Listener - [ TESTHUB ] Processing Request Kind LogCreated
13:29:52.184 [main] DEBUG com.browserstack.testOps.Listener - [ TESTHUB ] Processing Request Kind LogCreated
13:29:52.184 [main] DEBUG com.browserstack.testOps.Listener - [ TESTHUB ] Processing Request Kind LogCreated
13:29:52.184 [main] DEBUG com.browserstack.testOps.Listener - [ TESTHUB ] Processing Request Kind LogCreated
13:29:52.184 [main] DEBUG com.browserstack.testOps.Listener - [ TESTHUB ] Processing Request Kind LogCreated
13:29:52.185 [main] DEBUG com.browserstack.testOps.Listener - [ TESTHUB ] Processing Request Kind LogCreated
13:29:52.185 [main] DEBUG com.browserstack.testOps.Listener - [ TESTHUB ] Processing Request Kind LogCreated
13:29:52.185 [main] DEBUG com.browserstack.testOps.Listener - [ TESTHUB ] Processing Request Kind LogCreated
13:29:52.185 [main] DEBUG com.browserstack.testOps.Listener - [ TESTHUB ] Processing Request Kind LogCreated
13:29:52.185 [main] DEBUG com.browserstack.testOps.Listener - [ TESTHUB ] Processing Request Kind LogCreated
13:29:52.186 [main] DEBUG com.browserstack.testOps.Listener - [ TESTHUB ] Processing Request Kind LogCreated
13:29:52.186 [main] DEBUG com.browserstack.testOps.Listener - [ TESTHUB ] Processing Request Kind LogCreated
13:29:52.186 [main] DEBUG com.browserstack.testOps.Listener - [ TESTHUB ] Processing Request Kind LogCreated
13:29:52.186 [main] DEBUG com.browserstack.testOps.Listener - [ TESTHUB ] Processing Request Kind LogCreated
13:29:52.192 [main] DEBUG com.browserstack.testOps.Listener - [ TESTHUB ] Processing Request Kind LogCreated
13:29:52.192 [main] DEBUG com.browserstack.testOps.Listener - [ TESTHUB ] Processing Request Kind LogCreated
13:29:52.193 [main] DEBUG com.browserstack.testOps.Listener - [ TESTHUB ] Processing Request Kind LogCreated
13:29:52.193 [main] DEBUG com.browserstack.testOps.Listener - [ TESTHUB ] Processing Request Kind LogCreated
13:29:52.194 [main] DEBUG com.browserstack.testOps.Listener - [ TESTHUB ] Processing Request Kind LogCreated
13:29:52.194 [main] DEBUG com.browserstack.testOps.Listener - [ TESTHUB ] Processing Request Kind LogCreated
13:29:52.194 [main] DEBUG com.browserstack.testOps.Listener - [ TESTHUB ] Processing Request Kind LogCreated
13:29:52.194 [main] DEBUG com.browserstack.testOps.Listener - [ TESTHUB ] Processing Request Kind LogCreated
13:29:52.195 [main] DEBUG com.browserstack.testOps.Listener - [ TESTHUB ] Processing Request Kind LogCreated
13:29:52.196 [main] DEBUG com.browserstack.testOps.Listener - [ TESTHUB ] Processing Request Kind LogCreated
13:29:52.196 [main] DEBUG com.browserstack.testOps.Listener - [ TESTHUB ] Processing Request Kind LogCreated
13:29:52.196 [main] DEBUG com.browserstack.testOps.Listener - [ TESTHUB ] Processing Request Kind LogCreated
13:29:52.196 [main] DEBUG com.browserstack.testOps.Listener - [ TESTHUB ] Processing Request Kind LogCreated
13:29:52.196 [main] DEBUG com.browserstack.testOps.Listener - [ TESTHUB ] Processing Request Kind LogCreated
13:29:52.196 [main] DEBUG com.browserstack.testOps.Listener - [ TESTHUB ] Processing Request Kind LogCreated
13:29:52.197 [main] DEBUG com.browserstack.testOps.Listener - [ TESTHUB ] Processing Request Kind LogCreated
13:29:52.197 [main] DEBUG com.browserstack.testOps.Listener - [ TESTHUB ] Processing Request Kind LogCreated
13:29:52.198 [main] DEBUG com.browserstack.testOps.Listener - [ TESTHUB ] Processing Request Kind LogCreated
13:29:52.200 [main] DEBUG com.browserstack.testOps.Listener - [ TESTHUB ] Processing Request Kind LogCreated
13:29:52.201 [main] DEBUG com.browserstack.testOps.Listener - [ TESTHUB ] Processing Request Kind LogCreated
13:29:52.201 [main] DEBUG com.browserstack.testOps.Listener - [ TESTHUB ] Processing Request Kind LogCreated
13:29:52.202 [main] DEBUG com.browserstack.testOps.Listener - [ TESTHUB ] Processing Request Kind LogCreated
13:29:52.202 [main] DEBUG com.browserstack.testOps.Listener - [ TESTHUB ] Processing Request Kind LogCreated
13:29:52.202 [main] DEBUG com.browserstack.testOps.Listener - [ TESTHUB ] Processing Request Kind LogCreated
13:29:52.202 [main] DEBUG com.browserstack.testOps.Listener - [ TESTHUB ] Processing Request Kind LogCreated
13:29:52.203 [main] DEBUG com.browserstack.testOps.Listener - [ TESTHUB ] Processing Request Kind LogCreated
13:29:52.203 [main] DEBUG com.browserstack.testOps.Listener - [ TESTHUB ] Processing Request Kind LogCreated
13:29:52.203 [main] DEBUG com.browserstack.testOps.Listener - [ TESTHUB ] Processing Request Kind LogCreated
13:29:52.203 [main] DEBUG com.browserstack.testOps.Listener - [ TESTHUB ] Processing Request Kind LogCreated
13:29:52.203 [main] DEBUG com.browserstack.testOps.Listener - [ TESTHUB ] Processing Request Kind LogCreated
13:29:52.204 [main] DEBUG com.browserstack.testOps.Listener - [ TESTHUB ] Processing Request Kind LogCreated
13:29:52.204 [main] DEBUG com.browserstack.testOps.Listener - [ TESTHUB ] Processing Request Kind LogCreated
13:29:52.206 [main] DEBUG com.browserstack.testOps.Listener - [ TESTHUB ] Processing Request Kind LogCreated
13:29:52.206 [main] DEBUG com.browserstack.testOps.Listener - [ TESTHUB ] Processing Request Kind LogCreated
13:29:52.206 [main] DEBUG com.browserstack.testOps.Listener - [ TESTHUB ] Processing Request Kind LogCreated
13:29:52.206 [main] DEBUG com.browserstack.testOps.Listener - [ TESTHUB ] Processing Request Kind LogCreated
13:29:52.207 [main] DEBUG com.browserstack.testOps.Listener - [ TESTHUB ] Processing Request Kind LogCreated
13:29:52.207 [main] DEBUG com.browserstack.testOps.Listener - [ TESTHUB ] Processing Request Kind LogCreated
13:29:52.207 [main] DEBUG com.browserstack.testOps.Listener - [ TESTHUB ] Processing Request Kind LogCreated
13:29:52.207 [main] DEBUG com.browserstack.testOps.Listener - [ TESTHUB ] Processing Request Kind LogCreated
13:29:52.210 [main] DEBUG com.browserstack.testOps.Listener - [ TESTHUB ] Processing Request Kind LogCreated
13:29:52.211 [main] DEBUG c.browserstack.utils.LogReportingAPI - [2024-08-06T07:59:52.210301100Z][ OBSERVABILITY ] Processing Logs patching stream
13:29:52.218 [main] DEBUG com.browserstack.testOps.Listener - [ TESTHUB ] Processing Request Kind LogCreated
13:29:52.245 [C:/Users/Hp/Documents/IntelliJ Projects/AppiumPOMProject-0@0] DEBUG com.browserstack.testOps.Listener - [ TESTHUB ] Processing Request Kind LogCreated
13:29:52.245 [C:/Users/Hp/Documents/IntelliJ Projects/AppiumPOMProject-2@2] DEBUG com.browserstack.testOps.Listener - [ TESTHUB ] Processing Request Kind LogCreated
13:29:52.245 [C:/Users/Hp/Documents/IntelliJ Projects/AppiumPOMProject-1@1] DEBUG com.browserstack.testOps.Listener - [ TESTHUB ] Processing Request Kind LogCreated
13:29:52.279 [configureAppium@0] DEBUG c.b.testNgListeners.TestNGUtils - [populateTestDataForBSTestOps] Event Type :: HookRunStarted, Method ClassName :: testBaseUtils.WFlashBeforeEachTestAndroid 
13:29:52.279 [configureAppium@1] DEBUG c.b.testNgListeners.TestNGUtils - [populateTestDataForBSTestOps] Event Type :: HookRunStarted, Method ClassName :: testBaseUtils.WFlashBeforeEachTestAndroid 
13:29:52.279 [configureAppium@2] DEBUG c.b.testNgListeners.TestNGUtils - [populateTestDataForBSTestOps] Event Type :: HookRunStarted, Method ClassName :: testBaseUtils.WFlashBeforeEachTestAndroid 
13:29:52.279 [configureAppium@0] DEBUG c.browserstack.utils.UtilityMethods - [findFileMatcher] Current Path is :: C:\Users\Hp\Documents\IntelliJ Projects\AppiumPOMProject, TestClass :: testBaseUtils\WFlashBeforeEachTestAndroid
13:29:52.279 [configureAppium@2] DEBUG c.browserstack.utils.UtilityMethods - [findFileMatcher] Current Path is :: C:\Users\Hp\Documents\IntelliJ Projects\AppiumPOMProject, TestClass :: testBaseUtils\WFlashBeforeEachTestAndroid
13:29:52.279 [configureAppium@1] DEBUG c.browserstack.utils.UtilityMethods - [findFileMatcher] Current Path is :: C:\Users\Hp\Documents\IntelliJ Projects\AppiumPOMProject, TestClass :: testBaseUtils\WFlashBeforeEachTestAndroid
13:29:52.302 [configureAppium@2] DEBUG c.b.testNgListeners.TestNGUtils - [populateTestDataForBSTestOps] The filename fetched :: C:\Users\Hp\Documents\IntelliJ Projects\AppiumPOMProject\src\test\java\testBaseUtils\WFlashBeforeEachTestAndroid.java, fileSeparator :: \, AbsolutePath :: C:\Users\Hp\Documents\IntelliJ Projects\AppiumPOMProject\., Normalized Path :: C:\Users\Hp\Documents\IntelliJ Projects\AppiumPOMProject, File.Separator :: \
13:29:52.302 [configureAppium@2] DEBUG c.b.testNgListeners.TestNGUtils - [populateTestDataForBSTestOps] Replaced File Name is :: AppiumPOMProject\src\test\java\testBaseUtils\WFlashBeforeEachTestAndroid.java, Absolute Path :: C:\Users\Hp\Documents\IntelliJ Projects\AppiumPOMProject\.., Normalized Path :: C:\Users\Hp\Documents\IntelliJ Projects 
13:29:52.306 [configureAppium@2] DEBUG com.browserstack.testOps.Listener - [ TESTHUB ] Processing Request Kind HookRunStarted
13:29:52.307 [configureAppium@0] DEBUG c.b.testNgListeners.TestNGUtils - [populateTestDataForBSTestOps] The filename fetched :: C:\Users\Hp\Documents\IntelliJ Projects\AppiumPOMProject\src\test\java\testBaseUtils\WFlashBeforeEachTestAndroid.java, fileSeparator :: \, AbsolutePath :: C:\Users\Hp\Documents\IntelliJ Projects\AppiumPOMProject\., Normalized Path :: C:\Users\Hp\Documents\IntelliJ Projects\AppiumPOMProject, File.Separator :: \
13:29:52.307 [configureAppium@1] DEBUG c.b.testNgListeners.TestNGUtils - [populateTestDataForBSTestOps] The filename fetched :: C:\Users\Hp\Documents\IntelliJ Projects\AppiumPOMProject\src\test\java\testBaseUtils\WFlashBeforeEachTestAndroid.java, fileSeparator :: \, AbsolutePath :: C:\Users\Hp\Documents\IntelliJ Projects\AppiumPOMProject\., Normalized Path :: C:\Users\Hp\Documents\IntelliJ Projects\AppiumPOMProject, File.Separator :: \
13:29:52.307 [configureAppium@0] DEBUG c.b.testNgListeners.TestNGUtils - [populateTestDataForBSTestOps] Replaced File Name is :: AppiumPOMProject\src\test\java\testBaseUtils\WFlashBeforeEachTestAndroid.java, Absolute Path :: C:\Users\Hp\Documents\IntelliJ Projects\AppiumPOMProject\.., Normalized Path :: C:\Users\Hp\Documents\IntelliJ Projects 
13:29:52.307 [configureAppium@1] DEBUG c.b.testNgListeners.TestNGUtils - [populateTestDataForBSTestOps] Replaced File Name is :: AppiumPOMProject\src\test\java\testBaseUtils\WFlashBeforeEachTestAndroid.java, Absolute Path :: C:\Users\Hp\Documents\IntelliJ Projects\AppiumPOMProject\.., Normalized Path :: C:\Users\Hp\Documents\IntelliJ Projects 
13:29:52.308 [configureAppium@0] DEBUG com.browserstack.testOps.Listener - [ TESTHUB ] Processing Request Kind HookRunStarted
13:29:52.308 [configureAppium@1] DEBUG com.browserstack.testOps.Listener - [ TESTHUB ] Processing Request Kind HookRunStarted
13:29:53.818 [pool-4-thread-1] DEBUG c.browserstack.utils.RequestBatcher - Time Since Last Batch Processed 1722931193818

13:29:53.822 [pool-5-thread-1] DEBUG c.browserstack.utils.RequestBatcher - Processing Batch 129

13:29:53.825 [pool-5-thread-1] DEBUG c.browserstack.testOps.RequestUtils - [requestToTestOps] Sending Observability request: POST api/v1/batch with request size 31213
13:29:54.317 [pool-5-thread-1] DEBUG c.browserstack.testOps.RequestUtils - requestToTestOps: Response code: 200
13:29:54.318 [pool-5-thread-1] DEBUG c.browserstack.utils.LogReportingAPI - 
[2024-08-06T07:59:54.318497500Z][ TESTHUB ] Batch event successfull!

13:29:55.827 [pool-4-thread-1] DEBUG c.browserstack.utils.RequestBatcher - Time Since Last Batch Processed 2008

13:29:56.518 [configureAppium@1] DEBUG c.browserstack.utils.UtilityMethods - [Patch]: SDK enabled, patching remote server
13:29:56.518 [configureAppium@0] DEBUG c.browserstack.utils.UtilityMethods - [Patch]: SDK enabled, patching remote server
13:29:56.518 [configureAppium@2] DEBUG c.browserstack.utils.UtilityMethods - [Patch]: SDK enabled, patching remote server
13:29:56.522 [configureAppium@1] DEBUG c.b.selenium.SeleniumHandler - beforeDriverInit: SDK enabled. Thread ID: 44
13:29:56.522 [configureAppium@0] DEBUG c.b.selenium.SeleniumHandler - beforeDriverInit: SDK enabled. Thread ID: 43
13:29:56.522 [configureAppium@2] DEBUG c.b.selenium.SeleniumHandler - beforeDriverInit: SDK enabled. Thread ID: 45
13:29:56.527 [configureAppium@1] DEBUG c.browserstack.utils.UtilityMethods - [Patch]: SDK enabled, patching remote server
13:29:56.527 [configureAppium@0] DEBUG c.browserstack.utils.UtilityMethods - [Patch]: SDK enabled, patching remote server
13:29:56.527 [configureAppium@2] DEBUG c.browserstack.utils.UtilityMethods - [Patch]: SDK enabled, patching remote server
13:29:56.695 [C:/Users/Hp/Documents/IntelliJ Projects/AppiumPOMProject-0@0] DEBUG c.b.testNgListeners.TestNGUtils - [populateTestDataForBSTestOps] Event Type :: TestRunStarted, Test ClassName :: GroupID.FlashTestClass
13:29:56.695 [C:/Users/Hp/Documents/IntelliJ Projects/AppiumPOMProject-0@0] DEBUG c.browserstack.utils.UtilityMethods - [findFileMatcher] Current Path is :: C:\Users\Hp\Documents\IntelliJ Projects\AppiumPOMProject, TestClass :: GroupID\FlashObjectOptimised
13:29:56.696 [C:/Users/Hp/Documents/IntelliJ Projects/AppiumPOMProject-1@1] DEBUG c.b.testNgListeners.TestNGUtils - [populateTestDataForBSTestOps] Event Type :: TestRunStarted, Test ClassName :: GroupID.FlashTestClass
13:29:56.696 [C:/Users/Hp/Documents/IntelliJ Projects/AppiumPOMProject-2@2] DEBUG c.b.testNgListeners.TestNGUtils - [populateTestDataForBSTestOps] Event Type :: TestRunStarted, Test ClassName :: GroupID.FlashTestClass
13:29:56.696 [C:/Users/Hp/Documents/IntelliJ Projects/AppiumPOMProject-1@1] DEBUG c.browserstack.utils.UtilityMethods - [findFileMatcher] Current Path is :: C:\Users\Hp\Documents\IntelliJ Projects\AppiumPOMProject, TestClass :: GroupID\FlashObjectOptimised
13:29:56.696 [C:/Users/Hp/Documents/IntelliJ Projects/AppiumPOMProject-2@2] DEBUG c.browserstack.utils.UtilityMethods - [findFileMatcher] Current Path is :: C:\Users\Hp\Documents\IntelliJ Projects\AppiumPOMProject, TestClass :: GroupID\FlashObjectOptimised
13:29:56.711 [C:/Users/Hp/Documents/IntelliJ Projects/AppiumPOMProject-0@0] DEBUG c.b.testNgListeners.TestNGUtils - [populateTestDataForBSTestOps] The filename fetched :: C:\Users\Hp\Documents\IntelliJ Projects\AppiumPOMProject\src\test\java\GroupID\FlashObjectOptimised.java, fileSeparator :: \, AbsolutePath :: C:\Users\Hp\Documents\IntelliJ Projects\AppiumPOMProject\., Normalized Path :: C:\Users\Hp\Documents\IntelliJ Projects\AppiumPOMProject, File.Separator :: \
13:29:56.711 [C:/Users/Hp/Documents/IntelliJ Projects/AppiumPOMProject-0@0] DEBUG c.b.testNgListeners.TestNGUtils - [populateTestDataForBSTestOps] Replaced File Name is :: AppiumPOMProject\src\test\java\GroupID\FlashObjectOptimised.java, Absolute Path :: C:\Users\Hp\Documents\IntelliJ Projects\AppiumPOMProject\.., Normalized Path :: C:\Users\Hp\Documents\IntelliJ Projects 
13:29:56.714 [C:/Users/Hp/Documents/IntelliJ Projects/AppiumPOMProject-2@2] DEBUG c.b.testNgListeners.TestNGUtils - [populateTestDataForBSTestOps] The filename fetched :: C:\Users\Hp\Documents\IntelliJ Projects\AppiumPOMProject\src\test\java\GroupID\FlashObjectOptimised.java, fileSeparator :: \, AbsolutePath :: C:\Users\Hp\Documents\IntelliJ Projects\AppiumPOMProject\., Normalized Path :: C:\Users\Hp\Documents\IntelliJ Projects\AppiumPOMProject, File.Separator :: \
13:29:56.714 [C:/Users/Hp/Documents/IntelliJ Projects/AppiumPOMProject-2@2] DEBUG c.b.testNgListeners.TestNGUtils - [populateTestDataForBSTestOps] Replaced File Name is :: AppiumPOMProject\src\test\java\GroupID\FlashObjectOptimised.java, Absolute Path :: C:\Users\Hp\Documents\IntelliJ Projects\AppiumPOMProject\.., Normalized Path :: C:\Users\Hp\Documents\IntelliJ Projects 
13:29:56.715 [C:/Users/Hp/Documents/IntelliJ Projects/AppiumPOMProject-1@1] DEBUG c.b.testNgListeners.TestNGUtils - [populateTestDataForBSTestOps] The filename fetched :: C:\Users\Hp\Documents\IntelliJ Projects\AppiumPOMProject\src\test\java\GroupID\FlashObjectOptimised.java, fileSeparator :: \, AbsolutePath :: C:\Users\Hp\Documents\IntelliJ Projects\AppiumPOMProject\., Normalized Path :: C:\Users\Hp\Documents\IntelliJ Projects\AppiumPOMProject, File.Separator :: \
13:29:56.715 [C:/Users/Hp/Documents/IntelliJ Projects/AppiumPOMProject-1@1] DEBUG c.b.testNgListeners.TestNGUtils - [populateTestDataForBSTestOps] Replaced File Name is :: AppiumPOMProject\src\test\java\GroupID\FlashObjectOptimised.java, Absolute Path :: C:\Users\Hp\Documents\IntelliJ Projects\AppiumPOMProject\.., Normalized Path :: C:\Users\Hp\Documents\IntelliJ Projects 
13:29:56.718 [C:/Users/Hp/Documents/IntelliJ Projects/AppiumPOMProject-0@0] DEBUG com.browserstack.testOps.Listener - [ TESTHUB ] Processing Request Kind TestRunStarted
13:29:56.720 [AppiumTest1@0] DEBUG c.b.testNgListeners.TestNGUtils - [populateTestDataForBSTestOps] Event Type :: HookRunFinished, Method ClassName :: testBaseUtils.WFlashBeforeEachTestAndroid 
13:29:56.720 [AppiumTest1@0] DEBUG c.browserstack.utils.UtilityMethods - [findFileMatcher] Current Path is :: C:\Users\Hp\Documents\IntelliJ Projects\AppiumPOMProject, TestClass :: testBaseUtils\WFlashBeforeEachTestAndroid
13:29:56.721 [C:/Users/Hp/Documents/IntelliJ Projects/AppiumPOMProject-2@2] DEBUG com.browserstack.testOps.Listener - [ TESTHUB ] Processing Request Kind TestRunStarted
13:29:56.721 [C:/Users/Hp/Documents/IntelliJ Projects/AppiumPOMProject-1@1] DEBUG com.browserstack.testOps.Listener - [ TESTHUB ] Processing Request Kind TestRunStarted
13:29:56.722 [AppiumTest1@2] DEBUG c.b.testNgListeners.TestNGUtils - [populateTestDataForBSTestOps] Event Type :: HookRunFinished, Method ClassName :: testBaseUtils.WFlashBeforeEachTestAndroid 
13:29:56.722 [AppiumTest1@1] DEBUG c.b.testNgListeners.TestNGUtils - [populateTestDataForBSTestOps] Event Type :: HookRunFinished, Method ClassName :: testBaseUtils.WFlashBeforeEachTestAndroid 
13:29:56.722 [AppiumTest1@2] DEBUG c.browserstack.utils.UtilityMethods - [findFileMatcher] Current Path is :: C:\Users\Hp\Documents\IntelliJ Projects\AppiumPOMProject, TestClass :: testBaseUtils\WFlashBeforeEachTestAndroid
13:29:56.722 [AppiumTest1@1] DEBUG c.browserstack.utils.UtilityMethods - [findFileMatcher] Current Path is :: C:\Users\Hp\Documents\IntelliJ Projects\AppiumPOMProject, TestClass :: testBaseUtils\WFlashBeforeEachTestAndroid
13:29:56.736 [AppiumTest1@0] DEBUG c.b.testNgListeners.TestNGUtils - [populateTestDataForBSTestOps] The filename fetched :: C:\Users\Hp\Documents\IntelliJ Projects\AppiumPOMProject\src\test\java\testBaseUtils\WFlashBeforeEachTestAndroid.java, fileSeparator :: \, AbsolutePath :: C:\Users\Hp\Documents\IntelliJ Projects\AppiumPOMProject\., Normalized Path :: C:\Users\Hp\Documents\IntelliJ Projects\AppiumPOMProject, File.Separator :: \
13:29:56.736 [AppiumTest1@0] DEBUG c.b.testNgListeners.TestNGUtils - [populateTestDataForBSTestOps] Replaced File Name is :: AppiumPOMProject\src\test\java\testBaseUtils\WFlashBeforeEachTestAndroid.java, Absolute Path :: C:\Users\Hp\Documents\IntelliJ Projects\AppiumPOMProject\.., Normalized Path :: C:\Users\Hp\Documents\IntelliJ Projects 
13:29:56.737 [AppiumTest1@0] DEBUG com.browserstack.testOps.Listener - [ TESTHUB ] Processing Request Kind HookRunFinished
13:29:56.738 [AppiumTest1@0] DEBUG c.b.testNgListeners.TestNGUtils - [populateTestDataForBSTestOps] Event Type :: TestRunSkipped, Test ClassName :: GroupID.FlashTestClass
13:29:56.738 [AppiumTest1@0] DEBUG c.browserstack.utils.UtilityMethods - [findFileMatcher] Current Path is :: C:\Users\Hp\Documents\IntelliJ Projects\AppiumPOMProject, TestClass :: GroupID\FlashObjectOptimised
13:29:56.741 [AppiumTest1@1] DEBUG c.b.testNgListeners.TestNGUtils - [populateTestDataForBSTestOps] The filename fetched :: C:\Users\Hp\Documents\IntelliJ Projects\AppiumPOMProject\src\test\java\testBaseUtils\WFlashBeforeEachTestAndroid.java, fileSeparator :: \, AbsolutePath :: C:\Users\Hp\Documents\IntelliJ Projects\AppiumPOMProject\., Normalized Path :: C:\Users\Hp\Documents\IntelliJ Projects\AppiumPOMProject, File.Separator :: \
13:29:56.741 [AppiumTest1@2] DEBUG c.b.testNgListeners.TestNGUtils - [populateTestDataForBSTestOps] The filename fetched :: C:\Users\Hp\Documents\IntelliJ Projects\AppiumPOMProject\src\test\java\testBaseUtils\WFlashBeforeEachTestAndroid.java, fileSeparator :: \, AbsolutePath :: C:\Users\Hp\Documents\IntelliJ Projects\AppiumPOMProject\., Normalized Path :: C:\Users\Hp\Documents\IntelliJ Projects\AppiumPOMProject, File.Separator :: \
13:29:56.741 [AppiumTest1@1] DEBUG c.b.testNgListeners.TestNGUtils - [populateTestDataForBSTestOps] Replaced File Name is :: AppiumPOMProject\src\test\java\testBaseUtils\WFlashBeforeEachTestAndroid.java, Absolute Path :: C:\Users\Hp\Documents\IntelliJ Projects\AppiumPOMProject\.., Normalized Path :: C:\Users\Hp\Documents\IntelliJ Projects 
13:29:56.742 [AppiumTest1@2] DEBUG c.b.testNgListeners.TestNGUtils - [populateTestDataForBSTestOps] Replaced File Name is :: AppiumPOMProject\src\test\java\testBaseUtils\WFlashBeforeEachTestAndroid.java, Absolute Path :: C:\Users\Hp\Documents\IntelliJ Projects\AppiumPOMProject\.., Normalized Path :: C:\Users\Hp\Documents\IntelliJ Projects 
13:29:56.742 [AppiumTest1@2] DEBUG com.browserstack.testOps.Listener - [ TESTHUB ] Processing Request Kind HookRunFinished
13:29:56.742 [AppiumTest1@1] DEBUG com.browserstack.testOps.Listener - [ TESTHUB ] Processing Request Kind HookRunFinished
13:29:56.743 [AppiumTest1@2] DEBUG c.b.testNgListeners.TestNGUtils - [populateTestDataForBSTestOps] Event Type :: TestRunSkipped, Test ClassName :: GroupID.FlashTestClass
13:29:56.743 [AppiumTest1@1] DEBUG c.b.testNgListeners.TestNGUtils - [populateTestDataForBSTestOps] Event Type :: TestRunSkipped, Test ClassName :: GroupID.FlashTestClass
13:29:56.743 [AppiumTest1@1] DEBUG c.browserstack.utils.UtilityMethods - [findFileMatcher] Current Path is :: C:\Users\Hp\Documents\IntelliJ Projects\AppiumPOMProject, TestClass :: GroupID\FlashObjectOptimised
13:29:56.743 [AppiumTest1@2] DEBUG c.browserstack.utils.UtilityMethods - [findFileMatcher] Current Path is :: C:\Users\Hp\Documents\IntelliJ Projects\AppiumPOMProject, TestClass :: GroupID\FlashObjectOptimised
13:29:56.751 [AppiumTest1@0] DEBUG c.b.testNgListeners.TestNGUtils - [populateTestDataForBSTestOps] The filename fetched :: C:\Users\Hp\Documents\IntelliJ Projects\AppiumPOMProject\src\test\java\GroupID\FlashObjectOptimised.java, fileSeparator :: \, AbsolutePath :: C:\Users\Hp\Documents\IntelliJ Projects\AppiumPOMProject\., Normalized Path :: C:\Users\Hp\Documents\IntelliJ Projects\AppiumPOMProject, File.Separator :: \
13:29:56.751 [AppiumTest1@0] DEBUG c.b.testNgListeners.TestNGUtils - [populateTestDataForBSTestOps] Replaced File Name is :: AppiumPOMProject\src\test\java\GroupID\FlashObjectOptimised.java, Absolute Path :: C:\Users\Hp\Documents\IntelliJ Projects\AppiumPOMProject\.., Normalized Path :: C:\Users\Hp\Documents\IntelliJ Projects 
13:29:56.756 [AppiumTest1@0] DEBUG com.browserstack.testOps.Listener - [ TESTHUB ] Processing Request Kind TestRunFinished
13:29:56.756 [AppiumTest1@0] DEBUG c.browserstack.utils.LogReportingAPI - sendSync failed - driver not found
13:29:56.757 [AppiumTest1@1] DEBUG c.b.testNgListeners.TestNGUtils - [populateTestDataForBSTestOps] The filename fetched :: C:\Users\Hp\Documents\IntelliJ Projects\AppiumPOMProject\src\test\java\GroupID\FlashObjectOptimised.java, fileSeparator :: \, AbsolutePath :: C:\Users\Hp\Documents\IntelliJ Projects\AppiumPOMProject\., Normalized Path :: C:\Users\Hp\Documents\IntelliJ Projects\AppiumPOMProject, File.Separator :: \
13:29:56.757 [AppiumTest1@1] DEBUG c.b.testNgListeners.TestNGUtils - [populateTestDataForBSTestOps] Replaced File Name is :: AppiumPOMProject\src\test\java\GroupID\FlashObjectOptimised.java, Absolute Path :: C:\Users\Hp\Documents\IntelliJ Projects\AppiumPOMProject\.., Normalized Path :: C:\Users\Hp\Documents\IntelliJ Projects 
13:29:56.758 [AppiumTest1@2] DEBUG c.b.testNgListeners.TestNGUtils - [populateTestDataForBSTestOps] The filename fetched :: C:\Users\Hp\Documents\IntelliJ Projects\AppiumPOMProject\src\test\java\GroupID\FlashObjectOptimised.java, fileSeparator :: \, AbsolutePath :: C:\Users\Hp\Documents\IntelliJ Projects\AppiumPOMProject\., Normalized Path :: C:\Users\Hp\Documents\IntelliJ Projects\AppiumPOMProject, File.Separator :: \
13:29:56.758 [AppiumTest1@2] DEBUG c.b.testNgListeners.TestNGUtils - [populateTestDataForBSTestOps] Replaced File Name is :: AppiumPOMProject\src\test\java\GroupID\FlashObjectOptimised.java, Absolute Path :: C:\Users\Hp\Documents\IntelliJ Projects\AppiumPOMProject\.., Normalized Path :: C:\Users\Hp\Documents\IntelliJ Projects 
13:29:56.759 [C:/Users/Hp/Documents/IntelliJ Projects/AppiumPOMProject-0@0] DEBUG c.b.testNgListeners.TestNGUtils - [populateTestDataForBSTestOps] Event Type :: TestRunStarted, Test ClassName :: GroupID.FlashTestClass
13:29:56.759 [C:/Users/Hp/Documents/IntelliJ Projects/AppiumPOMProject-0@0] DEBUG c.browserstack.utils.UtilityMethods - [findFileMatcher] Current Path is :: C:\Users\Hp\Documents\IntelliJ Projects\AppiumPOMProject, TestClass :: GroupID\FlashObjectOptimised
13:29:56.762 [AppiumTest1@1] DEBUG com.browserstack.testOps.Listener - [ TESTHUB ] Processing Request Kind TestRunFinished
13:29:56.762 [AppiumTest1@1] DEBUG c.browserstack.utils.LogReportingAPI - sendSync failed - driver not found
13:29:56.764 [AppiumTest1@2] DEBUG com.browserstack.testOps.Listener - [ TESTHUB ] Processing Request Kind TestRunFinished
13:29:56.764 [AppiumTest1@2] DEBUG c.browserstack.utils.LogReportingAPI - sendSync failed - driver not found
13:29:56.766 [C:/Users/Hp/Documents/IntelliJ Projects/AppiumPOMProject-1@1] DEBUG c.b.testNgListeners.TestNGUtils - [populateTestDataForBSTestOps] Event Type :: TestRunStarted, Test ClassName :: GroupID.FlashTestClass
13:29:56.767 [C:/Users/Hp/Documents/IntelliJ Projects/AppiumPOMProject-1@1] DEBUG c.browserstack.utils.UtilityMethods - [findFileMatcher] Current Path is :: C:\Users\Hp\Documents\IntelliJ Projects\AppiumPOMProject, TestClass :: GroupID\FlashObjectOptimised
13:29:56.768 [C:/Users/Hp/Documents/IntelliJ Projects/AppiumPOMProject-2@2] DEBUG c.b.testNgListeners.TestNGUtils - [populateTestDataForBSTestOps] Event Type :: TestRunStarted, Test ClassName :: GroupID.FlashTestClass
13:29:56.768 [C:/Users/Hp/Documents/IntelliJ Projects/AppiumPOMProject-2@2] DEBUG c.browserstack.utils.UtilityMethods - [findFileMatcher] Current Path is :: C:\Users\Hp\Documents\IntelliJ Projects\AppiumPOMProject, TestClass :: GroupID\FlashObjectOptimised
13:29:56.776 [C:/Users/Hp/Documents/IntelliJ Projects/AppiumPOMProject-0@0] DEBUG c.b.testNgListeners.TestNGUtils - [populateTestDataForBSTestOps] The filename fetched :: C:\Users\Hp\Documents\IntelliJ Projects\AppiumPOMProject\src\test\java\GroupID\FlashObjectOptimised.java, fileSeparator :: \, AbsolutePath :: C:\Users\Hp\Documents\IntelliJ Projects\AppiumPOMProject\., Normalized Path :: C:\Users\Hp\Documents\IntelliJ Projects\AppiumPOMProject, File.Separator :: \
13:29:56.776 [C:/Users/Hp/Documents/IntelliJ Projects/AppiumPOMProject-0@0] DEBUG c.b.testNgListeners.TestNGUtils - [populateTestDataForBSTestOps] Replaced File Name is :: AppiumPOMProject\src\test\java\GroupID\FlashObjectOptimised.java, Absolute Path :: C:\Users\Hp\Documents\IntelliJ Projects\AppiumPOMProject\.., Normalized Path :: C:\Users\Hp\Documents\IntelliJ Projects 
13:29:56.781 [C:/Users/Hp/Documents/IntelliJ Projects/AppiumPOMProject-1@1] DEBUG c.b.testNgListeners.TestNGUtils - [populateTestDataForBSTestOps] The filename fetched :: C:\Users\Hp\Documents\IntelliJ Projects\AppiumPOMProject\src\test\java\GroupID\FlashObjectOptimised.java, fileSeparator :: \, AbsolutePath :: C:\Users\Hp\Documents\IntelliJ Projects\AppiumPOMProject\., Normalized Path :: C:\Users\Hp\Documents\IntelliJ Projects\AppiumPOMProject, File.Separator :: \
13:29:56.781 [C:/Users/Hp/Documents/IntelliJ Projects/AppiumPOMProject-1@1] DEBUG c.b.testNgListeners.TestNGUtils - [populateTestDataForBSTestOps] Replaced File Name is :: AppiumPOMProject\src\test\java\GroupID\FlashObjectOptimised.java, Absolute Path :: C:\Users\Hp\Documents\IntelliJ Projects\AppiumPOMProject\.., Normalized Path :: C:\Users\Hp\Documents\IntelliJ Projects 
13:29:56.781 [C:/Users/Hp/Documents/IntelliJ Projects/AppiumPOMProject-0@0] DEBUG com.browserstack.testOps.Listener - [ TESTHUB ] Processing Request Kind TestRunStarted
13:29:56.782 [AppiumTest1@0] DEBUG c.b.testNgListeners.TestNGUtils - [populateTestDataForBSTestOps] Event Type :: TestRunSkipped, Test ClassName :: GroupID.FlashTestClass
13:29:56.783 [AppiumTest1@0] DEBUG c.browserstack.utils.UtilityMethods - [findFileMatcher] Current Path is :: C:\Users\Hp\Documents\IntelliJ Projects\AppiumPOMProject, TestClass :: GroupID\FlashObjectOptimised
13:29:56.783 [C:/Users/Hp/Documents/IntelliJ Projects/AppiumPOMProject-2@2] DEBUG c.b.testNgListeners.TestNGUtils - [populateTestDataForBSTestOps] The filename fetched :: C:\Users\Hp\Documents\IntelliJ Projects\AppiumPOMProject\src\test\java\GroupID\FlashObjectOptimised.java, fileSeparator :: \, AbsolutePath :: C:\Users\Hp\Documents\IntelliJ Projects\AppiumPOMProject\., Normalized Path :: C:\Users\Hp\Documents\IntelliJ Projects\AppiumPOMProject, File.Separator :: \
13:29:56.784 [C:/Users/Hp/Documents/IntelliJ Projects/AppiumPOMProject-2@2] DEBUG c.b.testNgListeners.TestNGUtils - [populateTestDataForBSTestOps] Replaced File Name is :: AppiumPOMProject\src\test\java\GroupID\FlashObjectOptimised.java, Absolute Path :: C:\Users\Hp\Documents\IntelliJ Projects\AppiumPOMProject\.., Normalized Path :: C:\Users\Hp\Documents\IntelliJ Projects 
13:29:56.786 [C:/Users/Hp/Documents/IntelliJ Projects/AppiumPOMProject-1@1] DEBUG com.browserstack.testOps.Listener - [ TESTHUB ] Processing Request Kind TestRunStarted
13:29:56.787 [AppiumTest1@1] DEBUG c.b.testNgListeners.TestNGUtils - [populateTestDataForBSTestOps] Event Type :: TestRunSkipped, Test ClassName :: GroupID.FlashTestClass
13:29:56.787 [AppiumTest1@1] DEBUG c.browserstack.utils.UtilityMethods - [findFileMatcher] Current Path is :: C:\Users\Hp\Documents\IntelliJ Projects\AppiumPOMProject, TestClass :: GroupID\FlashObjectOptimised
13:29:56.788 [C:/Users/Hp/Documents/IntelliJ Projects/AppiumPOMProject-2@2] DEBUG com.browserstack.testOps.Listener - [ TESTHUB ] Processing Request Kind TestRunStarted
13:29:56.789 [AppiumTest1@2] DEBUG c.b.testNgListeners.TestNGUtils - [populateTestDataForBSTestOps] Event Type :: TestRunSkipped, Test ClassName :: GroupID.FlashTestClass
13:29:56.789 [AppiumTest1@2] DEBUG c.browserstack.utils.UtilityMethods - [findFileMatcher] Current Path is :: C:\Users\Hp\Documents\IntelliJ Projects\AppiumPOMProject, TestClass :: GroupID\FlashObjectOptimised
13:29:56.796 [AppiumTest1@0] DEBUG c.b.testNgListeners.TestNGUtils - [populateTestDataForBSTestOps] The filename fetched :: C:\Users\Hp\Documents\IntelliJ Projects\AppiumPOMProject\src\test\java\GroupID\FlashObjectOptimised.java, fileSeparator :: \, AbsolutePath :: C:\Users\Hp\Documents\IntelliJ Projects\AppiumPOMProject\., Normalized Path :: C:\Users\Hp\Documents\IntelliJ Projects\AppiumPOMProject, File.Separator :: \
13:29:56.796 [AppiumTest1@0] DEBUG c.b.testNgListeners.TestNGUtils - [populateTestDataForBSTestOps] Replaced File Name is :: AppiumPOMProject\src\test\java\GroupID\FlashObjectOptimised.java, Absolute Path :: C:\Users\Hp\Documents\IntelliJ Projects\AppiumPOMProject\.., Normalized Path :: C:\Users\Hp\Documents\IntelliJ Projects 
13:29:56.802 [AppiumTest1@0] DEBUG com.browserstack.testOps.Listener - [ TESTHUB ] Processing Request Kind TestRunFinished
13:29:56.802 [AppiumTest1@0] DEBUG c.browserstack.utils.LogReportingAPI - sendSync failed - driver not found
13:29:56.802 [AppiumTest1@1] DEBUG c.b.testNgListeners.TestNGUtils - [populateTestDataForBSTestOps] The filename fetched :: C:\Users\Hp\Documents\IntelliJ Projects\AppiumPOMProject\src\test\java\GroupID\FlashObjectOptimised.java, fileSeparator :: \, AbsolutePath :: C:\Users\Hp\Documents\IntelliJ Projects\AppiumPOMProject\., Normalized Path :: C:\Users\Hp\Documents\IntelliJ Projects\AppiumPOMProject, File.Separator :: \
13:29:56.802 [AppiumTest1@1] DEBUG c.b.testNgListeners.TestNGUtils - [populateTestDataForBSTestOps] Replaced File Name is :: AppiumPOMProject\src\test\java\GroupID\FlashObjectOptimised.java, Absolute Path :: C:\Users\Hp\Documents\IntelliJ Projects\AppiumPOMProject\.., Normalized Path :: C:\Users\Hp\Documents\IntelliJ Projects 
13:29:56.805 [AppiumTest1@2] DEBUG c.b.testNgListeners.TestNGUtils - [populateTestDataForBSTestOps] The filename fetched :: C:\Users\Hp\Documents\IntelliJ Projects\AppiumPOMProject\src\test\java\GroupID\FlashObjectOptimised.java, fileSeparator :: \, AbsolutePath :: C:\Users\Hp\Documents\IntelliJ Projects\AppiumPOMProject\., Normalized Path :: C:\Users\Hp\Documents\IntelliJ Projects\AppiumPOMProject, File.Separator :: \
13:29:56.805 [AppiumTest1@2] DEBUG c.b.testNgListeners.TestNGUtils - [populateTestDataForBSTestOps] Replaced File Name is :: AppiumPOMProject\src\test\java\GroupID\FlashObjectOptimised.java, Absolute Path :: C:\Users\Hp\Documents\IntelliJ Projects\AppiumPOMProject\.., Normalized Path :: C:\Users\Hp\Documents\IntelliJ Projects 
13:29:56.805 [C:/Users/Hp/Documents/IntelliJ Projects/AppiumPOMProject-0@0] DEBUG c.b.testNgListeners.TestNGUtils - [populateTestDataForBSTestOps] Event Type :: TestRunStarted, Test ClassName :: GroupID.FlashTestClass
13:29:56.805 [C:/Users/Hp/Documents/IntelliJ Projects/AppiumPOMProject-0@0] DEBUG c.browserstack.utils.UtilityMethods - [findFileMatcher] Current Path is :: C:\Users\Hp\Documents\IntelliJ Projects\AppiumPOMProject, TestClass :: GroupID\FlashObjectOptimised
13:29:56.807 [AppiumTest1@1] DEBUG com.browserstack.testOps.Listener - [ TESTHUB ] Processing Request Kind TestRunFinished
13:29:56.807 [AppiumTest1@1] DEBUG c.browserstack.utils.LogReportingAPI - sendSync failed - driver not found
13:29:56.810 [AppiumTest1@2] DEBUG com.browserstack.testOps.Listener - [ TESTHUB ] Processing Request Kind TestRunFinished
13:29:56.810 [AppiumTest1@2] DEBUG c.browserstack.utils.LogReportingAPI - sendSync failed - driver not found
13:29:56.811 [C:/Users/Hp/Documents/IntelliJ Projects/AppiumPOMProject-1@1] DEBUG c.b.testNgListeners.TestNGUtils - [populateTestDataForBSTestOps] Event Type :: TestRunStarted, Test ClassName :: GroupID.FlashTestClass
13:29:56.811 [C:/Users/Hp/Documents/IntelliJ Projects/AppiumPOMProject-1@1] DEBUG c.browserstack.utils.UtilityMethods - [findFileMatcher] Current Path is :: C:\Users\Hp\Documents\IntelliJ Projects\AppiumPOMProject, TestClass :: GroupID\FlashObjectOptimised
13:29:56.813 [C:/Users/Hp/Documents/IntelliJ Projects/AppiumPOMProject-2@2] DEBUG c.b.testNgListeners.TestNGUtils - [populateTestDataForBSTestOps] Event Type :: TestRunStarted, Test ClassName :: GroupID.FlashTestClass
13:29:56.814 [C:/Users/Hp/Documents/IntelliJ Projects/AppiumPOMProject-2@2] DEBUG c.browserstack.utils.UtilityMethods - [findFileMatcher] Current Path is :: C:\Users\Hp\Documents\IntelliJ Projects\AppiumPOMProject, TestClass :: GroupID\FlashObjectOptimised
13:29:56.820 [C:/Users/Hp/Documents/IntelliJ Projects/AppiumPOMProject-0@0] DEBUG c.b.testNgListeners.TestNGUtils - [populateTestDataForBSTestOps] The filename fetched :: C:\Users\Hp\Documents\IntelliJ Projects\AppiumPOMProject\src\test\java\GroupID\FlashObjectOptimised.java, fileSeparator :: \, AbsolutePath :: C:\Users\Hp\Documents\IntelliJ Projects\AppiumPOMProject\., Normalized Path :: C:\Users\Hp\Documents\IntelliJ Projects\AppiumPOMProject, File.Separator :: \
13:29:56.820 [C:/Users/Hp/Documents/IntelliJ Projects/AppiumPOMProject-0@0] DEBUG c.b.testNgListeners.TestNGUtils - [populateTestDataForBSTestOps] Replaced File Name is :: AppiumPOMProject\src\test\java\GroupID\FlashObjectOptimised.java, Absolute Path :: C:\Users\Hp\Documents\IntelliJ Projects\AppiumPOMProject\.., Normalized Path :: C:\Users\Hp\Documents\IntelliJ Projects 
13:29:56.825 [C:/Users/Hp/Documents/IntelliJ Projects/AppiumPOMProject-0@0] DEBUG com.browserstack.testOps.Listener - [ TESTHUB ] Processing Request Kind TestRunStarted
13:29:56.826 [AppiumTest1@0] DEBUG c.b.testNgListeners.TestNGUtils - [populateTestDataForBSTestOps] Event Type :: TestRunSkipped, Test ClassName :: GroupID.FlashTestClass
13:29:56.826 [AppiumTest1@0] DEBUG c.browserstack.utils.UtilityMethods - [findFileMatcher] Current Path is :: C:\Users\Hp\Documents\IntelliJ Projects\AppiumPOMProject, TestClass :: GroupID\FlashObjectOptimised
13:29:56.827 [C:/Users/Hp/Documents/IntelliJ Projects/AppiumPOMProject-1@1] DEBUG c.b.testNgListeners.TestNGUtils - [populateTestDataForBSTestOps] The filename fetched :: C:\Users\Hp\Documents\IntelliJ Projects\AppiumPOMProject\src\test\java\GroupID\FlashObjectOptimised.java, fileSeparator :: \, AbsolutePath :: C:\Users\Hp\Documents\IntelliJ Projects\AppiumPOMProject\., Normalized Path :: C:\Users\Hp\Documents\IntelliJ Projects\AppiumPOMProject, File.Separator :: \
13:29:56.827 [C:/Users/Hp/Documents/IntelliJ Projects/AppiumPOMProject-1@1] DEBUG c.b.testNgListeners.TestNGUtils - [populateTestDataForBSTestOps] Replaced File Name is :: AppiumPOMProject\src\test\java\GroupID\FlashObjectOptimised.java, Absolute Path :: C:\Users\Hp\Documents\IntelliJ Projects\AppiumPOMProject\.., Normalized Path :: C:\Users\Hp\Documents\IntelliJ Projects 
13:29:56.828 [C:/Users/Hp/Documents/IntelliJ Projects/AppiumPOMProject-2@2] DEBUG c.b.testNgListeners.TestNGUtils - [populateTestDataForBSTestOps] The filename fetched :: C:\Users\Hp\Documents\IntelliJ Projects\AppiumPOMProject\src\test\java\GroupID\FlashObjectOptimised.java, fileSeparator :: \, AbsolutePath :: C:\Users\Hp\Documents\IntelliJ Projects\AppiumPOMProject\., Normalized Path :: C:\Users\Hp\Documents\IntelliJ Projects\AppiumPOMProject, File.Separator :: \
13:29:56.829 [C:/Users/Hp/Documents/IntelliJ Projects/AppiumPOMProject-2@2] DEBUG c.b.testNgListeners.TestNGUtils - [populateTestDataForBSTestOps] Replaced File Name is :: AppiumPOMProject\src\test\java\GroupID\FlashObjectOptimised.java, Absolute Path :: C:\Users\Hp\Documents\IntelliJ Projects\AppiumPOMProject\.., Normalized Path :: C:\Users\Hp\Documents\IntelliJ Projects 
13:29:56.831 [C:/Users/Hp/Documents/IntelliJ Projects/AppiumPOMProject-1@1] DEBUG com.browserstack.testOps.Listener - [ TESTHUB ] Processing Request Kind TestRunStarted
13:29:56.832 [AppiumTest1@1] DEBUG c.b.testNgListeners.TestNGUtils - [populateTestDataForBSTestOps] Event Type :: TestRunSkipped, Test ClassName :: GroupID.FlashTestClass
13:29:56.832 [AppiumTest1@1] DEBUG c.browserstack.utils.UtilityMethods - [findFileMatcher] Current Path is :: C:\Users\Hp\Documents\IntelliJ Projects\AppiumPOMProject, TestClass :: GroupID\FlashObjectOptimised
13:29:56.832 [C:/Users/Hp/Documents/IntelliJ Projects/AppiumPOMProject-2@2] DEBUG com.browserstack.testOps.Listener - [ TESTHUB ] Processing Request Kind TestRunStarted
13:29:56.833 [AppiumTest1@2] DEBUG c.b.testNgListeners.TestNGUtils - [populateTestDataForBSTestOps] Event Type :: TestRunSkipped, Test ClassName :: GroupID.FlashTestClass
13:29:56.833 [AppiumTest1@2] DEBUG c.browserstack.utils.UtilityMethods - [findFileMatcher] Current Path is :: C:\Users\Hp\Documents\IntelliJ Projects\AppiumPOMProject, TestClass :: GroupID\FlashObjectOptimised
13:29:56.840 [AppiumTest1@0] DEBUG c.b.testNgListeners.TestNGUtils - [populateTestDataForBSTestOps] The filename fetched :: C:\Users\Hp\Documents\IntelliJ Projects\AppiumPOMProject\src\test\java\GroupID\FlashObjectOptimised.java, fileSeparator :: \, AbsolutePath :: C:\Users\Hp\Documents\IntelliJ Projects\AppiumPOMProject\., Normalized Path :: C:\Users\Hp\Documents\IntelliJ Projects\AppiumPOMProject, File.Separator :: \
13:29:56.841 [AppiumTest1@0] DEBUG c.b.testNgListeners.TestNGUtils - [populateTestDataForBSTestOps] Replaced File Name is :: AppiumPOMProject\src\test\java\GroupID\FlashObjectOptimised.java, Absolute Path :: C:\Users\Hp\Documents\IntelliJ Projects\AppiumPOMProject\.., Normalized Path :: C:\Users\Hp\Documents\IntelliJ Projects 
13:29:56.846 [AppiumTest1@0] DEBUG com.browserstack.testOps.Listener - [ TESTHUB ] Processing Request Kind TestRunFinished
13:29:56.846 [AppiumTest1@0] DEBUG c.browserstack.utils.LogReportingAPI - sendSync failed - driver not found
13:29:56.848 [AppiumTest1@1] DEBUG c.b.testNgListeners.TestNGUtils - [populateTestDataForBSTestOps] The filename fetched :: C:\Users\Hp\Documents\IntelliJ Projects\AppiumPOMProject\src\test\java\GroupID\FlashObjectOptimised.java, fileSeparator :: \, AbsolutePath :: C:\Users\Hp\Documents\IntelliJ Projects\AppiumPOMProject\., Normalized Path :: C:\Users\Hp\Documents\IntelliJ Projects\AppiumPOMProject, File.Separator :: \
13:29:56.848 [AppiumTest1@1] DEBUG c.b.testNgListeners.TestNGUtils - [populateTestDataForBSTestOps] Replaced File Name is :: AppiumPOMProject\src\test\java\GroupID\FlashObjectOptimised.java, Absolute Path :: C:\Users\Hp\Documents\IntelliJ Projects\AppiumPOMProject\.., Normalized Path :: C:\Users\Hp\Documents\IntelliJ Projects 
13:29:56.848 [AppiumTest1@2] DEBUG c.b.testNgListeners.TestNGUtils - [populateTestDataForBSTestOps] The filename fetched :: C:\Users\Hp\Documents\IntelliJ Projects\AppiumPOMProject\src\test\java\GroupID\FlashObjectOptimised.java, fileSeparator :: \, AbsolutePath :: C:\Users\Hp\Documents\IntelliJ Projects\AppiumPOMProject\., Normalized Path :: C:\Users\Hp\Documents\IntelliJ Projects\AppiumPOMProject, File.Separator :: \
13:29:56.849 [AppiumTest1@2] DEBUG c.b.testNgListeners.TestNGUtils - [populateTestDataForBSTestOps] Replaced File Name is :: AppiumPOMProject\src\test\java\GroupID\FlashObjectOptimised.java, Absolute Path :: C:\Users\Hp\Documents\IntelliJ Projects\AppiumPOMProject\.., Normalized Path :: C:\Users\Hp\Documents\IntelliJ Projects 
13:29:56.849 [C:/Users/Hp/Documents/IntelliJ Projects/AppiumPOMProject-0@0] DEBUG c.b.testNgListeners.TestNGUtils - [populateTestDataForBSTestOps] Event Type :: TestRunStarted, Test ClassName :: GroupID.FlashTestClass
13:29:56.849 [C:/Users/Hp/Documents/IntelliJ Projects/AppiumPOMProject-0@0] DEBUG c.browserstack.utils.UtilityMethods - [findFileMatcher] Current Path is :: C:\Users\Hp\Documents\IntelliJ Projects\AppiumPOMProject, TestClass :: GroupID\FlashObjectOptimised
13:29:56.853 [AppiumTest1@1] DEBUG com.browserstack.testOps.Listener - [ TESTHUB ] Processing Request Kind TestRunFinished
13:29:56.853 [AppiumTest1@1] DEBUG c.browserstack.utils.LogReportingAPI - sendSync failed - driver not found
13:29:56.853 [AppiumTest1@2] DEBUG com.browserstack.testOps.Listener - [ TESTHUB ] Processing Request Kind TestRunFinished
13:29:56.853 [AppiumTest1@2] DEBUG c.browserstack.utils.LogReportingAPI - sendSync failed - driver not found
13:29:56.857 [C:/Users/Hp/Documents/IntelliJ Projects/AppiumPOMProject-2@2] DEBUG c.b.testNgListeners.TestNGUtils - [populateTestDataForBSTestOps] Event Type :: TestRunStarted, Test ClassName :: GroupID.FlashTestClass
13:29:56.857 [C:/Users/Hp/Documents/IntelliJ Projects/AppiumPOMProject-1@1] DEBUG c.b.testNgListeners.TestNGUtils - [populateTestDataForBSTestOps] Event Type :: TestRunStarted, Test ClassName :: GroupID.FlashTestClass
13:29:56.857 [C:/Users/Hp/Documents/IntelliJ Projects/AppiumPOMProject-2@2] DEBUG c.browserstack.utils.UtilityMethods - [findFileMatcher] Current Path is :: C:\Users\Hp\Documents\IntelliJ Projects\AppiumPOMProject, TestClass :: GroupID\FlashObjectOptimised
13:29:56.857 [C:/Users/Hp/Documents/IntelliJ Projects/AppiumPOMProject-1@1] DEBUG c.browserstack.utils.UtilityMethods - [findFileMatcher] Current Path is :: C:\Users\Hp\Documents\IntelliJ Projects\AppiumPOMProject, TestClass :: GroupID\FlashObjectOptimised
13:29:56.864 [C:/Users/Hp/Documents/IntelliJ Projects/AppiumPOMProject-0@0] DEBUG c.b.testNgListeners.TestNGUtils - [populateTestDataForBSTestOps] The filename fetched :: C:\Users\Hp\Documents\IntelliJ Projects\AppiumPOMProject\src\test\java\GroupID\FlashObjectOptimised.java, fileSeparator :: \, AbsolutePath :: C:\Users\Hp\Documents\IntelliJ Projects\AppiumPOMProject\., Normalized Path :: C:\Users\Hp\Documents\IntelliJ Projects\AppiumPOMProject, File.Separator :: \
13:29:56.864 [C:/Users/Hp/Documents/IntelliJ Projects/AppiumPOMProject-0@0] DEBUG c.b.testNgListeners.TestNGUtils - [populateTestDataForBSTestOps] Replaced File Name is :: AppiumPOMProject\src\test\java\GroupID\FlashObjectOptimised.java, Absolute Path :: C:\Users\Hp\Documents\IntelliJ Projects\AppiumPOMProject\.., Normalized Path :: C:\Users\Hp\Documents\IntelliJ Projects 
13:29:56.867 [C:/Users/Hp/Documents/IntelliJ Projects/AppiumPOMProject-0@0] DEBUG com.browserstack.testOps.Listener - [ TESTHUB ] Processing Request Kind TestRunStarted
13:29:56.868 [AppiumTest1@0] DEBUG c.b.testNgListeners.TestNGUtils - [populateTestDataForBSTestOps] Event Type :: TestRunSkipped, Test ClassName :: GroupID.FlashTestClass
13:29:56.868 [AppiumTest1@0] DEBUG c.browserstack.utils.UtilityMethods - [findFileMatcher] Current Path is :: C:\Users\Hp\Documents\IntelliJ Projects\AppiumPOMProject, TestClass :: GroupID\FlashObjectOptimised
13:29:56.870 [C:/Users/Hp/Documents/IntelliJ Projects/AppiumPOMProject-2@2] DEBUG c.b.testNgListeners.TestNGUtils - [populateTestDataForBSTestOps] The filename fetched :: C:\Users\Hp\Documents\IntelliJ Projects\AppiumPOMProject\src\test\java\GroupID\FlashObjectOptimised.java, fileSeparator :: \, AbsolutePath :: C:\Users\Hp\Documents\IntelliJ Projects\AppiumPOMProject\., Normalized Path :: C:\Users\Hp\Documents\IntelliJ Projects\AppiumPOMProject, File.Separator :: \
13:29:56.870 [C:/Users/Hp/Documents/IntelliJ Projects/AppiumPOMProject-2@2] DEBUG c.b.testNgListeners.TestNGUtils - [populateTestDataForBSTestOps] Replaced File Name is :: AppiumPOMProject\src\test\java\GroupID\FlashObjectOptimised.java, Absolute Path :: C:\Users\Hp\Documents\IntelliJ Projects\AppiumPOMProject\.., Normalized Path :: C:\Users\Hp\Documents\IntelliJ Projects 
13:29:56.871 [C:/Users/Hp/Documents/IntelliJ Projects/AppiumPOMProject-1@1] DEBUG c.b.testNgListeners.TestNGUtils - [populateTestDataForBSTestOps] The filename fetched :: C:\Users\Hp\Documents\IntelliJ Projects\AppiumPOMProject\src\test\java\GroupID\FlashObjectOptimised.java, fileSeparator :: \, AbsolutePath :: C:\Users\Hp\Documents\IntelliJ Projects\AppiumPOMProject\., Normalized Path :: C:\Users\Hp\Documents\IntelliJ Projects\AppiumPOMProject, File.Separator :: \
13:29:56.871 [C:/Users/Hp/Documents/IntelliJ Projects/AppiumPOMProject-1@1] DEBUG c.b.testNgListeners.TestNGUtils - [populateTestDataForBSTestOps] Replaced File Name is :: AppiumPOMProject\src\test\java\GroupID\FlashObjectOptimised.java, Absolute Path :: C:\Users\Hp\Documents\IntelliJ Projects\AppiumPOMProject\.., Normalized Path :: C:\Users\Hp\Documents\IntelliJ Projects 
13:29:56.874 [C:/Users/Hp/Documents/IntelliJ Projects/AppiumPOMProject-2@2] DEBUG com.browserstack.testOps.Listener - [ TESTHUB ] Processing Request Kind TestRunStarted
13:29:56.874 [C:/Users/Hp/Documents/IntelliJ Projects/AppiumPOMProject-1@1] DEBUG com.browserstack.testOps.Listener - [ TESTHUB ] Processing Request Kind TestRunStarted
13:29:56.874 [AppiumTest1@2] DEBUG c.b.testNgListeners.TestNGUtils - [populateTestDataForBSTestOps] Event Type :: TestRunSkipped, Test ClassName :: GroupID.FlashTestClass
13:29:56.874 [AppiumTest1@2] DEBUG c.browserstack.utils.UtilityMethods - [findFileMatcher] Current Path is :: C:\Users\Hp\Documents\IntelliJ Projects\AppiumPOMProject, TestClass :: GroupID\FlashObjectOptimised
13:29:56.874 [AppiumTest1@1] DEBUG c.b.testNgListeners.TestNGUtils - [populateTestDataForBSTestOps] Event Type :: TestRunSkipped, Test ClassName :: GroupID.FlashTestClass
13:29:56.874 [AppiumTest1@1] DEBUG c.browserstack.utils.UtilityMethods - [findFileMatcher] Current Path is :: C:\Users\Hp\Documents\IntelliJ Projects\AppiumPOMProject, TestClass :: GroupID\FlashObjectOptimised
13:29:56.882 [AppiumTest1@0] DEBUG c.b.testNgListeners.TestNGUtils - [populateTestDataForBSTestOps] The filename fetched :: C:\Users\Hp\Documents\IntelliJ Projects\AppiumPOMProject\src\test\java\GroupID\FlashObjectOptimised.java, fileSeparator :: \, AbsolutePath :: C:\Users\Hp\Documents\IntelliJ Projects\AppiumPOMProject\., Normalized Path :: C:\Users\Hp\Documents\IntelliJ Projects\AppiumPOMProject, File.Separator :: \
13:29:56.882 [AppiumTest1@0] DEBUG c.b.testNgListeners.TestNGUtils - [populateTestDataForBSTestOps] Replaced File Name is :: AppiumPOMProject\src\test\java\GroupID\FlashObjectOptimised.java, Absolute Path :: C:\Users\Hp\Documents\IntelliJ Projects\AppiumPOMProject\.., Normalized Path :: C:\Users\Hp\Documents\IntelliJ Projects 
13:29:56.887 [AppiumTest1@0] DEBUG com.browserstack.testOps.Listener - [ TESTHUB ] Processing Request Kind TestRunFinished
13:29:56.888 [AppiumTest1@0] DEBUG c.browserstack.utils.LogReportingAPI - sendSync failed - driver not found
13:29:56.891 [AppiumTest1@1] DEBUG c.b.testNgListeners.TestNGUtils - [populateTestDataForBSTestOps] The filename fetched :: C:\Users\Hp\Documents\IntelliJ Projects\AppiumPOMProject\src\test\java\GroupID\FlashObjectOptimised.java, fileSeparator :: \, AbsolutePath :: C:\Users\Hp\Documents\IntelliJ Projects\AppiumPOMProject\., Normalized Path :: C:\Users\Hp\Documents\IntelliJ Projects\AppiumPOMProject, File.Separator :: \
13:29:56.891 [AppiumTest1@1] DEBUG c.b.testNgListeners.TestNGUtils - [populateTestDataForBSTestOps] Replaced File Name is :: AppiumPOMProject\src\test\java\GroupID\FlashObjectOptimised.java, Absolute Path :: C:\Users\Hp\Documents\IntelliJ Projects\AppiumPOMProject\.., Normalized Path :: C:\Users\Hp\Documents\IntelliJ Projects 
13:29:56.892 [AppiumTest1@2] DEBUG c.b.testNgListeners.TestNGUtils - [populateTestDataForBSTestOps] The filename fetched :: C:\Users\Hp\Documents\IntelliJ Projects\AppiumPOMProject\src\test\java\GroupID\FlashObjectOptimised.java, fileSeparator :: \, AbsolutePath :: C:\Users\Hp\Documents\IntelliJ Projects\AppiumPOMProject\., Normalized Path :: C:\Users\Hp\Documents\IntelliJ Projects\AppiumPOMProject, File.Separator :: \
13:29:56.892 [AppiumTest1@2] DEBUG c.b.testNgListeners.TestNGUtils - [populateTestDataForBSTestOps] Replaced File Name is :: AppiumPOMProject\src\test\java\GroupID\FlashObjectOptimised.java, Absolute Path :: C:\Users\Hp\Documents\IntelliJ Projects\AppiumPOMProject\.., Normalized Path :: C:\Users\Hp\Documents\IntelliJ Projects 
13:29:56.896 [AppiumTest1@1] DEBUG com.browserstack.testOps.Listener - [ TESTHUB ] Processing Request Kind TestRunFinished
13:29:56.896 [AppiumTest1@2] DEBUG com.browserstack.testOps.Listener - [ TESTHUB ] Processing Request Kind TestRunFinished
13:29:56.896 [AppiumTest1@1] DEBUG c.browserstack.utils.LogReportingAPI - sendSync failed - driver not found
13:29:56.896 [AppiumTest1@2] DEBUG c.browserstack.utils.LogReportingAPI - sendSync failed - driver not found
13:29:57.282 [main] DEBUG com.browserstack.testOps.Listener - [ TESTHUB ] Processing Request Kind LogCreated
13:29:57.283 [main] DEBUG com.browserstack.testOps.Listener - [ TESTHUB ] Processing Request Kind LogCreated
13:29:57.284 [Thread-0] DEBUG c.browserstack.BrowserStackJavaAgent - Starting final execution
13:29:57.284 [Thread-0] DEBUG c.b.u.ObservabilityUtilityMethods - Processing batch requests with type: Global
13:29:57.284 [Thread-0] DEBUG c.browserstack.utils.LogReportingAPI - [2024-08-06T07:59:57.284533600Z][ OBSERVABILITY ] Processing stop observability
13:29:57.285 [pool-5-thread-1] DEBUG c.browserstack.utils.RequestBatcher - Processing Batch 29

13:29:57.291 [pool-5-thread-1] DEBUG c.browserstack.testOps.RequestUtils - [requestToTestOps] Sending Observability request: POST api/v1/batch with request size 90012
13:29:57.787 [pool-5-thread-1] DEBUG c.browserstack.testOps.RequestUtils - requestToTestOps: Response code: 200
13:29:57.788 [pool-5-thread-1] DEBUG c.browserstack.utils.LogReportingAPI - 
[2024-08-06T07:59:57.788192600Z][ TESTHUB ] Batch event successfull!

13:29:57.789 [Thread-0] DEBUG c.browserstack.testOps.RequestUtils - [ TESTHUB ] Processing Request Kind stopBuildUpstream
13:29:57.789 [Thread-0] DEBUG c.browserstack.testOps.RequestUtils - [requestToTestOps] Sending Observability request: PUT api/v1/builds/3jn9on0sli62pamqzswto0dx9vslwdyhvqj3dqmw/stop with request size 65
13:29:58.050 [Thread-0] DEBUG c.browserstack.testOps.RequestUtils - requestToTestOps: Response code: 200
13:29:58.050 [Thread-0] DEBUG com.browserstack.testOps.Listener - Testhub stop response: 
13:30:00.347 [Thread-0] DEBUG com.browserstack.testOps.UsageStats - getFormattedData: Collecting data for TestObservability
13:30:00.347 [Thread-0] DEBUG com.browserstack.testOps.UsageStats - getEventStats: Getting event data for TestObservability
13:30:00.350 [Thread-0] DEBUG com.browserstack.testOps.UsageStats - [OBSERVABILITY] Failed to parse data from workers
13:30:00.412 [Thread-0] DEBUG c.b.utils.FunnelInstrumentation - Sending funnel data for SDKTestSuccessful with data: {"event_type":"SDKTestSuccessful","accessKey":"cdWAYU5meFd1rax23PEp","userName":"nayankumar_Rp0sMa","event_properties":{"product":"[app-automate, observability]","buildName":"browserstack build","os":"Windows 11","languageVersion":"18.0.2.1","appiumVersion":"9.0.0","frameworkDetectionInstrumentation":{"parseLoadClass":6,"ret-org.openqa.selenium.remote.RemoteWebDriver":403,"retransformClasses":405,"parseDependencies":14},"language":"java","sdkRunId":"1083e0e2-792b-4d41-9ca9-0ed06bc2e1dd","buildIdentifier":"#5","userFramework":"testng","testhub_uuid":"3jn9on0sli62pamqzswto0dx9vslwdyhvqj3dqmw","detectedAppiumVersion":"null","detectedDependencies":"testng","productMap":{"app_automate":true,"accessibility":false,"automate":false,"percy":false,"observability":true},"referrer":"testng-javaagent\/1.20.2","hostname":"DESKTOP-13RHPFK","measures":{"local:start":5893,"sdk:setup":14485,"local:stop":2295},"language_framework":"java_testng","detectedFramework":"testng","productUsage":{"testObservability":{"buildHashedId":"3jn9on0sli62pamqzswto0dx9vslwdyhvqj3dqmw","manuallySet":false,"enabled":true,"events":{"hookEvents":{"started":{"errors":[],"failedCount":0,"sentCount":3,"triggeredCount":3},"finished":{"triggeredCount":3,"failedCount":0,"errors":[],"sentCount":3},"failed":{"errors":[],"failedCount":0,"sentCount":3,"triggeredCount":3}},"logEvents":{"errors":[],"failedCount":0,"sentCount":128,"triggeredCount":127,"log":{"errors":[],"failedCount":0,"sentCount":128,"triggeredCount":128}},"testEvents":{"started":{"errors":[],"failedCount":0,"sentCount":12,"triggeredCount":12},"finished":{"triggeredCount":12,"failedCount":0,"errors":[],"sentCount":12},"skipped":{"errors":[],"failedCount":0,"sentCount":12,"triggeredCount":12}},"batchEvents":{"triggeredCount":2,"failedCount":0,"errors":[],"sentCount":2},"cbtSessionEvents":{"errors":[],"failedCount":0,"sentCount":0,"triggeredCount":0},"buildEvents":{"started":{"error":null,"triggered":true,"status":"success"},"finished":{"error":null,"triggered":true,"status":"success"}}}}},"detectedSeleniumVersion":"null","browserStackConfig":{"browserstackLocal":true,"percy":false,"logLevel":"info","staticWebDriver":true,"autoDetectFramework":true,"percyCaptureMode":"MANUAL","browserStackLocalOptions":{"localIdentifier":"06_Aug_1329_DESKTOP_13RHPFK_lFBc","key":"****"},"percyOptions":null,"testContextOptions":{"skipSessionName":false,"serenityOverridePlugin":false,"skipSessionStatus":false},"platforms":[{"device":"Samsung Galaxy S23","browserVersion":null,"osVersion":null,"browser":null,"os":null,"capabilities":{"platformVersion":13.0,"platformName":"android","deviceName":"Samsung Galaxy S23"},"platformCaps":{"platformVersion":13.0,"platformName":"android","deviceName":"Samsung Galaxy S23"},"platformString":"Samsung Galaxy S23, 13.0","customVariables":"****"},{"device":"Google Pixel 8 Pro","browserVersion":null,"osVersion":null,"browser":null,"os":null,"capabilities":{"platformVersion":14.0,"platformName":"android","deviceName":"Google Pixel 8 Pro"},"platformCaps":{"platformVersion":14.0,"platformName":"android","deviceName":"Google Pixel 8 Pro"},"platformString":"Google Pixel 8 Pro, 14.0","customVariables":"****"},{"device":"OnePlus 11R","browserVersion":null,"osVersion":null,"browser":null,"os":null,"capabilities":{"platformVersion":13.0,"platformName":"android","deviceName":"OnePlus 11R"},"platformCaps":{"platformVersion":13.0,"platformName":"android","deviceName":"OnePlus 11R"},"platformString":"OnePlus 11R, 13.0","customVariables":"****"}],"parallelsPerPlatform":1,"framework":"testng","accessibility":false,"accessibilityOptions":{},"turboScaleOptions":{},"disableAutoCaptureLogs":true,"testObservability":true,"browserstackAutomation":true,"turboScale":false,"testObservabilityOptions":{},"gradleMConfig":null,"proxySettings":null},"seleniumVersion":""}}
13:30:00.714 [Thread-0] DEBUG c.b.utils.FunnelInstrumentation - API Event SDKTestSuccessful response - {"message":"SDK Event recorded successfully"}
13:30:02.348 [Thread-0] DEBUG c.browserstack.utils.UtilityMethods - Browserstack Gradle-M Config File does not exist.
13:30:28.235 [main] DEBUG c.b.config.BrowserStackConfig - Cli Config passed - {}
13:30:28.544 [main] DEBUG c.b.logger.BrowserstackLoggerFactory - Log Level set to TRACE for logger com.browserstack
13:30:28.544 [main] DEBUG c.b.logger.BrowserstackLoggerFactory - Log Level set to INFO for logger stdoutPrinter
13:30:28.640 [main] DEBUG c.b.utils.FrameworkDetectionUtils - Java command - com.intellij.rt.testng.RemoteTestNGStarter -usedefaultlisteners false -listener testBaseUtils.Listeners -socket54016 @w@C:\Users\Hp\AppData\Local\Temp\idea_working_dirs_testng.tmp -temp C:\Users\Hp\AppData\Local\Temp\idea_testng.tmp
13:30:28.640 [main] DEBUG c.b.utils.FrameworkDetectionUtils - Test classes detected: 
13:30:28.647 [main] DEBUG c.b.utils.FrameworkDetectionUtils - Runner: testng, Engine: none
13:30:28.659 [main] DEBUG c.b.utils.FrameworkDetectionUtils - Runner: testng, Engine: none from dependencies
13:30:28.659 [main] DEBUG c.b.utils.FrameworkDetectionUtils - Detected final framework as: testng
13:30:28.659 [main] DEBUG c.browserstack.BrowserStackJavaAgent - JavaAgent Version 1.20.2
13:30:28.663 [main] DEBUG c.b.utils.ExitSignalHandler - Registered handler for INT
13:30:28.663 [main] DEBUG c.b.utils.ExitSignalHandler - Registered handler for TERM
13:30:28.663 [main] DEBUG c.b.utils.ExitSignalHandler - Unable to attach signal handler for HUP Unknown signal: HUP
13:30:28.663 [main] DEBUG c.b.utils.ExitSignalHandler - Registered handler for ABRT
13:30:29.076 [Thread-1] DEBUG c.browserstack.utils.UtilityMethods - NEXT HUBS ARE: ["hub-aps.browserstack.com","hub-euw.browserstack.com","hub-apse.browserstack.com"]
13:30:29.601 [main] DEBUG c.browserstack.utils.UtilityMethods - EXECUTION TIME OF hub-aps.browserstack.com HUB IS: 524ms
13:30:30.469 [main] DEBUG c.browserstack.utils.UtilityMethods - EXECUTION TIME OF hub-euw.browserstack.com HUB IS: 865ms
13:30:31.418 [main] DEBUG c.browserstack.utils.UtilityMethods - EXECUTION TIME OF hub-apse.browserstack.com HUB IS: 948ms
13:30:31.419 [main] DEBUG c.browserstack.utils.UtilityMethods - NEAREST HUB ALLOCATED IS - hub-aps.browserstack.com
13:30:31.431 [main] DEBUG c.b.utils.FunnelInstrumentation - Sending funnel data for SDKTestAttempted with data: {"event_type":"SDKTestAttempted","accessKey":"cdWAYU5meFd1rax23PEp","userName":"nayankumar_Rp0sMa","event_properties":{"product":"[app-automate, observability]","buildName":"browserstack build","os":"Windows 11","languageVersion":"18.0.2.1","appiumVersion":"9.0.0","frameworkDetectionInstrumentation":{"parseLoadClass":5,"parseDependencies":12},"language":"java","sdkRunId":"60179af5-22d2-4169-b987-5e154d279a18","buildIdentifier":"#6","userFramework":"testng","testhub_uuid":"","detectedAppiumVersion":"null","detectedDependencies":"testng","productMap":{"app_automate":true,"accessibility":false,"automate":false,"percy":false,"observability":true},"referrer":"testng-javaagent\/1.20.2","hostname":"DESKTOP-13RHPFK","language_framework":"java_testng","detectedFramework":"testng","detectedSeleniumVersion":"null","seleniumVersion":""}}
13:30:31.809 [main] DEBUG c.b.utils.FunnelInstrumentation - API Event SDKTestAttempted response - {"message":"SDK Event recorded successfully"}
13:30:32.008 [main] DEBUG c.browserstack.testOps.RequestUtils - [ TESTHUB ] Processing Request Kind launchTestSession
13:30:32.010 [main] DEBUG c.browserstack.testOps.RequestUtils - [requestToTestOps] Sending Observability request: POST api/v2/builds with request size 1329
13:30:33.403 [main] DEBUG c.browserstack.testOps.RequestUtils - requestToTestOps: Response code: 200
13:30:33.403 [main] DEBUG com.browserstack.testOps.Listener - BROWSERSTACK_TESTHUB_UUID : 2wu31kfe9coqylsxk8kplstxvgrc01nr5lxogygn
13:30:33.403 [main] DEBUG com.browserstack.testOps.Listener - [ TESTHUB ] Build creation successfull
13:30:33.408 [main] DEBUG com.browserstack.LocalFactory - Starting BrowserStack Local with identifier 06_Aug_1330_DESKTOP_13RHPFK_25yD
13:30:39.176 [main] DEBUG com.browserstack.testOps.Listener - [ TESTHUB ] Processing Request Kind LogCreated
13:30:39.183 [main] DEBUG c.b.t.XMLSuiteClassListener - Number of parallels - 3 and number of platforms - 3
13:30:39.467 [main] DEBUG com.browserstack.testOps.Listener - [ TESTHUB ] Processing Request Kind LogCreated
13:30:39.474 [main] DEBUG com.browserstack.testOps.Listener - [ TESTHUB ] Processing Request Kind LogCreated
13:30:39.476 [main] DEBUG com.browserstack.testOps.Listener - [ TESTHUB ] Processing Request Kind LogCreated
13:30:39.477 [main] DEBUG com.browserstack.testOps.Listener - [ TESTHUB ] Processing Request Kind LogCreated
13:30:39.478 [main] DEBUG com.browserstack.testOps.Listener - [ TESTHUB ] Processing Request Kind LogCreated
13:30:39.478 [main] DEBUG com.browserstack.testOps.Listener - [ TESTHUB ] Processing Request Kind LogCreated
13:30:39.478 [main] DEBUG com.browserstack.testOps.Listener - [ TESTHUB ] Processing Request Kind LogCreated
13:30:39.479 [main] DEBUG com.browserstack.testOps.Listener - [ TESTHUB ] Processing Request Kind LogCreated
13:30:39.488 [main] DEBUG com.browserstack.testOps.Listener - [ TESTHUB ] Processing Request Kind LogCreated
13:30:39.500 [main] DEBUG com.browserstack.testOps.Listener - [ TESTHUB ] Processing Request Kind LogCreated
13:30:39.502 [main] DEBUG com.browserstack.testOps.Listener - [ TESTHUB ] Processing Request Kind LogCreated
13:30:39.509 [main] DEBUG com.browserstack.testOps.Listener - [ TESTHUB ] Processing Request Kind LogCreated
13:30:39.510 [main] DEBUG com.browserstack.testOps.Listener - [ TESTHUB ] Processing Request Kind LogCreated
13:30:39.510 [main] DEBUG com.browserstack.testOps.Listener - [ TESTHUB ] Processing Request Kind LogCreated
13:30:39.510 [main] DEBUG com.browserstack.testOps.Listener - [ TESTHUB ] Processing Request Kind LogCreated
13:30:39.512 [main] DEBUG com.browserstack.testOps.Listener - [ TESTHUB ] Processing Request Kind LogCreated
13:30:39.512 [main] DEBUG com.browserstack.testOps.Listener - [ TESTHUB ] Processing Request Kind LogCreated
13:30:39.513 [main] DEBUG com.browserstack.testOps.Listener - [ TESTHUB ] Processing Request Kind LogCreated
13:30:39.513 [main] DEBUG com.browserstack.testOps.Listener - [ TESTHUB ] Processing Request Kind LogCreated
13:30:39.515 [main] DEBUG com.browserstack.testOps.Listener - [ TESTHUB ] Processing Request Kind LogCreated
13:30:39.515 [main] DEBUG com.browserstack.testOps.Listener - [ TESTHUB ] Processing Request Kind LogCreated
13:30:39.520 [main] DEBUG com.browserstack.testOps.Listener - [ TESTHUB ] Processing Request Kind LogCreated
13:30:39.520 [main] DEBUG com.browserstack.testOps.Listener - [ TESTHUB ] Processing Request Kind LogCreated
13:30:39.521 [main] DEBUG com.browserstack.testOps.Listener - [ TESTHUB ] Processing Request Kind LogCreated
13:30:39.521 [main] DEBUG com.browserstack.testOps.Listener - [ TESTHUB ] Processing Request Kind LogCreated
13:30:39.523 [main] DEBUG com.browserstack.testOps.Listener - [ TESTHUB ] Processing Request Kind LogCreated
13:30:39.523 [main] DEBUG com.browserstack.testOps.Listener - [ TESTHUB ] Processing Request Kind LogCreated
13:30:39.524 [main] DEBUG com.browserstack.testOps.Listener - [ TESTHUB ] Processing Request Kind LogCreated
13:30:39.524 [main] DEBUG com.browserstack.testOps.Listener - [ TESTHUB ] Processing Request Kind LogCreated
13:30:39.526 [main] DEBUG com.browserstack.testOps.Listener - [ TESTHUB ] Processing Request Kind LogCreated
13:30:39.526 [main] DEBUG com.browserstack.testOps.Listener - [ TESTHUB ] Processing Request Kind LogCreated
13:30:39.526 [main] DEBUG com.browserstack.testOps.Listener - [ TESTHUB ] Processing Request Kind LogCreated
13:30:39.527 [main] DEBUG com.browserstack.testOps.Listener - [ TESTHUB ] Processing Request Kind LogCreated
13:30:39.527 [main] DEBUG com.browserstack.testOps.Listener - [ TESTHUB ] Processing Request Kind LogCreated
13:30:39.527 [main] DEBUG com.browserstack.testOps.Listener - [ TESTHUB ] Processing Request Kind LogCreated
13:30:39.528 [main] DEBUG com.browserstack.testOps.Listener - [ TESTHUB ] Processing Request Kind LogCreated
13:30:39.529 [main] DEBUG com.browserstack.testOps.Listener - [ TESTHUB ] Processing Request Kind LogCreated
13:30:39.529 [main] DEBUG com.browserstack.testOps.Listener - [ TESTHUB ] Processing Request Kind LogCreated
13:30:39.529 [main] DEBUG com.browserstack.testOps.Listener - [ TESTHUB ] Processing Request Kind LogCreated
13:30:39.529 [main] DEBUG com.browserstack.testOps.Listener - [ TESTHUB ] Processing Request Kind LogCreated
13:30:39.542 [main] DEBUG com.browserstack.testOps.Listener - [ TESTHUB ] Processing Request Kind LogCreated
13:30:39.544 [main] DEBUG com.browserstack.testOps.Listener - [ TESTHUB ] Processing Request Kind LogCreated
13:30:39.544 [main] DEBUG com.browserstack.testOps.Listener - [ TESTHUB ] Processing Request Kind LogCreated
13:30:39.545 [main] DEBUG com.browserstack.testOps.Listener - [ TESTHUB ] Processing Request Kind LogCreated
13:30:39.546 [main] DEBUG com.browserstack.testOps.Listener - [ TESTHUB ] Processing Request Kind LogCreated
13:30:39.546 [main] DEBUG com.browserstack.testOps.Listener - [ TESTHUB ] Processing Request Kind LogCreated
13:30:39.547 [main] DEBUG com.browserstack.testOps.Listener - [ TESTHUB ] Processing Request Kind LogCreated
13:30:39.547 [main] DEBUG com.browserstack.testOps.Listener - [ TESTHUB ] Processing Request Kind LogCreated
13:30:39.548 [main] DEBUG com.browserstack.testOps.Listener - [ TESTHUB ] Processing Request Kind LogCreated
13:30:39.549 [main] DEBUG com.browserstack.testOps.Listener - [ TESTHUB ] Processing Request Kind LogCreated
13:30:39.549 [main] DEBUG com.browserstack.testOps.Listener - [ TESTHUB ] Processing Request Kind LogCreated
13:30:39.550 [main] DEBUG com.browserstack.testOps.Listener - [ TESTHUB ] Processing Request Kind LogCreated
13:30:39.550 [main] DEBUG com.browserstack.testOps.Listener - [ TESTHUB ] Processing Request Kind LogCreated
13:30:39.550 [main] DEBUG com.browserstack.testOps.Listener - [ TESTHUB ] Processing Request Kind LogCreated
13:30:39.550 [main] DEBUG com.browserstack.testOps.Listener - [ TESTHUB ] Processing Request Kind LogCreated
13:30:39.550 [main] DEBUG com.browserstack.testOps.Listener - [ TESTHUB ] Processing Request Kind LogCreated
13:30:39.552 [main] DEBUG com.browserstack.testOps.Listener - [ TESTHUB ] Processing Request Kind LogCreated
13:30:39.552 [main] DEBUG com.browserstack.testOps.Listener - [ TESTHUB ] Processing Request Kind LogCreated
13:30:39.553 [main] DEBUG com.browserstack.testOps.Listener - [ TESTHUB ] Processing Request Kind LogCreated
13:30:39.553 [main] DEBUG com.browserstack.testOps.Listener - [ TESTHUB ] Processing Request Kind LogCreated
13:30:39.553 [main] DEBUG com.browserstack.testOps.Listener - [ TESTHUB ] Processing Request Kind LogCreated
13:30:39.554 [main] DEBUG com.browserstack.testOps.Listener - [ TESTHUB ] Processing Request Kind LogCreated
13:30:39.554 [main] DEBUG com.browserstack.testOps.Listener - [ TESTHUB ] Processing Request Kind LogCreated
13:30:39.554 [main] DEBUG com.browserstack.testOps.Listener - [ TESTHUB ] Processing Request Kind LogCreated
13:30:39.554 [main] DEBUG com.browserstack.testOps.Listener - [ TESTHUB ] Processing Request Kind LogCreated
13:30:39.555 [main] DEBUG com.browserstack.testOps.Listener - [ TESTHUB ] Processing Request Kind LogCreated
13:30:39.555 [main] DEBUG com.browserstack.testOps.Listener - [ TESTHUB ] Processing Request Kind LogCreated
13:30:39.555 [main] DEBUG com.browserstack.testOps.Listener - [ TESTHUB ] Processing Request Kind LogCreated
13:30:39.555 [main] DEBUG com.browserstack.testOps.Listener - [ TESTHUB ] Processing Request Kind LogCreated
13:30:39.555 [main] DEBUG com.browserstack.testOps.Listener - [ TESTHUB ] Processing Request Kind LogCreated
13:30:39.556 [main] DEBUG com.browserstack.testOps.Listener - [ TESTHUB ] Processing Request Kind LogCreated
13:30:39.556 [main] DEBUG com.browserstack.testOps.Listener - [ TESTHUB ] Processing Request Kind LogCreated
13:30:39.556 [main] DEBUG com.browserstack.testOps.Listener - [ TESTHUB ] Processing Request Kind LogCreated
13:30:39.556 [main] DEBUG com.browserstack.testOps.Listener - [ TESTHUB ] Processing Request Kind LogCreated
13:30:39.556 [main] DEBUG com.browserstack.testOps.Listener - [ TESTHUB ] Processing Request Kind LogCreated
13:30:39.556 [main] DEBUG com.browserstack.testOps.Listener - [ TESTHUB ] Processing Request Kind LogCreated
13:30:39.556 [main] DEBUG com.browserstack.testOps.Listener - [ TESTHUB ] Processing Request Kind LogCreated
13:30:39.556 [main] DEBUG com.browserstack.testOps.Listener - [ TESTHUB ] Processing Request Kind LogCreated
13:30:39.557 [main] DEBUG com.browserstack.testOps.Listener - [ TESTHUB ] Processing Request Kind LogCreated
13:30:39.557 [main] DEBUG com.browserstack.testOps.Listener - [ TESTHUB ] Processing Request Kind LogCreated
13:30:39.562 [main] DEBUG com.browserstack.testOps.Listener - [ TESTHUB ] Processing Request Kind LogCreated
13:30:39.564 [main] DEBUG com.browserstack.testOps.Listener - [ TESTHUB ] Processing Request Kind LogCreated
13:30:39.565 [main] DEBUG com.browserstack.testOps.Listener - [ TESTHUB ] Processing Request Kind LogCreated
13:30:39.565 [main] DEBUG com.browserstack.testOps.Listener - [ TESTHUB ] Processing Request Kind LogCreated
13:30:39.565 [main] DEBUG com.browserstack.testOps.Listener - [ TESTHUB ] Processing Request Kind LogCreated
13:30:39.565 [main] DEBUG com.browserstack.testOps.Listener - [ TESTHUB ] Processing Request Kind LogCreated
13:30:39.566 [main] DEBUG com.browserstack.testOps.Listener - [ TESTHUB ] Processing Request Kind LogCreated
13:30:39.566 [main] DEBUG com.browserstack.testOps.Listener - [ TESTHUB ] Processing Request Kind LogCreated
13:30:39.567 [main] DEBUG com.browserstack.testOps.Listener - [ TESTHUB ] Processing Request Kind LogCreated
13:30:39.567 [main] DEBUG com.browserstack.testOps.Listener - [ TESTHUB ] Processing Request Kind LogCreated
13:30:39.567 [main] DEBUG com.browserstack.testOps.Listener - [ TESTHUB ] Processing Request Kind LogCreated
13:30:39.568 [main] DEBUG com.browserstack.testOps.Listener - [ TESTHUB ] Processing Request Kind LogCreated
13:30:39.568 [main] DEBUG com.browserstack.testOps.Listener - [ TESTHUB ] Processing Request Kind LogCreated
13:30:39.568 [main] DEBUG com.browserstack.testOps.Listener - [ TESTHUB ] Processing Request Kind LogCreated
13:30:39.568 [main] DEBUG com.browserstack.testOps.Listener - [ TESTHUB ] Processing Request Kind LogCreated
13:30:39.570 [main] DEBUG com.browserstack.testOps.Listener - [ TESTHUB ] Processing Request Kind LogCreated
13:30:39.570 [main] DEBUG com.browserstack.testOps.Listener - [ TESTHUB ] Processing Request Kind LogCreated
13:30:39.571 [main] DEBUG com.browserstack.testOps.Listener - [ TESTHUB ] Processing Request Kind LogCreated
13:30:39.572 [main] DEBUG com.browserstack.testOps.Listener - [ TESTHUB ] Processing Request Kind LogCreated
13:30:39.572 [main] DEBUG com.browserstack.testOps.Listener - [ TESTHUB ] Processing Request Kind LogCreated
13:30:39.572 [main] DEBUG com.browserstack.testOps.Listener - [ TESTHUB ] Processing Request Kind LogCreated
13:30:39.573 [main] DEBUG com.browserstack.testOps.Listener - [ TESTHUB ] Processing Request Kind LogCreated
13:30:39.573 [main] DEBUG com.browserstack.testOps.Listener - [ TESTHUB ] Processing Request Kind LogCreated
13:30:39.574 [main] DEBUG com.browserstack.testOps.Listener - [ TESTHUB ] Processing Request Kind LogCreated
13:30:39.574 [main] DEBUG com.browserstack.testOps.Listener - [ TESTHUB ] Processing Request Kind LogCreated
13:30:39.575 [main] DEBUG com.browserstack.testOps.Listener - [ TESTHUB ] Processing Request Kind LogCreated
13:30:39.575 [main] DEBUG com.browserstack.testOps.Listener - [ TESTHUB ] Processing Request Kind LogCreated
13:30:39.575 [main] DEBUG com.browserstack.testOps.Listener - [ TESTHUB ] Processing Request Kind LogCreated
13:30:39.575 [main] DEBUG com.browserstack.testOps.Listener - [ TESTHUB ] Processing Request Kind LogCreated
13:30:39.576 [main] DEBUG com.browserstack.testOps.Listener - [ TESTHUB ] Processing Request Kind LogCreated
13:30:39.576 [main] DEBUG com.browserstack.testOps.Listener - [ TESTHUB ] Processing Request Kind LogCreated
13:30:39.576 [main] DEBUG com.browserstack.testOps.Listener - [ TESTHUB ] Processing Request Kind LogCreated
13:30:39.576 [main] DEBUG com.browserstack.testOps.Listener - [ TESTHUB ] Processing Request Kind LogCreated
13:30:39.576 [main] DEBUG com.browserstack.testOps.Listener - [ TESTHUB ] Processing Request Kind LogCreated
13:30:39.577 [main] DEBUG com.browserstack.testOps.Listener - [ TESTHUB ] Processing Request Kind LogCreated
13:30:39.577 [main] DEBUG com.browserstack.testOps.Listener - [ TESTHUB ] Processing Request Kind LogCreated
13:30:39.577 [main] DEBUG com.browserstack.testOps.Listener - [ TESTHUB ] Processing Request Kind LogCreated
13:30:39.577 [main] DEBUG com.browserstack.testOps.Listener - [ TESTHUB ] Processing Request Kind LogCreated
13:30:39.577 [main] DEBUG com.browserstack.testOps.Listener - [ TESTHUB ] Processing Request Kind LogCreated
13:30:39.577 [main] DEBUG com.browserstack.testOps.Listener - [ TESTHUB ] Processing Request Kind LogCreated
13:30:39.580 [main] DEBUG com.browserstack.testOps.Listener - [ TESTHUB ] Processing Request Kind LogCreated
13:30:39.581 [main] DEBUG c.browserstack.utils.LogReportingAPI - [2024-08-06T08:00:39.581446300Z][ OBSERVABILITY ] Processing Logs patching stream
13:30:39.590 [main] DEBUG com.browserstack.testOps.Listener - [ TESTHUB ] Processing Request Kind LogCreated
13:30:39.618 [C:/Users/Hp/Documents/IntelliJ Projects/AppiumPOMProject-1@1] DEBUG com.browserstack.testOps.Listener - [ TESTHUB ] Processing Request Kind LogCreated
13:30:39.618 [C:/Users/Hp/Documents/IntelliJ Projects/AppiumPOMProject-0@0] DEBUG com.browserstack.testOps.Listener - [ TESTHUB ] Processing Request Kind LogCreated
13:30:39.618 [C:/Users/Hp/Documents/IntelliJ Projects/AppiumPOMProject-2@2] DEBUG com.browserstack.testOps.Listener - [ TESTHUB ] Processing Request Kind LogCreated
13:30:39.650 [configureAppium@2] DEBUG c.b.testNgListeners.TestNGUtils - [populateTestDataForBSTestOps] Event Type :: HookRunStarted, Method ClassName :: testBaseUtils.WFlashBeforeEachTestAndroid 
13:30:39.650 [configureAppium@1] DEBUG c.b.testNgListeners.TestNGUtils - [populateTestDataForBSTestOps] Event Type :: HookRunStarted, Method ClassName :: testBaseUtils.WFlashBeforeEachTestAndroid 
13:30:39.650 [configureAppium@0] DEBUG c.b.testNgListeners.TestNGUtils - [populateTestDataForBSTestOps] Event Type :: HookRunStarted, Method ClassName :: testBaseUtils.WFlashBeforeEachTestAndroid 
13:30:39.650 [configureAppium@2] DEBUG c.browserstack.utils.UtilityMethods - [findFileMatcher] Current Path is :: C:\Users\Hp\Documents\IntelliJ Projects\AppiumPOMProject, TestClass :: testBaseUtils\WFlashBeforeEachTestAndroid
13:30:39.650 [configureAppium@0] DEBUG c.browserstack.utils.UtilityMethods - [findFileMatcher] Current Path is :: C:\Users\Hp\Documents\IntelliJ Projects\AppiumPOMProject, TestClass :: testBaseUtils\WFlashBeforeEachTestAndroid
13:30:39.650 [configureAppium@1] DEBUG c.browserstack.utils.UtilityMethods - [findFileMatcher] Current Path is :: C:\Users\Hp\Documents\IntelliJ Projects\AppiumPOMProject, TestClass :: testBaseUtils\WFlashBeforeEachTestAndroid
13:30:39.673 [configureAppium@0] DEBUG c.b.testNgListeners.TestNGUtils - [populateTestDataForBSTestOps] The filename fetched :: C:\Users\Hp\Documents\IntelliJ Projects\AppiumPOMProject\src\test\java\testBaseUtils\WFlashBeforeEachTestAndroid.java, fileSeparator :: \, AbsolutePath :: C:\Users\Hp\Documents\IntelliJ Projects\AppiumPOMProject\., Normalized Path :: C:\Users\Hp\Documents\IntelliJ Projects\AppiumPOMProject, File.Separator :: \
13:30:39.674 [configureAppium@0] DEBUG c.b.testNgListeners.TestNGUtils - [populateTestDataForBSTestOps] Replaced File Name is :: AppiumPOMProject\src\test\java\testBaseUtils\WFlashBeforeEachTestAndroid.java, Absolute Path :: C:\Users\Hp\Documents\IntelliJ Projects\AppiumPOMProject\.., Normalized Path :: C:\Users\Hp\Documents\IntelliJ Projects 
13:30:39.678 [configureAppium@1] DEBUG c.b.testNgListeners.TestNGUtils - [populateTestDataForBSTestOps] The filename fetched :: C:\Users\Hp\Documents\IntelliJ Projects\AppiumPOMProject\src\test\java\testBaseUtils\WFlashBeforeEachTestAndroid.java, fileSeparator :: \, AbsolutePath :: C:\Users\Hp\Documents\IntelliJ Projects\AppiumPOMProject\., Normalized Path :: C:\Users\Hp\Documents\IntelliJ Projects\AppiumPOMProject, File.Separator :: \
13:30:39.678 [configureAppium@0] DEBUG com.browserstack.testOps.Listener - [ TESTHUB ] Processing Request Kind HookRunStarted
13:30:39.678 [configureAppium@2] DEBUG c.b.testNgListeners.TestNGUtils - [populateTestDataForBSTestOps] The filename fetched :: C:\Users\Hp\Documents\IntelliJ Projects\AppiumPOMProject\src\test\java\testBaseUtils\WFlashBeforeEachTestAndroid.java, fileSeparator :: \, AbsolutePath :: C:\Users\Hp\Documents\IntelliJ Projects\AppiumPOMProject\., Normalized Path :: C:\Users\Hp\Documents\IntelliJ Projects\AppiumPOMProject, File.Separator :: \
13:30:39.678 [configureAppium@1] DEBUG c.b.testNgListeners.TestNGUtils - [populateTestDataForBSTestOps] Replaced File Name is :: AppiumPOMProject\src\test\java\testBaseUtils\WFlashBeforeEachTestAndroid.java, Absolute Path :: C:\Users\Hp\Documents\IntelliJ Projects\AppiumPOMProject\.., Normalized Path :: C:\Users\Hp\Documents\IntelliJ Projects 
13:30:39.678 [configureAppium@2] DEBUG c.b.testNgListeners.TestNGUtils - [populateTestDataForBSTestOps] Replaced File Name is :: AppiumPOMProject\src\test\java\testBaseUtils\WFlashBeforeEachTestAndroid.java, Absolute Path :: C:\Users\Hp\Documents\IntelliJ Projects\AppiumPOMProject\.., Normalized Path :: C:\Users\Hp\Documents\IntelliJ Projects 
13:30:39.678 [configureAppium@1] DEBUG com.browserstack.testOps.Listener - [ TESTHUB ] Processing Request Kind HookRunStarted
13:30:39.678 [configureAppium@2] DEBUG com.browserstack.testOps.Listener - [ TESTHUB ] Processing Request Kind HookRunStarted
13:30:41.193 [pool-4-thread-1] DEBUG c.browserstack.utils.RequestBatcher - Time Since Last Batch Processed 1722931241193

13:30:41.198 [pool-5-thread-1] DEBUG c.browserstack.utils.RequestBatcher - Processing Batch 129

13:30:41.202 [pool-5-thread-1] DEBUG c.browserstack.testOps.RequestUtils - [requestToTestOps] Sending Observability request: POST api/v1/batch with request size 31243
13:30:41.662 [pool-5-thread-1] DEBUG c.browserstack.testOps.RequestUtils - requestToTestOps: Response code: 200
13:30:41.662 [pool-5-thread-1] DEBUG c.browserstack.utils.LogReportingAPI - 
[2024-08-06T08:00:41.662645700Z][ TESTHUB ] Batch event successfull!

13:30:45.193 [pool-4-thread-1] DEBUG c.browserstack.utils.RequestBatcher - Time Since Last Batch Processed 4000

13:30:49.183 [pool-4-thread-1] DEBUG c.browserstack.utils.RequestBatcher - Time Since Last Batch Processed 3990

13:30:51.188 [pool-4-thread-1] DEBUG c.browserstack.utils.RequestBatcher - Time Since Last Batch Processed 2005

13:30:53.192 [pool-4-thread-1] DEBUG c.browserstack.utils.RequestBatcher - Time Since Last Batch Processed 2004

13:30:55.193 [pool-4-thread-1] DEBUG c.browserstack.utils.RequestBatcher - Time Since Last Batch Processed 2001

13:30:59.179 [pool-4-thread-1] DEBUG c.browserstack.utils.RequestBatcher - Time Since Last Batch Processed 3986

13:30:59.772 [C:/Users/Hp/Documents/IntelliJ Projects/AppiumPOMProject-0@0] DEBUG c.b.testNgListeners.TestNGUtils - [populateTestDataForBSTestOps] Event Type :: TestRunStarted, Test ClassName :: GroupID.FlashTestClass
13:30:59.772 [C:/Users/Hp/Documents/IntelliJ Projects/AppiumPOMProject-2@2] DEBUG c.b.testNgListeners.TestNGUtils - [populateTestDataForBSTestOps] Event Type :: TestRunStarted, Test ClassName :: GroupID.FlashTestClass
13:30:59.772 [C:/Users/Hp/Documents/IntelliJ Projects/AppiumPOMProject-1@1] DEBUG c.b.testNgListeners.TestNGUtils - [populateTestDataForBSTestOps] Event Type :: TestRunStarted, Test ClassName :: GroupID.FlashTestClass
13:30:59.772 [C:/Users/Hp/Documents/IntelliJ Projects/AppiumPOMProject-2@2] DEBUG c.browserstack.utils.UtilityMethods - [findFileMatcher] Current Path is :: C:\Users\Hp\Documents\IntelliJ Projects\AppiumPOMProject, TestClass :: GroupID\FlashObjectOptimised
13:30:59.772 [C:/Users/Hp/Documents/IntelliJ Projects/AppiumPOMProject-0@0] DEBUG c.browserstack.utils.UtilityMethods - [findFileMatcher] Current Path is :: C:\Users\Hp\Documents\IntelliJ Projects\AppiumPOMProject, TestClass :: GroupID\FlashObjectOptimised
13:30:59.772 [C:/Users/Hp/Documents/IntelliJ Projects/AppiumPOMProject-1@1] DEBUG c.browserstack.utils.UtilityMethods - [findFileMatcher] Current Path is :: C:\Users\Hp\Documents\IntelliJ Projects\AppiumPOMProject, TestClass :: GroupID\FlashObjectOptimised
13:30:59.788 [C:/Users/Hp/Documents/IntelliJ Projects/AppiumPOMProject-2@2] DEBUG c.b.testNgListeners.TestNGUtils - [populateTestDataForBSTestOps] The filename fetched :: C:\Users\Hp\Documents\IntelliJ Projects\AppiumPOMProject\src\test\java\GroupID\FlashObjectOptimised.java, fileSeparator :: \, AbsolutePath :: C:\Users\Hp\Documents\IntelliJ Projects\AppiumPOMProject\., Normalized Path :: C:\Users\Hp\Documents\IntelliJ Projects\AppiumPOMProject, File.Separator :: \
13:30:59.788 [C:/Users/Hp/Documents/IntelliJ Projects/AppiumPOMProject-0@0] DEBUG c.b.testNgListeners.TestNGUtils - [populateTestDataForBSTestOps] The filename fetched :: C:\Users\Hp\Documents\IntelliJ Projects\AppiumPOMProject\src\test\java\GroupID\FlashObjectOptimised.java, fileSeparator :: \, AbsolutePath :: C:\Users\Hp\Documents\IntelliJ Projects\AppiumPOMProject\., Normalized Path :: C:\Users\Hp\Documents\IntelliJ Projects\AppiumPOMProject, File.Separator :: \
13:30:59.788 [C:/Users/Hp/Documents/IntelliJ Projects/AppiumPOMProject-2@2] DEBUG c.b.testNgListeners.TestNGUtils - [populateTestDataForBSTestOps] Replaced File Name is :: AppiumPOMProject\src\test\java\GroupID\FlashObjectOptimised.java, Absolute Path :: C:\Users\Hp\Documents\IntelliJ Projects\AppiumPOMProject\.., Normalized Path :: C:\Users\Hp\Documents\IntelliJ Projects 
13:30:59.788 [C:/Users/Hp/Documents/IntelliJ Projects/AppiumPOMProject-0@0] DEBUG c.b.testNgListeners.TestNGUtils - [populateTestDataForBSTestOps] Replaced File Name is :: AppiumPOMProject\src\test\java\GroupID\FlashObjectOptimised.java, Absolute Path :: C:\Users\Hp\Documents\IntelliJ Projects\AppiumPOMProject\.., Normalized Path :: C:\Users\Hp\Documents\IntelliJ Projects 
13:30:59.789 [C:/Users/Hp/Documents/IntelliJ Projects/AppiumPOMProject-1@1] DEBUG c.b.testNgListeners.TestNGUtils - [populateTestDataForBSTestOps] The filename fetched :: C:\Users\Hp\Documents\IntelliJ Projects\AppiumPOMProject\src\test\java\GroupID\FlashObjectOptimised.java, fileSeparator :: \, AbsolutePath :: C:\Users\Hp\Documents\IntelliJ Projects\AppiumPOMProject\., Normalized Path :: C:\Users\Hp\Documents\IntelliJ Projects\AppiumPOMProject, File.Separator :: \
13:30:59.790 [C:/Users/Hp/Documents/IntelliJ Projects/AppiumPOMProject-1@1] DEBUG c.b.testNgListeners.TestNGUtils - [populateTestDataForBSTestOps] Replaced File Name is :: AppiumPOMProject\src\test\java\GroupID\FlashObjectOptimised.java, Absolute Path :: C:\Users\Hp\Documents\IntelliJ Projects\AppiumPOMProject\.., Normalized Path :: C:\Users\Hp\Documents\IntelliJ Projects 
13:30:59.793 [C:/Users/Hp/Documents/IntelliJ Projects/AppiumPOMProject-2@2] DEBUG com.browserstack.testOps.Listener - [ TESTHUB ] Processing Request Kind TestRunStarted
13:30:59.793 [C:/Users/Hp/Documents/IntelliJ Projects/AppiumPOMProject-0@0] DEBUG com.browserstack.testOps.Listener - [ TESTHUB ] Processing Request Kind TestRunStarted
13:30:59.793 [C:/Users/Hp/Documents/IntelliJ Projects/AppiumPOMProject-1@1] DEBUG com.browserstack.testOps.Listener - [ TESTHUB ] Processing Request Kind TestRunStarted
13:30:59.795 [AppiumTest1@2] DEBUG c.b.testNgListeners.TestNGUtils - [populateTestDataForBSTestOps] Event Type :: HookRunFinished, Method ClassName :: testBaseUtils.WFlashBeforeEachTestAndroid 
13:30:59.795 [AppiumTest1@1] DEBUG c.b.testNgListeners.TestNGUtils - [populateTestDataForBSTestOps] Event Type :: HookRunFinished, Method ClassName :: testBaseUtils.WFlashBeforeEachTestAndroid 
13:30:59.797 [AppiumTest1@2] DEBUG c.browserstack.utils.UtilityMethods - [findFileMatcher] Current Path is :: C:\Users\Hp\Documents\IntelliJ Projects\AppiumPOMProject, TestClass :: testBaseUtils\WFlashBeforeEachTestAndroid
13:30:59.797 [AppiumTest1@1] DEBUG c.browserstack.utils.UtilityMethods - [findFileMatcher] Current Path is :: C:\Users\Hp\Documents\IntelliJ Projects\AppiumPOMProject, TestClass :: testBaseUtils\WFlashBeforeEachTestAndroid
13:30:59.797 [AppiumTest1@0] DEBUG c.b.testNgListeners.TestNGUtils - [populateTestDataForBSTestOps] Event Type :: HookRunFinished, Method ClassName :: testBaseUtils.WFlashBeforeEachTestAndroid 
13:30:59.797 [AppiumTest1@0] DEBUG c.browserstack.utils.UtilityMethods - [findFileMatcher] Current Path is :: C:\Users\Hp\Documents\IntelliJ Projects\AppiumPOMProject, TestClass :: testBaseUtils\WFlashBeforeEachTestAndroid
13:30:59.811 [AppiumTest1@1] DEBUG c.b.testNgListeners.TestNGUtils - [populateTestDataForBSTestOps] The filename fetched :: C:\Users\Hp\Documents\IntelliJ Projects\AppiumPOMProject\src\test\java\testBaseUtils\WFlashBeforeEachTestAndroid.java, fileSeparator :: \, AbsolutePath :: C:\Users\Hp\Documents\IntelliJ Projects\AppiumPOMProject\., Normalized Path :: C:\Users\Hp\Documents\IntelliJ Projects\AppiumPOMProject, File.Separator :: \
13:30:59.811 [AppiumTest1@1] DEBUG c.b.testNgListeners.TestNGUtils - [populateTestDataForBSTestOps] Replaced File Name is :: AppiumPOMProject\src\test\java\testBaseUtils\WFlashBeforeEachTestAndroid.java, Absolute Path :: C:\Users\Hp\Documents\IntelliJ Projects\AppiumPOMProject\.., Normalized Path :: C:\Users\Hp\Documents\IntelliJ Projects 
13:30:59.812 [AppiumTest1@1] DEBUG com.browserstack.testOps.Listener - [ TESTHUB ] Processing Request Kind HookRunFinished
13:30:59.812 [AppiumTest1@0] DEBUG c.b.testNgListeners.TestNGUtils - [populateTestDataForBSTestOps] The filename fetched :: C:\Users\Hp\Documents\IntelliJ Projects\AppiumPOMProject\src\test\java\testBaseUtils\WFlashBeforeEachTestAndroid.java, fileSeparator :: \, AbsolutePath :: C:\Users\Hp\Documents\IntelliJ Projects\AppiumPOMProject\., Normalized Path :: C:\Users\Hp\Documents\IntelliJ Projects\AppiumPOMProject, File.Separator :: \
13:30:59.812 [AppiumTest1@0] DEBUG c.b.testNgListeners.TestNGUtils - [populateTestDataForBSTestOps] Replaced File Name is :: AppiumPOMProject\src\test\java\testBaseUtils\WFlashBeforeEachTestAndroid.java, Absolute Path :: C:\Users\Hp\Documents\IntelliJ Projects\AppiumPOMProject\.., Normalized Path :: C:\Users\Hp\Documents\IntelliJ Projects 
13:30:59.812 [AppiumTest1@2] DEBUG c.b.testNgListeners.TestNGUtils - [populateTestDataForBSTestOps] The filename fetched :: C:\Users\Hp\Documents\IntelliJ Projects\AppiumPOMProject\src\test\java\testBaseUtils\WFlashBeforeEachTestAndroid.java, fileSeparator :: \, AbsolutePath :: C:\Users\Hp\Documents\IntelliJ Projects\AppiumPOMProject\., Normalized Path :: C:\Users\Hp\Documents\IntelliJ Projects\AppiumPOMProject, File.Separator :: \
13:30:59.813 [AppiumTest1@2] DEBUG c.b.testNgListeners.TestNGUtils - [populateTestDataForBSTestOps] Replaced File Name is :: AppiumPOMProject\src\test\java\testBaseUtils\WFlashBeforeEachTestAndroid.java, Absolute Path :: C:\Users\Hp\Documents\IntelliJ Projects\AppiumPOMProject\.., Normalized Path :: C:\Users\Hp\Documents\IntelliJ Projects 
13:30:59.813 [AppiumTest1@1] DEBUG c.b.testNgListeners.TestNGUtils - [populateTestDataForBSTestOps] Event Type :: TestRunSkipped, Test ClassName :: GroupID.FlashTestClass
13:30:59.813 [AppiumTest1@0] DEBUG com.browserstack.testOps.Listener - [ TESTHUB ] Processing Request Kind HookRunFinished
13:30:59.813 [AppiumTest1@1] DEBUG c.browserstack.utils.UtilityMethods - [findFileMatcher] Current Path is :: C:\Users\Hp\Documents\IntelliJ Projects\AppiumPOMProject, TestClass :: GroupID\FlashObjectOptimised
13:30:59.813 [AppiumTest1@0] DEBUG c.b.testNgListeners.TestNGUtils - [populateTestDataForBSTestOps] Event Type :: TestRunSkipped, Test ClassName :: GroupID.FlashTestClass
13:30:59.813 [AppiumTest1@2] DEBUG com.browserstack.testOps.Listener - [ TESTHUB ] Processing Request Kind HookRunFinished
13:30:59.813 [AppiumTest1@0] DEBUG c.browserstack.utils.UtilityMethods - [findFileMatcher] Current Path is :: C:\Users\Hp\Documents\IntelliJ Projects\AppiumPOMProject, TestClass :: GroupID\FlashObjectOptimised
13:30:59.814 [AppiumTest1@2] DEBUG c.b.testNgListeners.TestNGUtils - [populateTestDataForBSTestOps] Event Type :: TestRunSkipped, Test ClassName :: GroupID.FlashTestClass
13:30:59.814 [AppiumTest1@2] DEBUG c.browserstack.utils.UtilityMethods - [findFileMatcher] Current Path is :: C:\Users\Hp\Documents\IntelliJ Projects\AppiumPOMProject, TestClass :: GroupID\FlashObjectOptimised
13:30:59.824 [AppiumTest1@1] DEBUG c.b.testNgListeners.TestNGUtils - [populateTestDataForBSTestOps] The filename fetched :: C:\Users\Hp\Documents\IntelliJ Projects\AppiumPOMProject\src\test\java\GroupID\FlashObjectOptimised.java, fileSeparator :: \, AbsolutePath :: C:\Users\Hp\Documents\IntelliJ Projects\AppiumPOMProject\., Normalized Path :: C:\Users\Hp\Documents\IntelliJ Projects\AppiumPOMProject, File.Separator :: \
13:30:59.824 [AppiumTest1@1] DEBUG c.b.testNgListeners.TestNGUtils - [populateTestDataForBSTestOps] Replaced File Name is :: AppiumPOMProject\src\test\java\GroupID\FlashObjectOptimised.java, Absolute Path :: C:\Users\Hp\Documents\IntelliJ Projects\AppiumPOMProject\.., Normalized Path :: C:\Users\Hp\Documents\IntelliJ Projects 
13:30:59.825 [AppiumTest1@0] DEBUG c.b.testNgListeners.TestNGUtils - [populateTestDataForBSTestOps] The filename fetched :: C:\Users\Hp\Documents\IntelliJ Projects\AppiumPOMProject\src\test\java\GroupID\FlashObjectOptimised.java, fileSeparator :: \, AbsolutePath :: C:\Users\Hp\Documents\IntelliJ Projects\AppiumPOMProject\., Normalized Path :: C:\Users\Hp\Documents\IntelliJ Projects\AppiumPOMProject, File.Separator :: \
13:30:59.825 [AppiumTest1@0] DEBUG c.b.testNgListeners.TestNGUtils - [populateTestDataForBSTestOps] Replaced File Name is :: AppiumPOMProject\src\test\java\GroupID\FlashObjectOptimised.java, Absolute Path :: C:\Users\Hp\Documents\IntelliJ Projects\AppiumPOMProject\.., Normalized Path :: C:\Users\Hp\Documents\IntelliJ Projects 
13:30:59.826 [AppiumTest1@2] DEBUG c.b.testNgListeners.TestNGUtils - [populateTestDataForBSTestOps] The filename fetched :: C:\Users\Hp\Documents\IntelliJ Projects\AppiumPOMProject\src\test\java\GroupID\FlashObjectOptimised.java, fileSeparator :: \, AbsolutePath :: C:\Users\Hp\Documents\IntelliJ Projects\AppiumPOMProject\., Normalized Path :: C:\Users\Hp\Documents\IntelliJ Projects\AppiumPOMProject, File.Separator :: \
13:30:59.826 [AppiumTest1@2] DEBUG c.b.testNgListeners.TestNGUtils - [populateTestDataForBSTestOps] Replaced File Name is :: AppiumPOMProject\src\test\java\GroupID\FlashObjectOptimised.java, Absolute Path :: C:\Users\Hp\Documents\IntelliJ Projects\AppiumPOMProject\.., Normalized Path :: C:\Users\Hp\Documents\IntelliJ Projects 
13:30:59.829 [AppiumTest1@1] DEBUG com.browserstack.testOps.Listener - [ TESTHUB ] Processing Request Kind TestRunFinished
13:30:59.830 [AppiumTest1@1] DEBUG c.browserstack.utils.LogReportingAPI - sendSync failed - driver not found
13:30:59.830 [AppiumTest1@0] DEBUG com.browserstack.testOps.Listener - [ TESTHUB ] Processing Request Kind TestRunFinished
13:30:59.830 [AppiumTest1@0] DEBUG c.browserstack.utils.LogReportingAPI - sendSync failed - driver not found
13:30:59.830 [AppiumTest1@2] DEBUG com.browserstack.testOps.Listener - [ TESTHUB ] Processing Request Kind TestRunFinished
13:30:59.830 [AppiumTest1@2] DEBUG c.browserstack.utils.LogReportingAPI - sendSync failed - driver not found
13:30:59.832 [C:/Users/Hp/Documents/IntelliJ Projects/AppiumPOMProject-0@0] DEBUG c.b.testNgListeners.TestNGUtils - [populateTestDataForBSTestOps] Event Type :: TestRunStarted, Test ClassName :: GroupID.FlashTestClass
13:30:59.832 [C:/Users/Hp/Documents/IntelliJ Projects/AppiumPOMProject-0@0] DEBUG c.browserstack.utils.UtilityMethods - [findFileMatcher] Current Path is :: C:\Users\Hp\Documents\IntelliJ Projects\AppiumPOMProject, TestClass :: GroupID\FlashObjectOptimised
13:30:59.834 [C:/Users/Hp/Documents/IntelliJ Projects/AppiumPOMProject-2@2] DEBUG c.b.testNgListeners.TestNGUtils - [populateTestDataForBSTestOps] Event Type :: TestRunStarted, Test ClassName :: GroupID.FlashTestClass
13:30:59.834 [C:/Users/Hp/Documents/IntelliJ Projects/AppiumPOMProject-2@2] DEBUG c.browserstack.utils.UtilityMethods - [findFileMatcher] Current Path is :: C:\Users\Hp\Documents\IntelliJ Projects\AppiumPOMProject, TestClass :: GroupID\FlashObjectOptimised
13:30:59.834 [C:/Users/Hp/Documents/IntelliJ Projects/AppiumPOMProject-1@1] DEBUG c.b.testNgListeners.TestNGUtils - [populateTestDataForBSTestOps] Event Type :: TestRunStarted, Test ClassName :: GroupID.FlashTestClass
13:30:59.834 [C:/Users/Hp/Documents/IntelliJ Projects/AppiumPOMProject-1@1] DEBUG c.browserstack.utils.UtilityMethods - [findFileMatcher] Current Path is :: C:\Users\Hp\Documents\IntelliJ Projects\AppiumPOMProject, TestClass :: GroupID\FlashObjectOptimised
13:30:59.846 [C:/Users/Hp/Documents/IntelliJ Projects/AppiumPOMProject-2@2] DEBUG c.b.testNgListeners.TestNGUtils - [populateTestDataForBSTestOps] The filename fetched :: C:\Users\Hp\Documents\IntelliJ Projects\AppiumPOMProject\src\test\java\GroupID\FlashObjectOptimised.java, fileSeparator :: \, AbsolutePath :: C:\Users\Hp\Documents\IntelliJ Projects\AppiumPOMProject\., Normalized Path :: C:\Users\Hp\Documents\IntelliJ Projects\AppiumPOMProject, File.Separator :: \
13:30:59.846 [C:/Users/Hp/Documents/IntelliJ Projects/AppiumPOMProject-1@1] DEBUG c.b.testNgListeners.TestNGUtils - [populateTestDataForBSTestOps] The filename fetched :: C:\Users\Hp\Documents\IntelliJ Projects\AppiumPOMProject\src\test\java\GroupID\FlashObjectOptimised.java, fileSeparator :: \, AbsolutePath :: C:\Users\Hp\Documents\IntelliJ Projects\AppiumPOMProject\., Normalized Path :: C:\Users\Hp\Documents\IntelliJ Projects\AppiumPOMProject, File.Separator :: \
13:30:59.846 [C:/Users/Hp/Documents/IntelliJ Projects/AppiumPOMProject-0@0] DEBUG c.b.testNgListeners.TestNGUtils - [populateTestDataForBSTestOps] The filename fetched :: C:\Users\Hp\Documents\IntelliJ Projects\AppiumPOMProject\src\test\java\GroupID\FlashObjectOptimised.java, fileSeparator :: \, AbsolutePath :: C:\Users\Hp\Documents\IntelliJ Projects\AppiumPOMProject\., Normalized Path :: C:\Users\Hp\Documents\IntelliJ Projects\AppiumPOMProject, File.Separator :: \
13:30:59.846 [C:/Users/Hp/Documents/IntelliJ Projects/AppiumPOMProject-2@2] DEBUG c.b.testNgListeners.TestNGUtils - [populateTestDataForBSTestOps] Replaced File Name is :: AppiumPOMProject\src\test\java\GroupID\FlashObjectOptimised.java, Absolute Path :: C:\Users\Hp\Documents\IntelliJ Projects\AppiumPOMProject\.., Normalized Path :: C:\Users\Hp\Documents\IntelliJ Projects 
13:30:59.846 [C:/Users/Hp/Documents/IntelliJ Projects/AppiumPOMProject-1@1] DEBUG c.b.testNgListeners.TestNGUtils - [populateTestDataForBSTestOps] Replaced File Name is :: AppiumPOMProject\src\test\java\GroupID\FlashObjectOptimised.java, Absolute Path :: C:\Users\Hp\Documents\IntelliJ Projects\AppiumPOMProject\.., Normalized Path :: C:\Users\Hp\Documents\IntelliJ Projects 
13:30:59.846 [C:/Users/Hp/Documents/IntelliJ Projects/AppiumPOMProject-0@0] DEBUG c.b.testNgListeners.TestNGUtils - [populateTestDataForBSTestOps] Replaced File Name is :: AppiumPOMProject\src\test\java\GroupID\FlashObjectOptimised.java, Absolute Path :: C:\Users\Hp\Documents\IntelliJ Projects\AppiumPOMProject\.., Normalized Path :: C:\Users\Hp\Documents\IntelliJ Projects 
13:30:59.852 [C:/Users/Hp/Documents/IntelliJ Projects/AppiumPOMProject-0@0] DEBUG com.browserstack.testOps.Listener - [ TESTHUB ] Processing Request Kind TestRunStarted
13:30:59.852 [C:/Users/Hp/Documents/IntelliJ Projects/AppiumPOMProject-2@2] DEBUG com.browserstack.testOps.Listener - [ TESTHUB ] Processing Request Kind TestRunStarted
13:30:59.852 [C:/Users/Hp/Documents/IntelliJ Projects/AppiumPOMProject-1@1] DEBUG com.browserstack.testOps.Listener - [ TESTHUB ] Processing Request Kind TestRunStarted
13:30:59.854 [AppiumTest1@1] DEBUG c.b.testNgListeners.TestNGUtils - [populateTestDataForBSTestOps] Event Type :: TestRunSkipped, Test ClassName :: GroupID.FlashTestClass
13:30:59.854 [AppiumTest1@0] DEBUG c.b.testNgListeners.TestNGUtils - [populateTestDataForBSTestOps] Event Type :: TestRunSkipped, Test ClassName :: GroupID.FlashTestClass
13:30:59.854 [AppiumTest1@2] DEBUG c.b.testNgListeners.TestNGUtils - [populateTestDataForBSTestOps] Event Type :: TestRunSkipped, Test ClassName :: GroupID.FlashTestClass
13:30:59.854 [AppiumTest1@0] DEBUG c.browserstack.utils.UtilityMethods - [findFileMatcher] Current Path is :: C:\Users\Hp\Documents\IntelliJ Projects\AppiumPOMProject, TestClass :: GroupID\FlashObjectOptimised
13:30:59.854 [AppiumTest1@1] DEBUG c.browserstack.utils.UtilityMethods - [findFileMatcher] Current Path is :: C:\Users\Hp\Documents\IntelliJ Projects\AppiumPOMProject, TestClass :: GroupID\FlashObjectOptimised
13:30:59.854 [AppiumTest1@2] DEBUG c.browserstack.utils.UtilityMethods - [findFileMatcher] Current Path is :: C:\Users\Hp\Documents\IntelliJ Projects\AppiumPOMProject, TestClass :: GroupID\FlashObjectOptimised
13:30:59.870 [AppiumTest1@1] DEBUG c.b.testNgListeners.TestNGUtils - [populateTestDataForBSTestOps] The filename fetched :: C:\Users\Hp\Documents\IntelliJ Projects\AppiumPOMProject\src\test\java\GroupID\FlashObjectOptimised.java, fileSeparator :: \, AbsolutePath :: C:\Users\Hp\Documents\IntelliJ Projects\AppiumPOMProject\., Normalized Path :: C:\Users\Hp\Documents\IntelliJ Projects\AppiumPOMProject, File.Separator :: \
13:30:59.870 [AppiumTest1@1] DEBUG c.b.testNgListeners.TestNGUtils - [populateTestDataForBSTestOps] Replaced File Name is :: AppiumPOMProject\src\test\java\GroupID\FlashObjectOptimised.java, Absolute Path :: C:\Users\Hp\Documents\IntelliJ Projects\AppiumPOMProject\.., Normalized Path :: C:\Users\Hp\Documents\IntelliJ Projects 
13:30:59.872 [AppiumTest1@2] DEBUG c.b.testNgListeners.TestNGUtils - [populateTestDataForBSTestOps] The filename fetched :: C:\Users\Hp\Documents\IntelliJ Projects\AppiumPOMProject\src\test\java\GroupID\FlashObjectOptimised.java, fileSeparator :: \, AbsolutePath :: C:\Users\Hp\Documents\IntelliJ Projects\AppiumPOMProject\., Normalized Path :: C:\Users\Hp\Documents\IntelliJ Projects\AppiumPOMProject, File.Separator :: \
13:30:59.872 [AppiumTest1@0] DEBUG c.b.testNgListeners.TestNGUtils - [populateTestDataForBSTestOps] The filename fetched :: C:\Users\Hp\Documents\IntelliJ Projects\AppiumPOMProject\src\test\java\GroupID\FlashObjectOptimised.java, fileSeparator :: \, AbsolutePath :: C:\Users\Hp\Documents\IntelliJ Projects\AppiumPOMProject\., Normalized Path :: C:\Users\Hp\Documents\IntelliJ Projects\AppiumPOMProject, File.Separator :: \
13:30:59.872 [AppiumTest1@0] DEBUG c.b.testNgListeners.TestNGUtils - [populateTestDataForBSTestOps] Replaced File Name is :: AppiumPOMProject\src\test\java\GroupID\FlashObjectOptimised.java, Absolute Path :: C:\Users\Hp\Documents\IntelliJ Projects\AppiumPOMProject\.., Normalized Path :: C:\Users\Hp\Documents\IntelliJ Projects 
13:30:59.872 [AppiumTest1@2] DEBUG c.b.testNgListeners.TestNGUtils - [populateTestDataForBSTestOps] Replaced File Name is :: AppiumPOMProject\src\test\java\GroupID\FlashObjectOptimised.java, Absolute Path :: C:\Users\Hp\Documents\IntelliJ Projects\AppiumPOMProject\.., Normalized Path :: C:\Users\Hp\Documents\IntelliJ Projects 
13:30:59.875 [AppiumTest1@1] DEBUG com.browserstack.testOps.Listener - [ TESTHUB ] Processing Request Kind TestRunFinished
13:30:59.875 [AppiumTest1@1] DEBUG c.browserstack.utils.LogReportingAPI - sendSync failed - driver not found
13:30:59.878 [AppiumTest1@2] DEBUG com.browserstack.testOps.Listener - [ TESTHUB ] Processing Request Kind TestRunFinished
13:30:59.878 [AppiumTest1@0] DEBUG com.browserstack.testOps.Listener - [ TESTHUB ] Processing Request Kind TestRunFinished
13:30:59.879 [AppiumTest1@2] DEBUG c.browserstack.utils.LogReportingAPI - sendSync failed - driver not found
13:30:59.879 [AppiumTest1@0] DEBUG c.browserstack.utils.LogReportingAPI - sendSync failed - driver not found
13:30:59.879 [C:/Users/Hp/Documents/IntelliJ Projects/AppiumPOMProject-1@1] DEBUG c.b.testNgListeners.TestNGUtils - [populateTestDataForBSTestOps] Event Type :: TestRunStarted, Test ClassName :: GroupID.FlashTestClass
13:30:59.879 [C:/Users/Hp/Documents/IntelliJ Projects/AppiumPOMProject-1@1] DEBUG c.browserstack.utils.UtilityMethods - [findFileMatcher] Current Path is :: C:\Users\Hp\Documents\IntelliJ Projects\AppiumPOMProject, TestClass :: GroupID\FlashObjectOptimised
13:30:59.882 [C:/Users/Hp/Documents/IntelliJ Projects/AppiumPOMProject-2@2] DEBUG c.b.testNgListeners.TestNGUtils - [populateTestDataForBSTestOps] Event Type :: TestRunStarted, Test ClassName :: GroupID.FlashTestClass
13:30:59.882 [C:/Users/Hp/Documents/IntelliJ Projects/AppiumPOMProject-2@2] DEBUG c.browserstack.utils.UtilityMethods - [findFileMatcher] Current Path is :: C:\Users\Hp\Documents\IntelliJ Projects\AppiumPOMProject, TestClass :: GroupID\FlashObjectOptimised
13:30:59.882 [C:/Users/Hp/Documents/IntelliJ Projects/AppiumPOMProject-0@0] DEBUG c.b.testNgListeners.TestNGUtils - [populateTestDataForBSTestOps] Event Type :: TestRunStarted, Test ClassName :: GroupID.FlashTestClass
13:30:59.882 [C:/Users/Hp/Documents/IntelliJ Projects/AppiumPOMProject-0@0] DEBUG c.browserstack.utils.UtilityMethods - [findFileMatcher] Current Path is :: C:\Users\Hp\Documents\IntelliJ Projects\AppiumPOMProject, TestClass :: GroupID\FlashObjectOptimised
13:30:59.892 [C:/Users/Hp/Documents/IntelliJ Projects/AppiumPOMProject-1@1] DEBUG c.b.testNgListeners.TestNGUtils - [populateTestDataForBSTestOps] The filename fetched :: C:\Users\Hp\Documents\IntelliJ Projects\AppiumPOMProject\src\test\java\GroupID\FlashObjectOptimised.java, fileSeparator :: \, AbsolutePath :: C:\Users\Hp\Documents\IntelliJ Projects\AppiumPOMProject\., Normalized Path :: C:\Users\Hp\Documents\IntelliJ Projects\AppiumPOMProject, File.Separator :: \
13:30:59.892 [C:/Users/Hp/Documents/IntelliJ Projects/AppiumPOMProject-1@1] DEBUG c.b.testNgListeners.TestNGUtils - [populateTestDataForBSTestOps] Replaced File Name is :: AppiumPOMProject\src\test\java\GroupID\FlashObjectOptimised.java, Absolute Path :: C:\Users\Hp\Documents\IntelliJ Projects\AppiumPOMProject\.., Normalized Path :: C:\Users\Hp\Documents\IntelliJ Projects 
13:30:59.896 [C:/Users/Hp/Documents/IntelliJ Projects/AppiumPOMProject-1@1] DEBUG com.browserstack.testOps.Listener - [ TESTHUB ] Processing Request Kind TestRunStarted
13:30:59.897 [C:/Users/Hp/Documents/IntelliJ Projects/AppiumPOMProject-0@0] DEBUG c.b.testNgListeners.TestNGUtils - [populateTestDataForBSTestOps] The filename fetched :: C:\Users\Hp\Documents\IntelliJ Projects\AppiumPOMProject\src\test\java\GroupID\FlashObjectOptimised.java, fileSeparator :: \, AbsolutePath :: C:\Users\Hp\Documents\IntelliJ Projects\AppiumPOMProject\., Normalized Path :: C:\Users\Hp\Documents\IntelliJ Projects\AppiumPOMProject, File.Separator :: \
13:30:59.897 [C:/Users/Hp/Documents/IntelliJ Projects/AppiumPOMProject-0@0] DEBUG c.b.testNgListeners.TestNGUtils - [populateTestDataForBSTestOps] Replaced File Name is :: AppiumPOMProject\src\test\java\GroupID\FlashObjectOptimised.java, Absolute Path :: C:\Users\Hp\Documents\IntelliJ Projects\AppiumPOMProject\.., Normalized Path :: C:\Users\Hp\Documents\IntelliJ Projects 
13:30:59.897 [AppiumTest1@1] DEBUG c.b.testNgListeners.TestNGUtils - [populateTestDataForBSTestOps] Event Type :: TestRunSkipped, Test ClassName :: GroupID.FlashTestClass
13:30:59.897 [AppiumTest1@1] DEBUG c.browserstack.utils.UtilityMethods - [findFileMatcher] Current Path is :: C:\Users\Hp\Documents\IntelliJ Projects\AppiumPOMProject, TestClass :: GroupID\FlashObjectOptimised
13:30:59.898 [C:/Users/Hp/Documents/IntelliJ Projects/AppiumPOMProject-2@2] DEBUG c.b.testNgListeners.TestNGUtils - [populateTestDataForBSTestOps] The filename fetched :: C:\Users\Hp\Documents\IntelliJ Projects\AppiumPOMProject\src\test\java\GroupID\FlashObjectOptimised.java, fileSeparator :: \, AbsolutePath :: C:\Users\Hp\Documents\IntelliJ Projects\AppiumPOMProject\., Normalized Path :: C:\Users\Hp\Documents\IntelliJ Projects\AppiumPOMProject, File.Separator :: \
13:30:59.898 [C:/Users/Hp/Documents/IntelliJ Projects/AppiumPOMProject-2@2] DEBUG c.b.testNgListeners.TestNGUtils - [populateTestDataForBSTestOps] Replaced File Name is :: AppiumPOMProject\src\test\java\GroupID\FlashObjectOptimised.java, Absolute Path :: C:\Users\Hp\Documents\IntelliJ Projects\AppiumPOMProject\.., Normalized Path :: C:\Users\Hp\Documents\IntelliJ Projects 
13:30:59.901 [C:/Users/Hp/Documents/IntelliJ Projects/AppiumPOMProject-0@0] DEBUG com.browserstack.testOps.Listener - [ TESTHUB ] Processing Request Kind TestRunStarted
13:30:59.902 [C:/Users/Hp/Documents/IntelliJ Projects/AppiumPOMProject-2@2] DEBUG com.browserstack.testOps.Listener - [ TESTHUB ] Processing Request Kind TestRunStarted
13:30:59.902 [AppiumTest1@2] DEBUG c.b.testNgListeners.TestNGUtils - [populateTestDataForBSTestOps] Event Type :: TestRunSkipped, Test ClassName :: GroupID.FlashTestClass
13:30:59.902 [AppiumTest1@2] DEBUG c.browserstack.utils.UtilityMethods - [findFileMatcher] Current Path is :: C:\Users\Hp\Documents\IntelliJ Projects\AppiumPOMProject, TestClass :: GroupID\FlashObjectOptimised
13:30:59.902 [AppiumTest1@0] DEBUG c.b.testNgListeners.TestNGUtils - [populateTestDataForBSTestOps] Event Type :: TestRunSkipped, Test ClassName :: GroupID.FlashTestClass
13:30:59.902 [AppiumTest1@0] DEBUG c.browserstack.utils.UtilityMethods - [findFileMatcher] Current Path is :: C:\Users\Hp\Documents\IntelliJ Projects\AppiumPOMProject, TestClass :: GroupID\FlashObjectOptimised
13:30:59.910 [AppiumTest1@1] DEBUG c.b.testNgListeners.TestNGUtils - [populateTestDataForBSTestOps] The filename fetched :: C:\Users\Hp\Documents\IntelliJ Projects\AppiumPOMProject\src\test\java\GroupID\FlashObjectOptimised.java, fileSeparator :: \, AbsolutePath :: C:\Users\Hp\Documents\IntelliJ Projects\AppiumPOMProject\., Normalized Path :: C:\Users\Hp\Documents\IntelliJ Projects\AppiumPOMProject, File.Separator :: \
13:30:59.910 [AppiumTest1@1] DEBUG c.b.testNgListeners.TestNGUtils - [populateTestDataForBSTestOps] Replaced File Name is :: AppiumPOMProject\src\test\java\GroupID\FlashObjectOptimised.java, Absolute Path :: C:\Users\Hp\Documents\IntelliJ Projects\AppiumPOMProject\.., Normalized Path :: C:\Users\Hp\Documents\IntelliJ Projects 
13:30:59.914 [AppiumTest1@1] DEBUG com.browserstack.testOps.Listener - [ TESTHUB ] Processing Request Kind TestRunFinished
13:30:59.914 [AppiumTest1@1] DEBUG c.browserstack.utils.LogReportingAPI - sendSync failed - driver not found
13:30:59.914 [AppiumTest1@2] DEBUG c.b.testNgListeners.TestNGUtils - [populateTestDataForBSTestOps] The filename fetched :: C:\Users\Hp\Documents\IntelliJ Projects\AppiumPOMProject\src\test\java\GroupID\FlashObjectOptimised.java, fileSeparator :: \, AbsolutePath :: C:\Users\Hp\Documents\IntelliJ Projects\AppiumPOMProject\., Normalized Path :: C:\Users\Hp\Documents\IntelliJ Projects\AppiumPOMProject, File.Separator :: \
13:30:59.916 [AppiumTest1@2] DEBUG c.b.testNgListeners.TestNGUtils - [populateTestDataForBSTestOps] Replaced File Name is :: AppiumPOMProject\src\test\java\GroupID\FlashObjectOptimised.java, Absolute Path :: C:\Users\Hp\Documents\IntelliJ Projects\AppiumPOMProject\.., Normalized Path :: C:\Users\Hp\Documents\IntelliJ Projects 
13:30:59.917 [AppiumTest1@0] DEBUG c.b.testNgListeners.TestNGUtils - [populateTestDataForBSTestOps] The filename fetched :: C:\Users\Hp\Documents\IntelliJ Projects\AppiumPOMProject\src\test\java\GroupID\FlashObjectOptimised.java, fileSeparator :: \, AbsolutePath :: C:\Users\Hp\Documents\IntelliJ Projects\AppiumPOMProject\., Normalized Path :: C:\Users\Hp\Documents\IntelliJ Projects\AppiumPOMProject, File.Separator :: \
13:30:59.917 [AppiumTest1@0] DEBUG c.b.testNgListeners.TestNGUtils - [populateTestDataForBSTestOps] Replaced File Name is :: AppiumPOMProject\src\test\java\GroupID\FlashObjectOptimised.java, Absolute Path :: C:\Users\Hp\Documents\IntelliJ Projects\AppiumPOMProject\.., Normalized Path :: C:\Users\Hp\Documents\IntelliJ Projects 
13:30:59.918 [C:/Users/Hp/Documents/IntelliJ Projects/AppiumPOMProject-1@1] DEBUG c.b.testNgListeners.TestNGUtils - [populateTestDataForBSTestOps] Event Type :: TestRunStarted, Test ClassName :: GroupID.FlashTestClass
13:30:59.919 [C:/Users/Hp/Documents/IntelliJ Projects/AppiumPOMProject-1@1] DEBUG c.browserstack.utils.UtilityMethods - [findFileMatcher] Current Path is :: C:\Users\Hp\Documents\IntelliJ Projects\AppiumPOMProject, TestClass :: GroupID\FlashObjectOptimised
13:30:59.923 [AppiumTest1@2] DEBUG com.browserstack.testOps.Listener - [ TESTHUB ] Processing Request Kind TestRunFinished
13:30:59.923 [AppiumTest1@0] DEBUG com.browserstack.testOps.Listener - [ TESTHUB ] Processing Request Kind TestRunFinished
13:30:59.923 [AppiumTest1@2] DEBUG c.browserstack.utils.LogReportingAPI - sendSync failed - driver not found
13:30:59.923 [AppiumTest1@0] DEBUG c.browserstack.utils.LogReportingAPI - sendSync failed - driver not found
13:30:59.927 [C:/Users/Hp/Documents/IntelliJ Projects/AppiumPOMProject-2@2] DEBUG c.b.testNgListeners.TestNGUtils - [populateTestDataForBSTestOps] Event Type :: TestRunStarted, Test ClassName :: GroupID.FlashTestClass
13:30:59.927 [C:/Users/Hp/Documents/IntelliJ Projects/AppiumPOMProject-0@0] DEBUG c.b.testNgListeners.TestNGUtils - [populateTestDataForBSTestOps] Event Type :: TestRunStarted, Test ClassName :: GroupID.FlashTestClass
13:30:59.927 [C:/Users/Hp/Documents/IntelliJ Projects/AppiumPOMProject-0@0] DEBUG c.browserstack.utils.UtilityMethods - [findFileMatcher] Current Path is :: C:\Users\Hp\Documents\IntelliJ Projects\AppiumPOMProject, TestClass :: GroupID\FlashObjectOptimised
13:30:59.927 [C:/Users/Hp/Documents/IntelliJ Projects/AppiumPOMProject-2@2] DEBUG c.browserstack.utils.UtilityMethods - [findFileMatcher] Current Path is :: C:\Users\Hp\Documents\IntelliJ Projects\AppiumPOMProject, TestClass :: GroupID\FlashObjectOptimised
13:30:59.932 [C:/Users/Hp/Documents/IntelliJ Projects/AppiumPOMProject-1@1] DEBUG c.b.testNgListeners.TestNGUtils - [populateTestDataForBSTestOps] The filename fetched :: C:\Users\Hp\Documents\IntelliJ Projects\AppiumPOMProject\src\test\java\GroupID\FlashObjectOptimised.java, fileSeparator :: \, AbsolutePath :: C:\Users\Hp\Documents\IntelliJ Projects\AppiumPOMProject\., Normalized Path :: C:\Users\Hp\Documents\IntelliJ Projects\AppiumPOMProject, File.Separator :: \
13:30:59.932 [C:/Users/Hp/Documents/IntelliJ Projects/AppiumPOMProject-1@1] DEBUG c.b.testNgListeners.TestNGUtils - [populateTestDataForBSTestOps] Replaced File Name is :: AppiumPOMProject\src\test\java\GroupID\FlashObjectOptimised.java, Absolute Path :: C:\Users\Hp\Documents\IntelliJ Projects\AppiumPOMProject\.., Normalized Path :: C:\Users\Hp\Documents\IntelliJ Projects 
13:30:59.936 [C:/Users/Hp/Documents/IntelliJ Projects/AppiumPOMProject-1@1] DEBUG com.browserstack.testOps.Listener - [ TESTHUB ] Processing Request Kind TestRunStarted
13:30:59.938 [AppiumTest1@1] DEBUG c.b.testNgListeners.TestNGUtils - [populateTestDataForBSTestOps] Event Type :: TestRunSkipped, Test ClassName :: GroupID.FlashTestClass
13:30:59.938 [AppiumTest1@1] DEBUG c.browserstack.utils.UtilityMethods - [findFileMatcher] Current Path is :: C:\Users\Hp\Documents\IntelliJ Projects\AppiumPOMProject, TestClass :: GroupID\FlashObjectOptimised
13:30:59.942 [C:/Users/Hp/Documents/IntelliJ Projects/AppiumPOMProject-2@2] DEBUG c.b.testNgListeners.TestNGUtils - [populateTestDataForBSTestOps] The filename fetched :: C:\Users\Hp\Documents\IntelliJ Projects\AppiumPOMProject\src\test\java\GroupID\FlashObjectOptimised.java, fileSeparator :: \, AbsolutePath :: C:\Users\Hp\Documents\IntelliJ Projects\AppiumPOMProject\., Normalized Path :: C:\Users\Hp\Documents\IntelliJ Projects\AppiumPOMProject, File.Separator :: \
13:30:59.942 [C:/Users/Hp/Documents/IntelliJ Projects/AppiumPOMProject-2@2] DEBUG c.b.testNgListeners.TestNGUtils - [populateTestDataForBSTestOps] Replaced File Name is :: AppiumPOMProject\src\test\java\GroupID\FlashObjectOptimised.java, Absolute Path :: C:\Users\Hp\Documents\IntelliJ Projects\AppiumPOMProject\.., Normalized Path :: C:\Users\Hp\Documents\IntelliJ Projects 
13:30:59.943 [C:/Users/Hp/Documents/IntelliJ Projects/AppiumPOMProject-0@0] DEBUG c.b.testNgListeners.TestNGUtils - [populateTestDataForBSTestOps] The filename fetched :: C:\Users\Hp\Documents\IntelliJ Projects\AppiumPOMProject\src\test\java\GroupID\FlashObjectOptimised.java, fileSeparator :: \, AbsolutePath :: C:\Users\Hp\Documents\IntelliJ Projects\AppiumPOMProject\., Normalized Path :: C:\Users\Hp\Documents\IntelliJ Projects\AppiumPOMProject, File.Separator :: \
13:30:59.943 [C:/Users/Hp/Documents/IntelliJ Projects/AppiumPOMProject-0@0] DEBUG c.b.testNgListeners.TestNGUtils - [populateTestDataForBSTestOps] Replaced File Name is :: AppiumPOMProject\src\test\java\GroupID\FlashObjectOptimised.java, Absolute Path :: C:\Users\Hp\Documents\IntelliJ Projects\AppiumPOMProject\.., Normalized Path :: C:\Users\Hp\Documents\IntelliJ Projects 
13:30:59.946 [C:/Users/Hp/Documents/IntelliJ Projects/AppiumPOMProject-2@2] DEBUG com.browserstack.testOps.Listener - [ TESTHUB ] Processing Request Kind TestRunStarted
13:30:59.947 [AppiumTest1@2] DEBUG c.b.testNgListeners.TestNGUtils - [populateTestDataForBSTestOps] Event Type :: TestRunSkipped, Test ClassName :: GroupID.FlashTestClass
13:30:59.947 [AppiumTest1@2] DEBUG c.browserstack.utils.UtilityMethods - [findFileMatcher] Current Path is :: C:\Users\Hp\Documents\IntelliJ Projects\AppiumPOMProject, TestClass :: GroupID\FlashObjectOptimised
13:30:59.948 [C:/Users/Hp/Documents/IntelliJ Projects/AppiumPOMProject-0@0] DEBUG com.browserstack.testOps.Listener - [ TESTHUB ] Processing Request Kind TestRunStarted
13:30:59.949 [AppiumTest1@0] DEBUG c.b.testNgListeners.TestNGUtils - [populateTestDataForBSTestOps] Event Type :: TestRunSkipped, Test ClassName :: GroupID.FlashTestClass
13:30:59.949 [AppiumTest1@0] DEBUG c.browserstack.utils.UtilityMethods - [findFileMatcher] Current Path is :: C:\Users\Hp\Documents\IntelliJ Projects\AppiumPOMProject, TestClass :: GroupID\FlashObjectOptimised
13:30:59.951 [AppiumTest1@1] DEBUG c.b.testNgListeners.TestNGUtils - [populateTestDataForBSTestOps] The filename fetched :: C:\Users\Hp\Documents\IntelliJ Projects\AppiumPOMProject\src\test\java\GroupID\FlashObjectOptimised.java, fileSeparator :: \, AbsolutePath :: C:\Users\Hp\Documents\IntelliJ Projects\AppiumPOMProject\., Normalized Path :: C:\Users\Hp\Documents\IntelliJ Projects\AppiumPOMProject, File.Separator :: \
13:30:59.951 [AppiumTest1@1] DEBUG c.b.testNgListeners.TestNGUtils - [populateTestDataForBSTestOps] Replaced File Name is :: AppiumPOMProject\src\test\java\GroupID\FlashObjectOptimised.java, Absolute Path :: C:\Users\Hp\Documents\IntelliJ Projects\AppiumPOMProject\.., Normalized Path :: C:\Users\Hp\Documents\IntelliJ Projects 
13:30:59.955 [AppiumTest1@1] DEBUG com.browserstack.testOps.Listener - [ TESTHUB ] Processing Request Kind TestRunFinished
13:30:59.955 [AppiumTest1@1] DEBUG c.browserstack.utils.LogReportingAPI - sendSync failed - driver not found
13:30:59.958 [AppiumTest1@2] DEBUG c.b.testNgListeners.TestNGUtils - [populateTestDataForBSTestOps] The filename fetched :: C:\Users\Hp\Documents\IntelliJ Projects\AppiumPOMProject\src\test\java\GroupID\FlashObjectOptimised.java, fileSeparator :: \, AbsolutePath :: C:\Users\Hp\Documents\IntelliJ Projects\AppiumPOMProject\., Normalized Path :: C:\Users\Hp\Documents\IntelliJ Projects\AppiumPOMProject, File.Separator :: \
13:30:59.958 [AppiumTest1@2] DEBUG c.b.testNgListeners.TestNGUtils - [populateTestDataForBSTestOps] Replaced File Name is :: AppiumPOMProject\src\test\java\GroupID\FlashObjectOptimised.java, Absolute Path :: C:\Users\Hp\Documents\IntelliJ Projects\AppiumPOMProject\.., Normalized Path :: C:\Users\Hp\Documents\IntelliJ Projects 
13:30:59.961 [AppiumTest1@0] DEBUG c.b.testNgListeners.TestNGUtils - [populateTestDataForBSTestOps] The filename fetched :: C:\Users\Hp\Documents\IntelliJ Projects\AppiumPOMProject\src\test\java\GroupID\FlashObjectOptimised.java, fileSeparator :: \, AbsolutePath :: C:\Users\Hp\Documents\IntelliJ Projects\AppiumPOMProject\., Normalized Path :: C:\Users\Hp\Documents\IntelliJ Projects\AppiumPOMProject, File.Separator :: \
13:30:59.961 [AppiumTest1@0] DEBUG c.b.testNgListeners.TestNGUtils - [populateTestDataForBSTestOps] Replaced File Name is :: AppiumPOMProject\src\test\java\GroupID\FlashObjectOptimised.java, Absolute Path :: C:\Users\Hp\Documents\IntelliJ Projects\AppiumPOMProject\.., Normalized Path :: C:\Users\Hp\Documents\IntelliJ Projects 
13:30:59.962 [AppiumTest1@2] DEBUG com.browserstack.testOps.Listener - [ TESTHUB ] Processing Request Kind TestRunFinished
13:30:59.962 [AppiumTest1@2] DEBUG c.browserstack.utils.LogReportingAPI - sendSync failed - driver not found
13:30:59.964 [AppiumTest1@0] DEBUG com.browserstack.testOps.Listener - [ TESTHUB ] Processing Request Kind TestRunFinished
13:30:59.964 [AppiumTest1@0] DEBUG c.browserstack.utils.LogReportingAPI - sendSync failed - driver not found
13:31:00.323 [main] DEBUG com.browserstack.testOps.Listener - [ TESTHUB ] Processing Request Kind LogCreated
13:31:00.324 [main] DEBUG com.browserstack.testOps.Listener - [ TESTHUB ] Processing Request Kind LogCreated
13:31:00.325 [Thread-0] DEBUG c.browserstack.BrowserStackJavaAgent - Starting final execution
13:31:00.325 [Thread-0] DEBUG c.b.u.ObservabilityUtilityMethods - Processing batch requests with type: Global
13:31:00.325 [Thread-0] DEBUG c.browserstack.utils.LogReportingAPI - [2024-08-06T08:01:00.325770700Z][ OBSERVABILITY ] Processing stop observability
13:31:00.326 [pool-5-thread-1] DEBUG c.browserstack.utils.RequestBatcher - Processing Batch 29

13:31:00.331 [pool-5-thread-1] DEBUG c.browserstack.testOps.RequestUtils - [requestToTestOps] Sending Observability request: POST api/v1/batch with request size 127752
13:31:00.804 [pool-5-thread-1] DEBUG c.browserstack.testOps.RequestUtils - requestToTestOps: Response code: 200
13:31:00.805 [pool-5-thread-1] DEBUG c.browserstack.utils.LogReportingAPI - 
[2024-08-06T08:01:00.804390100Z][ TESTHUB ] Batch event successfull!

13:31:00.805 [Thread-0] DEBUG c.browserstack.testOps.RequestUtils - [ TESTHUB ] Processing Request Kind stopBuildUpstream
13:31:00.805 [Thread-0] DEBUG c.browserstack.testOps.RequestUtils - [requestToTestOps] Sending Observability request: PUT api/v1/builds/2wu31kfe9coqylsxk8kplstxvgrc01nr5lxogygn/stop with request size 65
13:31:01.042 [Thread-0] DEBUG c.browserstack.testOps.RequestUtils - requestToTestOps: Response code: 200
13:31:01.042 [Thread-0] DEBUG com.browserstack.testOps.Listener - Testhub stop response: 
13:31:03.246 [Thread-0] DEBUG com.browserstack.testOps.UsageStats - getFormattedData: Collecting data for TestObservability
13:31:03.246 [Thread-0] DEBUG com.browserstack.testOps.UsageStats - getEventStats: Getting event data for TestObservability
13:31:03.249 [Thread-0] DEBUG com.browserstack.testOps.UsageStats - [OBSERVABILITY] Failed to parse data from workers
13:31:03.310 [Thread-0] DEBUG c.b.utils.FunnelInstrumentation - Sending funnel data for SDKTestSuccessful with data: {"event_type":"SDKTestSuccessful","accessKey":"cdWAYU5meFd1rax23PEp","userName":"nayankumar_Rp0sMa","event_properties":{"product":"[app-automate, observability]","buildName":"browserstack build","os":"Windows 11","languageVersion":"18.0.2.1","appiumVersion":"9.0.0","frameworkDetectionInstrumentation":{"parseLoadClass":5,"ret-org.openqa.selenium.remote.RemoteWebDriver":386,"retransformClasses":386,"parseDependencies":12},"language":"java","sdkRunId":"60179af5-22d2-4169-b987-5e154d279a18","buildIdentifier":"#6","userFramework":"testng","testhub_uuid":"2wu31kfe9coqylsxk8kplstxvgrc01nr5lxogygn","detectedAppiumVersion":"null","detectedDependencies":"testng","productMap":{"app_automate":true,"accessibility":false,"automate":false,"percy":false,"observability":true},"referrer":"testng-javaagent\/1.20.2","hostname":"DESKTOP-13RHPFK","measures":{"local:start":4939,"sdk:setup":10458,"local:stop":2201},"language_framework":"java_testng","detectedFramework":"testng","productUsage":{"testObservability":{"buildHashedId":"2wu31kfe9coqylsxk8kplstxvgrc01nr5lxogygn","manuallySet":false,"enabled":true,"events":{"hookEvents":{"started":{"errors":[],"failedCount":0,"triggeredCount":2,"sentCount":3},"finished":{"triggeredCount":3,"failedCount":0,"errors":[],"sentCount":3},"failed":{"errors":[],"failedCount":0,"triggeredCount":3,"sentCount":3}},"logEvents":{"errors":[],"failedCount":0,"triggeredCount":127,"sentCount":128,"log":{"errors":[],"failedCount":0,"triggeredCount":127,"sentCount":128}},"testEvents":{"started":{"errors":[],"failedCount":0,"triggeredCount":11,"sentCount":12},"finished":{"triggeredCount":12,"failedCount":0,"errors":[],"sentCount":12},"skipped":{"errors":[],"failedCount":0,"triggeredCount":12,"sentCount":12}},"batchEvents":{"triggeredCount":2,"failedCount":0,"errors":[],"sentCount":2},"cbtSessionEvents":{"errors":[],"failedCount":0,"triggeredCount":0,"sentCount":0},"buildEvents":{"started":{"error":null,"status":"success","triggered":true},"finished":{"error":null,"status":"success","triggered":true}}}}},"detectedSeleniumVersion":"null","browserStackConfig":{"browserstackLocal":true,"percy":false,"logLevel":"info","staticWebDriver":true,"autoDetectFramework":true,"percyCaptureMode":"MANUAL","browserStackLocalOptions":{"localIdentifier":"06_Aug_1330_DESKTOP_13RHPFK_25yD","key":"****"},"percyOptions":null,"testContextOptions":{"skipSessionName":false,"skipSessionStatus":false,"serenityOverridePlugin":false},"platforms":[{"os":null,"browser":null,"osVersion":null,"device":"Samsung Galaxy S23","browserVersion":null,"capabilities":{"platformVersion":13.0,"platformName":"android","deviceName":"Samsung Galaxy S23"},"platformCaps":{"platformVersion":13.0,"platformName":"android","deviceName":"Samsung Galaxy S23"},"platformString":"Samsung Galaxy S23, 13.0","customVariables":"****"},{"os":null,"browser":null,"osVersion":null,"device":"Google Pixel 8 Pro","browserVersion":null,"capabilities":{"platformVersion":14.0,"platformName":"android","deviceName":"Google Pixel 8 Pro"},"platformCaps":{"platformVersion":14.0,"platformName":"android","deviceName":"Google Pixel 8 Pro"},"platformString":"Google Pixel 8 Pro, 14.0","customVariables":"****"},{"os":null,"browser":null,"osVersion":null,"device":"OnePlus 11R","browserVersion":null,"capabilities":{"platformVersion":13.0,"platformName":"android","deviceName":"OnePlus 11R"},"platformCaps":{"platformVersion":13.0,"platformName":"android","deviceName":"OnePlus 11R"},"platformString":"OnePlus 11R, 13.0","customVariables":"****"}],"parallelsPerPlatform":1,"framework":"testng","accessibility":false,"accessibilityOptions":{},"turboScaleOptions":{},"disableAutoCaptureLogs":true,"testObservability":true,"browserstackAutomation":true,"turboScale":false,"testObservabilityOptions":{},"gradleMConfig":null,"proxySettings":null},"seleniumVersion":""}}
13:31:03.628 [Thread-0] DEBUG c.b.utils.FunnelInstrumentation - API Event SDKTestSuccessful response - {"message":"SDK Event recorded successfully"}
13:31:05.186 [Thread-0] DEBUG c.browserstack.utils.UtilityMethods - Browserstack Gradle-M Config File does not exist.
13:36:35.638 [main] DEBUG c.b.config.BrowserStackConfig - Cli Config passed - {}
13:36:35.939 [main] DEBUG c.b.logger.BrowserstackLoggerFactory - Log Level set to TRACE for logger com.browserstack
13:36:35.939 [main] DEBUG c.b.logger.BrowserstackLoggerFactory - Log Level set to INFO for logger stdoutPrinter
13:36:36.030 [main] DEBUG c.b.utils.FrameworkDetectionUtils - Java command - com.intellij.rt.testng.RemoteTestNGStarter -usedefaultlisteners false -listener testBaseUtils.Listeners -socket54298 @w@C:\Users\Hp\AppData\Local\Temp\idea_working_dirs_testng.tmp -temp C:\Users\Hp\AppData\Local\Temp\idea_testng.tmp
13:36:36.030 [main] DEBUG c.b.utils.FrameworkDetectionUtils - Test classes detected: 
13:36:36.036 [main] DEBUG c.b.utils.FrameworkDetectionUtils - Runner: testng, Engine: none
13:36:36.050 [main] DEBUG c.b.utils.FrameworkDetectionUtils - Runner: testng, Engine: none from dependencies
13:36:36.050 [main] DEBUG c.b.utils.FrameworkDetectionUtils - Detected final framework as: testng
13:36:36.050 [main] DEBUG c.browserstack.BrowserStackJavaAgent - JavaAgent Version 1.20.2
13:36:36.053 [main] DEBUG c.b.utils.ExitSignalHandler - Registered handler for INT
13:36:36.053 [main] DEBUG c.b.utils.ExitSignalHandler - Registered handler for TERM
13:36:36.053 [main] DEBUG c.b.utils.ExitSignalHandler - Unable to attach signal handler for HUP Unknown signal: HUP
13:36:36.053 [main] DEBUG c.b.utils.ExitSignalHandler - Registered handler for ABRT
13:36:36.511 [Thread-1] DEBUG c.browserstack.utils.UtilityMethods - NEXT HUBS ARE: ["hub-aps.browserstack.com","hub-euw.browserstack.com","hub-apse.browserstack.com"]
13:36:36.800 [main] DEBUG c.browserstack.utils.UtilityMethods - EXECUTION TIME OF hub-aps.browserstack.com HUB IS: 287ms
13:36:37.681 [main] DEBUG c.browserstack.utils.UtilityMethods - EXECUTION TIME OF hub-euw.browserstack.com HUB IS: 878ms
13:36:38.643 [main] DEBUG c.browserstack.utils.UtilityMethods - EXECUTION TIME OF hub-apse.browserstack.com HUB IS: 962ms
13:36:38.644 [main] DEBUG c.browserstack.utils.UtilityMethods - NEAREST HUB ALLOCATED IS - hub-aps.browserstack.com
13:36:38.657 [main] DEBUG c.b.utils.FunnelInstrumentation - Sending funnel data for SDKTestAttempted with data: {"event_type":"SDKTestAttempted","accessKey":"cdWAYU5meFd1rax23PEp","userName":"nayankumar_Rp0sMa","event_properties":{"product":"[app-automate, observability]","buildName":"browserstack build","os":"Windows 11","languageVersion":"18.0.2.1","appiumVersion":"9.0.0","frameworkDetectionInstrumentation":{"parseLoadClass":5,"parseDependencies":14},"language":"java","sdkRunId":"18792f94-1ab8-4479-ba81-315c4c67b651","buildIdentifier":"#7","userFramework":"testng","testhub_uuid":"","detectedAppiumVersion":"null","detectedDependencies":"testng","productMap":{"app_automate":true,"accessibility":false,"automate":false,"percy":false,"observability":true},"referrer":"testng-javaagent\/1.20.2","hostname":"DESKTOP-13RHPFK","language_framework":"java_testng","detectedFramework":"testng","detectedSeleniumVersion":"null","seleniumVersion":""}}
13:36:39.050 [main] DEBUG c.b.utils.FunnelInstrumentation - API Event SDKTestAttempted response - {"message":"SDK Event recorded successfully"}
13:36:39.251 [main] DEBUG c.browserstack.testOps.RequestUtils - [ TESTHUB ] Processing Request Kind launchTestSession
13:36:39.252 [main] DEBUG c.browserstack.testOps.RequestUtils - [requestToTestOps] Sending Observability request: POST api/v2/builds with request size 1329
13:36:40.809 [main] DEBUG c.browserstack.testOps.RequestUtils - requestToTestOps: Response code: 200
13:36:40.809 [main] DEBUG com.browserstack.testOps.Listener - BROWSERSTACK_TESTHUB_UUID : zfqgm2lk3qq02fwk6mkdfbkiaaopw916e0pqvc5s
13:36:40.809 [main] DEBUG com.browserstack.testOps.Listener - [ TESTHUB ] Build creation successfull
13:36:40.812 [main] DEBUG com.browserstack.LocalFactory - Starting BrowserStack Local with identifier 06_Aug_1336_DESKTOP_13RHPFK_ok9F
13:36:46.544 [main] DEBUG com.browserstack.testOps.Listener - [ TESTHUB ] Processing Request Kind LogCreated
13:36:46.549 [main] DEBUG c.b.t.XMLSuiteClassListener - Number of parallels - 1 and number of platforms - 1
13:36:46.786 [main] DEBUG com.browserstack.testOps.Listener - [ TESTHUB ] Processing Request Kind LogCreated
13:36:46.790 [main] DEBUG com.browserstack.testOps.Listener - [ TESTHUB ] Processing Request Kind LogCreated
13:36:46.792 [main] DEBUG com.browserstack.testOps.Listener - [ TESTHUB ] Processing Request Kind LogCreated
13:36:46.792 [main] DEBUG com.browserstack.testOps.Listener - [ TESTHUB ] Processing Request Kind LogCreated
13:36:46.792 [main] DEBUG com.browserstack.testOps.Listener - [ TESTHUB ] Processing Request Kind LogCreated
13:36:46.793 [main] DEBUG com.browserstack.testOps.Listener - [ TESTHUB ] Processing Request Kind LogCreated
13:36:46.793 [main] DEBUG com.browserstack.testOps.Listener - [ TESTHUB ] Processing Request Kind LogCreated
13:36:46.794 [main] DEBUG com.browserstack.testOps.Listener - [ TESTHUB ] Processing Request Kind LogCreated
13:36:46.799 [main] DEBUG com.browserstack.testOps.Listener - [ TESTHUB ] Processing Request Kind LogCreated
13:36:46.811 [main] DEBUG com.browserstack.testOps.Listener - [ TESTHUB ] Processing Request Kind LogCreated
13:36:46.812 [main] DEBUG com.browserstack.testOps.Listener - [ TESTHUB ] Processing Request Kind LogCreated
13:36:46.819 [main] DEBUG com.browserstack.testOps.Listener - [ TESTHUB ] Processing Request Kind LogCreated
13:36:46.819 [main] DEBUG com.browserstack.testOps.Listener - [ TESTHUB ] Processing Request Kind LogCreated
13:36:46.819 [main] DEBUG com.browserstack.testOps.Listener - [ TESTHUB ] Processing Request Kind LogCreated
13:36:46.820 [main] DEBUG com.browserstack.testOps.Listener - [ TESTHUB ] Processing Request Kind LogCreated
13:36:46.820 [main] DEBUG com.browserstack.testOps.Listener - [ TESTHUB ] Processing Request Kind LogCreated
13:36:46.820 [main] DEBUG com.browserstack.testOps.Listener - [ TESTHUB ] Processing Request Kind LogCreated
13:36:46.822 [main] DEBUG com.browserstack.testOps.Listener - [ TESTHUB ] Processing Request Kind LogCreated
13:36:46.822 [main] DEBUG com.browserstack.testOps.Listener - [ TESTHUB ] Processing Request Kind LogCreated
13:36:46.823 [main] DEBUG com.browserstack.testOps.Listener - [ TESTHUB ] Processing Request Kind LogCreated
13:36:46.823 [main] DEBUG com.browserstack.testOps.Listener - [ TESTHUB ] Processing Request Kind LogCreated
13:36:46.828 [main] DEBUG com.browserstack.testOps.Listener - [ TESTHUB ] Processing Request Kind LogCreated
13:36:46.828 [main] DEBUG com.browserstack.testOps.Listener - [ TESTHUB ] Processing Request Kind LogCreated
13:36:46.829 [main] DEBUG com.browserstack.testOps.Listener - [ TESTHUB ] Processing Request Kind LogCreated
13:36:46.829 [main] DEBUG com.browserstack.testOps.Listener - [ TESTHUB ] Processing Request Kind LogCreated
13:36:46.830 [main] DEBUG com.browserstack.testOps.Listener - [ TESTHUB ] Processing Request Kind LogCreated
13:36:46.830 [main] DEBUG com.browserstack.testOps.Listener - [ TESTHUB ] Processing Request Kind LogCreated
13:36:46.830 [main] DEBUG com.browserstack.testOps.Listener - [ TESTHUB ] Processing Request Kind LogCreated
13:36:46.830 [main] DEBUG com.browserstack.testOps.Listener - [ TESTHUB ] Processing Request Kind LogCreated
13:36:46.831 [main] DEBUG com.browserstack.testOps.Listener - [ TESTHUB ] Processing Request Kind LogCreated
13:36:46.832 [main] DEBUG com.browserstack.testOps.Listener - [ TESTHUB ] Processing Request Kind LogCreated
13:36:46.832 [main] DEBUG com.browserstack.testOps.Listener - [ TESTHUB ] Processing Request Kind LogCreated
13:36:46.832 [main] DEBUG com.browserstack.testOps.Listener - [ TESTHUB ] Processing Request Kind LogCreated
13:36:46.832 [main] DEBUG com.browserstack.testOps.Listener - [ TESTHUB ] Processing Request Kind LogCreated
13:36:46.832 [main] DEBUG com.browserstack.testOps.Listener - [ TESTHUB ] Processing Request Kind LogCreated
13:36:46.834 [main] DEBUG com.browserstack.testOps.Listener - [ TESTHUB ] Processing Request Kind LogCreated
13:36:46.835 [main] DEBUG com.browserstack.testOps.Listener - [ TESTHUB ] Processing Request Kind LogCreated
13:36:46.835 [main] DEBUG com.browserstack.testOps.Listener - [ TESTHUB ] Processing Request Kind LogCreated
13:36:46.835 [main] DEBUG com.browserstack.testOps.Listener - [ TESTHUB ] Processing Request Kind LogCreated
13:36:46.836 [main] DEBUG com.browserstack.testOps.Listener - [ TESTHUB ] Processing Request Kind LogCreated
13:36:46.842 [main] DEBUG com.browserstack.testOps.Listener - [ TESTHUB ] Processing Request Kind LogCreated
13:36:46.843 [main] DEBUG c.browserstack.utils.LogReportingAPI - [2024-08-06T08:06:46.843790400Z][ OBSERVABILITY ] Processing Logs patching stream
13:36:46.850 [main] DEBUG com.browserstack.testOps.Listener - [ TESTHUB ] Processing Request Kind LogCreated
13:36:46.870 [C:/Users/Hp/Documents/IntelliJ Projects/AppiumPOMProject-0@0] DEBUG com.browserstack.testOps.Listener - [ TESTHUB ] Processing Request Kind LogCreated
13:36:46.890 [configureAppium@0] DEBUG c.b.testNgListeners.TestNGUtils - [populateTestDataForBSTestOps] Event Type :: HookRunStarted, Method ClassName :: testBaseUtils.WFlashBeforeEachTestAndroid 
13:36:46.890 [configureAppium@0] DEBUG c.browserstack.utils.UtilityMethods - [findFileMatcher] Current Path is :: C:\Users\Hp\Documents\IntelliJ Projects\AppiumPOMProject, TestClass :: testBaseUtils\WFlashBeforeEachTestAndroid
13:36:46.905 [configureAppium@0] DEBUG c.b.testNgListeners.TestNGUtils - [populateTestDataForBSTestOps] The filename fetched :: C:\Users\Hp\Documents\IntelliJ Projects\AppiumPOMProject\src\test\java\testBaseUtils\WFlashBeforeEachTestAndroid.java, fileSeparator :: \, AbsolutePath :: C:\Users\Hp\Documents\IntelliJ Projects\AppiumPOMProject\., Normalized Path :: C:\Users\Hp\Documents\IntelliJ Projects\AppiumPOMProject, File.Separator :: \
13:36:46.906 [configureAppium@0] DEBUG c.b.testNgListeners.TestNGUtils - [populateTestDataForBSTestOps] Replaced File Name is :: AppiumPOMProject\src\test\java\testBaseUtils\WFlashBeforeEachTestAndroid.java, Absolute Path :: C:\Users\Hp\Documents\IntelliJ Projects\AppiumPOMProject\.., Normalized Path :: C:\Users\Hp\Documents\IntelliJ Projects 
13:36:46.910 [configureAppium@0] DEBUG com.browserstack.testOps.Listener - [ TESTHUB ] Processing Request Kind HookRunStarted
13:36:48.549 [pool-4-thread-1] DEBUG c.browserstack.utils.RequestBatcher - Time Since Last Batch Processed 1722931608549

13:36:48.552 [pool-5-thread-1] DEBUG c.browserstack.utils.RequestBatcher - Processing Batch 45

13:36:48.553 [pool-5-thread-1] DEBUG c.browserstack.testOps.RequestUtils - [requestToTestOps] Sending Observability request: POST api/v1/batch with request size 10897
13:36:48.808 [pool-5-thread-1] DEBUG c.browserstack.testOps.RequestUtils - requestToTestOps: Response code: 200
13:36:48.808 [pool-5-thread-1] DEBUG c.browserstack.utils.LogReportingAPI - 
[2024-08-06T08:06:48.808568900Z][ TESTHUB ] Batch event successfull!

13:36:49.120 [configureAppium@0] DEBUG c.browserstack.utils.UtilityMethods - [Patch]: SDK enabled, patching remote server
13:36:49.123 [configureAppium@0] DEBUG c.b.selenium.SeleniumHandler - beforeDriverInit: SDK enabled. Thread ID: 43
13:36:49.126 [configureAppium@0] DEBUG c.browserstack.utils.UtilityMethods - [Patch]: SDK enabled, patching remote server
13:36:49.228 [C:/Users/Hp/Documents/IntelliJ Projects/AppiumPOMProject-0@0] DEBUG c.b.testNgListeners.TestNGUtils - [populateTestDataForBSTestOps] Event Type :: TestRunStarted, Test ClassName :: GroupID.FlashTestClass
13:36:49.228 [C:/Users/Hp/Documents/IntelliJ Projects/AppiumPOMProject-0@0] DEBUG c.browserstack.utils.UtilityMethods - [findFileMatcher] Current Path is :: C:\Users\Hp\Documents\IntelliJ Projects\AppiumPOMProject, TestClass :: GroupID\FlashObjectOptimised
13:36:49.237 [C:/Users/Hp/Documents/IntelliJ Projects/AppiumPOMProject-0@0] DEBUG c.b.testNgListeners.TestNGUtils - [populateTestDataForBSTestOps] The filename fetched :: C:\Users\Hp\Documents\IntelliJ Projects\AppiumPOMProject\src\test\java\GroupID\FlashObjectOptimised.java, fileSeparator :: \, AbsolutePath :: C:\Users\Hp\Documents\IntelliJ Projects\AppiumPOMProject\., Normalized Path :: C:\Users\Hp\Documents\IntelliJ Projects\AppiumPOMProject, File.Separator :: \
13:36:49.237 [C:/Users/Hp/Documents/IntelliJ Projects/AppiumPOMProject-0@0] DEBUG c.b.testNgListeners.TestNGUtils - [populateTestDataForBSTestOps] Replaced File Name is :: AppiumPOMProject\src\test\java\GroupID\FlashObjectOptimised.java, Absolute Path :: C:\Users\Hp\Documents\IntelliJ Projects\AppiumPOMProject\.., Normalized Path :: C:\Users\Hp\Documents\IntelliJ Projects 
13:36:49.240 [C:/Users/Hp/Documents/IntelliJ Projects/AppiumPOMProject-0@0] DEBUG com.browserstack.testOps.Listener - [ TESTHUB ] Processing Request Kind TestRunStarted
13:36:49.242 [AppiumTest1@0] DEBUG c.b.testNgListeners.TestNGUtils - [populateTestDataForBSTestOps] Event Type :: HookRunFinished, Method ClassName :: testBaseUtils.WFlashBeforeEachTestAndroid 
13:36:49.242 [AppiumTest1@0] DEBUG c.browserstack.utils.UtilityMethods - [findFileMatcher] Current Path is :: C:\Users\Hp\Documents\IntelliJ Projects\AppiumPOMProject, TestClass :: testBaseUtils\WFlashBeforeEachTestAndroid
13:36:49.250 [AppiumTest1@0] DEBUG c.b.testNgListeners.TestNGUtils - [populateTestDataForBSTestOps] The filename fetched :: C:\Users\Hp\Documents\IntelliJ Projects\AppiumPOMProject\src\test\java\testBaseUtils\WFlashBeforeEachTestAndroid.java, fileSeparator :: \, AbsolutePath :: C:\Users\Hp\Documents\IntelliJ Projects\AppiumPOMProject\., Normalized Path :: C:\Users\Hp\Documents\IntelliJ Projects\AppiumPOMProject, File.Separator :: \
13:36:49.250 [AppiumTest1@0] DEBUG c.b.testNgListeners.TestNGUtils - [populateTestDataForBSTestOps] Replaced File Name is :: AppiumPOMProject\src\test\java\testBaseUtils\WFlashBeforeEachTestAndroid.java, Absolute Path :: C:\Users\Hp\Documents\IntelliJ Projects\AppiumPOMProject\.., Normalized Path :: C:\Users\Hp\Documents\IntelliJ Projects 
13:36:49.251 [AppiumTest1@0] DEBUG com.browserstack.testOps.Listener - [ TESTHUB ] Processing Request Kind HookRunFinished
13:36:49.251 [AppiumTest1@0] DEBUG c.b.testNgListeners.TestNGUtils - [populateTestDataForBSTestOps] Event Type :: TestRunSkipped, Test ClassName :: GroupID.FlashTestClass
13:36:49.251 [AppiumTest1@0] DEBUG c.browserstack.utils.UtilityMethods - [findFileMatcher] Current Path is :: C:\Users\Hp\Documents\IntelliJ Projects\AppiumPOMProject, TestClass :: GroupID\FlashObjectOptimised
13:36:49.259 [AppiumTest1@0] DEBUG c.b.testNgListeners.TestNGUtils - [populateTestDataForBSTestOps] The filename fetched :: C:\Users\Hp\Documents\IntelliJ Projects\AppiumPOMProject\src\test\java\GroupID\FlashObjectOptimised.java, fileSeparator :: \, AbsolutePath :: C:\Users\Hp\Documents\IntelliJ Projects\AppiumPOMProject\., Normalized Path :: C:\Users\Hp\Documents\IntelliJ Projects\AppiumPOMProject, File.Separator :: \
13:36:49.259 [AppiumTest1@0] DEBUG c.b.testNgListeners.TestNGUtils - [populateTestDataForBSTestOps] Replaced File Name is :: AppiumPOMProject\src\test\java\GroupID\FlashObjectOptimised.java, Absolute Path :: C:\Users\Hp\Documents\IntelliJ Projects\AppiumPOMProject\.., Normalized Path :: C:\Users\Hp\Documents\IntelliJ Projects 
13:36:49.262 [AppiumTest1@0] DEBUG com.browserstack.testOps.Listener - [ TESTHUB ] Processing Request Kind TestRunFinished
13:36:49.262 [AppiumTest1@0] DEBUG c.browserstack.utils.LogReportingAPI - sendSync failed - driver not found
13:36:49.265 [C:/Users/Hp/Documents/IntelliJ Projects/AppiumPOMProject-0@0] DEBUG c.b.testNgListeners.TestNGUtils - [populateTestDataForBSTestOps] Event Type :: TestRunStarted, Test ClassName :: GroupID.FlashTestClass
13:36:49.266 [C:/Users/Hp/Documents/IntelliJ Projects/AppiumPOMProject-0@0] DEBUG c.browserstack.utils.UtilityMethods - [findFileMatcher] Current Path is :: C:\Users\Hp\Documents\IntelliJ Projects\AppiumPOMProject, TestClass :: GroupID\FlashObjectOptimised
13:36:49.274 [C:/Users/Hp/Documents/IntelliJ Projects/AppiumPOMProject-0@0] DEBUG c.b.testNgListeners.TestNGUtils - [populateTestDataForBSTestOps] The filename fetched :: C:\Users\Hp\Documents\IntelliJ Projects\AppiumPOMProject\src\test\java\GroupID\FlashObjectOptimised.java, fileSeparator :: \, AbsolutePath :: C:\Users\Hp\Documents\IntelliJ Projects\AppiumPOMProject\., Normalized Path :: C:\Users\Hp\Documents\IntelliJ Projects\AppiumPOMProject, File.Separator :: \
13:36:49.274 [C:/Users/Hp/Documents/IntelliJ Projects/AppiumPOMProject-0@0] DEBUG c.b.testNgListeners.TestNGUtils - [populateTestDataForBSTestOps] Replaced File Name is :: AppiumPOMProject\src\test\java\GroupID\FlashObjectOptimised.java, Absolute Path :: C:\Users\Hp\Documents\IntelliJ Projects\AppiumPOMProject\.., Normalized Path :: C:\Users\Hp\Documents\IntelliJ Projects 
13:36:49.276 [C:/Users/Hp/Documents/IntelliJ Projects/AppiumPOMProject-0@0] DEBUG com.browserstack.testOps.Listener - [ TESTHUB ] Processing Request Kind TestRunStarted
13:36:49.277 [AppiumTest1@0] DEBUG c.b.testNgListeners.TestNGUtils - [populateTestDataForBSTestOps] Event Type :: TestRunSkipped, Test ClassName :: GroupID.FlashTestClass
13:36:49.277 [AppiumTest1@0] DEBUG c.browserstack.utils.UtilityMethods - [findFileMatcher] Current Path is :: C:\Users\Hp\Documents\IntelliJ Projects\AppiumPOMProject, TestClass :: GroupID\FlashObjectOptimised
13:36:49.284 [AppiumTest1@0] DEBUG c.b.testNgListeners.TestNGUtils - [populateTestDataForBSTestOps] The filename fetched :: C:\Users\Hp\Documents\IntelliJ Projects\AppiumPOMProject\src\test\java\GroupID\FlashObjectOptimised.java, fileSeparator :: \, AbsolutePath :: C:\Users\Hp\Documents\IntelliJ Projects\AppiumPOMProject\., Normalized Path :: C:\Users\Hp\Documents\IntelliJ Projects\AppiumPOMProject, File.Separator :: \
13:36:49.285 [AppiumTest1@0] DEBUG c.b.testNgListeners.TestNGUtils - [populateTestDataForBSTestOps] Replaced File Name is :: AppiumPOMProject\src\test\java\GroupID\FlashObjectOptimised.java, Absolute Path :: C:\Users\Hp\Documents\IntelliJ Projects\AppiumPOMProject\.., Normalized Path :: C:\Users\Hp\Documents\IntelliJ Projects 
13:36:49.288 [AppiumTest1@0] DEBUG com.browserstack.testOps.Listener - [ TESTHUB ] Processing Request Kind TestRunFinished
13:36:49.288 [AppiumTest1@0] DEBUG c.browserstack.utils.LogReportingAPI - sendSync failed - driver not found
13:36:49.291 [C:/Users/Hp/Documents/IntelliJ Projects/AppiumPOMProject-0@0] DEBUG c.b.testNgListeners.TestNGUtils - [populateTestDataForBSTestOps] Event Type :: TestRunStarted, Test ClassName :: GroupID.FlashTestClass
13:36:49.291 [C:/Users/Hp/Documents/IntelliJ Projects/AppiumPOMProject-0@0] DEBUG c.browserstack.utils.UtilityMethods - [findFileMatcher] Current Path is :: C:\Users\Hp\Documents\IntelliJ Projects\AppiumPOMProject, TestClass :: GroupID\FlashObjectOptimised
13:36:49.299 [C:/Users/Hp/Documents/IntelliJ Projects/AppiumPOMProject-0@0] DEBUG c.b.testNgListeners.TestNGUtils - [populateTestDataForBSTestOps] The filename fetched :: C:\Users\Hp\Documents\IntelliJ Projects\AppiumPOMProject\src\test\java\GroupID\FlashObjectOptimised.java, fileSeparator :: \, AbsolutePath :: C:\Users\Hp\Documents\IntelliJ Projects\AppiumPOMProject\., Normalized Path :: C:\Users\Hp\Documents\IntelliJ Projects\AppiumPOMProject, File.Separator :: \
13:36:49.309 [C:/Users/Hp/Documents/IntelliJ Projects/AppiumPOMProject-0@0] DEBUG c.b.testNgListeners.TestNGUtils - [populateTestDataForBSTestOps] Replaced File Name is :: AppiumPOMProject\src\test\java\GroupID\FlashObjectOptimised.java, Absolute Path :: C:\Users\Hp\Documents\IntelliJ Projects\AppiumPOMProject\.., Normalized Path :: C:\Users\Hp\Documents\IntelliJ Projects 
13:36:49.312 [C:/Users/Hp/Documents/IntelliJ Projects/AppiumPOMProject-0@0] DEBUG com.browserstack.testOps.Listener - [ TESTHUB ] Processing Request Kind TestRunStarted
13:36:49.312 [AppiumTest1@0] DEBUG c.b.testNgListeners.TestNGUtils - [populateTestDataForBSTestOps] Event Type :: TestRunSkipped, Test ClassName :: GroupID.FlashTestClass
13:36:49.314 [AppiumTest1@0] DEBUG c.browserstack.utils.UtilityMethods - [findFileMatcher] Current Path is :: C:\Users\Hp\Documents\IntelliJ Projects\AppiumPOMProject, TestClass :: GroupID\FlashObjectOptimised
13:36:49.321 [AppiumTest1@0] DEBUG c.b.testNgListeners.TestNGUtils - [populateTestDataForBSTestOps] The filename fetched :: C:\Users\Hp\Documents\IntelliJ Projects\AppiumPOMProject\src\test\java\GroupID\FlashObjectOptimised.java, fileSeparator :: \, AbsolutePath :: C:\Users\Hp\Documents\IntelliJ Projects\AppiumPOMProject\., Normalized Path :: C:\Users\Hp\Documents\IntelliJ Projects\AppiumPOMProject, File.Separator :: \
13:36:49.321 [AppiumTest1@0] DEBUG c.b.testNgListeners.TestNGUtils - [populateTestDataForBSTestOps] Replaced File Name is :: AppiumPOMProject\src\test\java\GroupID\FlashObjectOptimised.java, Absolute Path :: C:\Users\Hp\Documents\IntelliJ Projects\AppiumPOMProject\.., Normalized Path :: C:\Users\Hp\Documents\IntelliJ Projects 
13:36:49.324 [AppiumTest1@0] DEBUG com.browserstack.testOps.Listener - [ TESTHUB ] Processing Request Kind TestRunFinished
13:36:49.324 [AppiumTest1@0] DEBUG c.browserstack.utils.LogReportingAPI - sendSync failed - driver not found
13:36:49.326 [C:/Users/Hp/Documents/IntelliJ Projects/AppiumPOMProject-0@0] DEBUG c.b.testNgListeners.TestNGUtils - [populateTestDataForBSTestOps] Event Type :: TestRunStarted, Test ClassName :: GroupID.FlashTestClass
13:36:49.326 [C:/Users/Hp/Documents/IntelliJ Projects/AppiumPOMProject-0@0] DEBUG c.browserstack.utils.UtilityMethods - [findFileMatcher] Current Path is :: C:\Users\Hp\Documents\IntelliJ Projects\AppiumPOMProject, TestClass :: GroupID\FlashObjectOptimised
13:36:49.334 [C:/Users/Hp/Documents/IntelliJ Projects/AppiumPOMProject-0@0] DEBUG c.b.testNgListeners.TestNGUtils - [populateTestDataForBSTestOps] The filename fetched :: C:\Users\Hp\Documents\IntelliJ Projects\AppiumPOMProject\src\test\java\GroupID\FlashObjectOptimised.java, fileSeparator :: \, AbsolutePath :: C:\Users\Hp\Documents\IntelliJ Projects\AppiumPOMProject\., Normalized Path :: C:\Users\Hp\Documents\IntelliJ Projects\AppiumPOMProject, File.Separator :: \
13:36:49.335 [C:/Users/Hp/Documents/IntelliJ Projects/AppiumPOMProject-0@0] DEBUG c.b.testNgListeners.TestNGUtils - [populateTestDataForBSTestOps] Replaced File Name is :: AppiumPOMProject\src\test\java\GroupID\FlashObjectOptimised.java, Absolute Path :: C:\Users\Hp\Documents\IntelliJ Projects\AppiumPOMProject\.., Normalized Path :: C:\Users\Hp\Documents\IntelliJ Projects 
13:36:49.337 [C:/Users/Hp/Documents/IntelliJ Projects/AppiumPOMProject-0@0] DEBUG com.browserstack.testOps.Listener - [ TESTHUB ] Processing Request Kind TestRunStarted
13:36:49.337 [AppiumTest1@0] DEBUG c.b.testNgListeners.TestNGUtils - [populateTestDataForBSTestOps] Event Type :: TestRunSkipped, Test ClassName :: GroupID.FlashTestClass
13:36:49.337 [AppiumTest1@0] DEBUG c.browserstack.utils.UtilityMethods - [findFileMatcher] Current Path is :: C:\Users\Hp\Documents\IntelliJ Projects\AppiumPOMProject, TestClass :: GroupID\FlashObjectOptimised
13:36:49.344 [AppiumTest1@0] DEBUG c.b.testNgListeners.TestNGUtils - [populateTestDataForBSTestOps] The filename fetched :: C:\Users\Hp\Documents\IntelliJ Projects\AppiumPOMProject\src\test\java\GroupID\FlashObjectOptimised.java, fileSeparator :: \, AbsolutePath :: C:\Users\Hp\Documents\IntelliJ Projects\AppiumPOMProject\., Normalized Path :: C:\Users\Hp\Documents\IntelliJ Projects\AppiumPOMProject, File.Separator :: \
13:36:49.345 [AppiumTest1@0] DEBUG c.b.testNgListeners.TestNGUtils - [populateTestDataForBSTestOps] Replaced File Name is :: AppiumPOMProject\src\test\java\GroupID\FlashObjectOptimised.java, Absolute Path :: C:\Users\Hp\Documents\IntelliJ Projects\AppiumPOMProject\.., Normalized Path :: C:\Users\Hp\Documents\IntelliJ Projects 
13:36:49.347 [AppiumTest1@0] DEBUG com.browserstack.testOps.Listener - [ TESTHUB ] Processing Request Kind TestRunFinished
13:36:49.348 [AppiumTest1@0] DEBUG c.browserstack.utils.LogReportingAPI - sendSync failed - driver not found
13:36:49.563 [main] DEBUG com.browserstack.testOps.Listener - [ TESTHUB ] Processing Request Kind LogCreated
13:36:49.564 [main] DEBUG com.browserstack.testOps.Listener - [ TESTHUB ] Processing Request Kind LogCreated
13:36:49.564 [Thread-0] DEBUG c.browserstack.BrowserStackJavaAgent - Starting final execution
13:36:49.565 [Thread-0] DEBUG c.b.u.ObservabilityUtilityMethods - Processing batch requests with type: Global
13:36:49.565 [Thread-0] DEBUG c.browserstack.utils.LogReportingAPI - [2024-08-06T08:06:49.565017Z][ OBSERVABILITY ] Processing stop observability
13:36:49.565 [pool-5-thread-1] DEBUG c.browserstack.utils.RequestBatcher - Processing Batch 11

13:36:49.567 [pool-5-thread-1] DEBUG c.browserstack.testOps.RequestUtils - [requestToTestOps] Sending Observability request: POST api/v1/batch with request size 30418
13:36:50.055 [pool-5-thread-1] DEBUG c.browserstack.testOps.RequestUtils - requestToTestOps: Response code: 200
13:36:50.055 [pool-5-thread-1] DEBUG c.browserstack.utils.LogReportingAPI - 
[2024-08-06T08:06:50.055630300Z][ TESTHUB ] Batch event successfull!

13:36:50.056 [Thread-0] DEBUG c.browserstack.testOps.RequestUtils - [ TESTHUB ] Processing Request Kind stopBuildUpstream
13:36:50.056 [Thread-0] DEBUG c.browserstack.testOps.RequestUtils - [requestToTestOps] Sending Observability request: PUT api/v1/builds/zfqgm2lk3qq02fwk6mkdfbkiaaopw916e0pqvc5s/stop with request size 65
13:36:50.309 [Thread-0] DEBUG c.browserstack.testOps.RequestUtils - requestToTestOps: Response code: 200
13:36:50.309 [Thread-0] DEBUG com.browserstack.testOps.Listener - Testhub stop response: 
13:36:52.439 [Thread-0] DEBUG com.browserstack.testOps.UsageStats - getFormattedData: Collecting data for TestObservability
13:36:52.440 [Thread-0] DEBUG com.browserstack.testOps.UsageStats - getEventStats: Getting event data for TestObservability
13:36:52.442 [Thread-0] DEBUG com.browserstack.testOps.UsageStats - [OBSERVABILITY] Failed to parse data from workers
13:36:52.491 [Thread-0] DEBUG c.b.utils.FunnelInstrumentation - Sending funnel data for SDKTestSuccessful with data: {"event_type":"SDKTestSuccessful","accessKey":"cdWAYU5meFd1rax23PEp","userName":"nayankumar_Rp0sMa","event_properties":{"product":"[app-automate, observability]","buildName":"browserstack build","os":"Windows 11","languageVersion":"18.0.2.1","appiumVersion":"9.0.0","frameworkDetectionInstrumentation":{"parseLoadClass":5,"ret-org.openqa.selenium.remote.RemoteWebDriver":283,"retransformClasses":283,"parseDependencies":14},"language":"java","sdkRunId":"18792f94-1ab8-4479-ba81-315c4c67b651","buildIdentifier":"#7","userFramework":"testng","testhub_uuid":"zfqgm2lk3qq02fwk6mkdfbkiaaopw916e0pqvc5s","detectedAppiumVersion":"null","detectedDependencies":"testng","productMap":{"app_automate":true,"accessibility":false,"automate":false,"percy":false,"observability":true},"referrer":"testng-javaagent\/1.20.2","hostname":"DESKTOP-13RHPFK","measures":{"local:start":5057,"sdk:setup":10551,"local:stop":2129},"language_framework":"java_testng","detectedFramework":"testng","productUsage":{"testObservability":{"buildHashedId":"zfqgm2lk3qq02fwk6mkdfbkiaaopw916e0pqvc5s","manuallySet":false,"enabled":true,"events":{"hookEvents":{"started":{"errors":[],"failedCount":0,"triggeredCount":1,"sentCount":1},"finished":{"triggeredCount":1,"failedCount":0,"errors":[],"sentCount":1},"failed":{"errors":[],"failedCount":0,"triggeredCount":1,"sentCount":1}},"logEvents":{"errors":[],"failedCount":0,"triggeredCount":46,"sentCount":46,"log":{"errors":[],"failedCount":0,"triggeredCount":46,"sentCount":46}},"testEvents":{"started":{"errors":[],"failedCount":0,"triggeredCount":4,"sentCount":4},"finished":{"triggeredCount":4,"failedCount":0,"errors":[],"sentCount":4},"skipped":{"errors":[],"failedCount":0,"triggeredCount":4,"sentCount":4}},"batchEvents":{"triggeredCount":2,"failedCount":0,"errors":[],"sentCount":2},"cbtSessionEvents":{"errors":[],"failedCount":0,"triggeredCount":0,"sentCount":0},"buildEvents":{"started":{"error":null,"status":"success","triggered":true},"finished":{"error":null,"status":"success","triggered":true}}}}},"detectedSeleniumVersion":"null","browserStackConfig":{"browserstackLocal":true,"percy":false,"logLevel":"info","staticWebDriver":true,"autoDetectFramework":true,"percyCaptureMode":"MANUAL","browserStackLocalOptions":{"localIdentifier":"06_Aug_1336_DESKTOP_13RHPFK_ok9F","key":"****"},"percyOptions":null,"testContextOptions":{"skipSessionName":false,"skipSessionStatus":false,"serenityOverridePlugin":false},"platforms":[{"capabilities":{"platformVersion":13.0,"platformName":"android","deviceName":"Samsung Galaxy S23"},"osVersion":null,"os":null,"browserVersion":null,"browser":null,"device":"Samsung Galaxy S23","platformCaps":{"platformVersion":13.0,"platformName":"android","deviceName":"Samsung Galaxy S23"},"platformString":"Samsung Galaxy S23, 13.0","customVariables":"****"}],"parallelsPerPlatform":1,"framework":"testng","accessibility":false,"accessibilityOptions":{},"turboScaleOptions":{},"disableAutoCaptureLogs":true,"testObservability":true,"browserstackAutomation":true,"turboScale":false,"testObservabilityOptions":{},"gradleMConfig":null,"proxySettings":null},"seleniumVersion":""}}
13:36:52.818 [Thread-0] DEBUG c.b.utils.FunnelInstrumentation - API Event SDKTestSuccessful response - {"message":"SDK Event recorded successfully"}
13:36:55.420 [Thread-0] DEBUG c.browserstack.utils.UtilityMethods - Browserstack Gradle-M Config File does not exist.
13:37:14.206 [main] DEBUG c.b.config.BrowserStackConfig - Cli Config passed - {}
13:37:14.499 [main] DEBUG c.b.logger.BrowserstackLoggerFactory - Log Level set to TRACE for logger com.browserstack
13:37:14.499 [main] DEBUG c.b.logger.BrowserstackLoggerFactory - Log Level set to INFO for logger stdoutPrinter
13:37:14.594 [main] DEBUG c.b.utils.FrameworkDetectionUtils - Java command - com.intellij.rt.testng.RemoteTestNGStarter -usedefaultlisteners false -listener testBaseUtils.Listeners -socket54347 @w@C:\Users\Hp\AppData\Local\Temp\idea_working_dirs_testng.tmp -temp C:\Users\Hp\AppData\Local\Temp\idea_testng.tmp
13:37:14.594 [main] DEBUG c.b.utils.FrameworkDetectionUtils - Test classes detected: 
13:37:14.600 [main] DEBUG c.b.utils.FrameworkDetectionUtils - Runner: testng, Engine: none
13:37:14.614 [main] DEBUG c.b.utils.FrameworkDetectionUtils - Runner: testng, Engine: none from dependencies
13:37:14.615 [main] DEBUG c.b.utils.FrameworkDetectionUtils - Detected final framework as: testng
13:37:14.615 [main] DEBUG c.browserstack.BrowserStackJavaAgent - JavaAgent Version 1.20.2
13:37:14.619 [main] DEBUG c.b.utils.ExitSignalHandler - Registered handler for INT
13:37:14.619 [main] DEBUG c.b.utils.ExitSignalHandler - Registered handler for TERM
13:37:14.619 [main] DEBUG c.b.utils.ExitSignalHandler - Unable to attach signal handler for HUP Unknown signal: HUP
13:37:14.619 [main] DEBUG c.b.utils.ExitSignalHandler - Registered handler for ABRT
13:37:15.004 [Thread-1] DEBUG c.browserstack.utils.UtilityMethods - NEXT HUBS ARE: ["hub-aps.browserstack.com","hub-euw.browserstack.com","hub-apse.browserstack.com"]
13:37:15.267 [main] DEBUG c.browserstack.utils.UtilityMethods - EXECUTION TIME OF hub-aps.browserstack.com HUB IS: 261ms
13:37:16.118 [main] DEBUG c.browserstack.utils.UtilityMethods - EXECUTION TIME OF hub-euw.browserstack.com HUB IS: 847ms
13:37:17.069 [main] DEBUG c.browserstack.utils.UtilityMethods - EXECUTION TIME OF hub-apse.browserstack.com HUB IS: 949ms
13:37:17.069 [main] DEBUG c.browserstack.utils.UtilityMethods - NEAREST HUB ALLOCATED IS - hub-aps.browserstack.com
13:37:17.082 [main] DEBUG c.b.utils.FunnelInstrumentation - Sending funnel data for SDKTestAttempted with data: {"event_type":"SDKTestAttempted","accessKey":"cdWAYU5meFd1rax23PEp","userName":"nayankumar_Rp0sMa","event_properties":{"product":"[app-automate, observability]","buildName":"browserstack build","os":"Windows 11","languageVersion":"18.0.2.1","appiumVersion":"9.0.0","frameworkDetectionInstrumentation":{"parseLoadClass":5,"parseDependencies":14},"language":"java","sdkRunId":"0e1af310-e19d-4d81-b92c-d397cf15c6e3","buildIdentifier":"#8","userFramework":"testng","testhub_uuid":"","detectedAppiumVersion":"null","detectedDependencies":"testng","productMap":{"app_automate":true,"accessibility":false,"automate":false,"percy":false,"observability":true},"referrer":"testng-javaagent\/1.20.2","hostname":"DESKTOP-13RHPFK","language_framework":"java_testng","detectedFramework":"testng","detectedSeleniumVersion":"null","seleniumVersion":""}}
13:37:17.449 [main] DEBUG c.b.utils.FunnelInstrumentation - API Event SDKTestAttempted response - {"message":"SDK Event recorded successfully"}
13:37:17.633 [main] DEBUG c.browserstack.testOps.RequestUtils - [ TESTHUB ] Processing Request Kind launchTestSession
13:37:17.633 [main] DEBUG c.browserstack.testOps.RequestUtils - [requestToTestOps] Sending Observability request: POST api/v2/builds with request size 1329
13:37:18.994 [main] DEBUG c.browserstack.testOps.RequestUtils - requestToTestOps: Response code: 200
13:37:18.995 [main] DEBUG com.browserstack.testOps.Listener - BROWSERSTACK_TESTHUB_UUID : 0iyoqiuszknxmsazdzyvd0juahsycy53h4vrqn3g
13:37:18.995 [main] DEBUG com.browserstack.testOps.Listener - [ TESTHUB ] Build creation successfull
13:37:18.999 [main] DEBUG com.browserstack.LocalFactory - Starting BrowserStack Local with identifier 06_Aug_1337_DESKTOP_13RHPFK_av1O
13:37:24.417 [main] DEBUG c.b.t.XMLSuiteClassListener - Number of parallels - 1 and number of platforms - 1
13:37:24.652 [main] DEBUG com.browserstack.testOps.Listener - [ TESTHUB ] Processing Request Kind LogCreated
13:37:24.661 [main] DEBUG com.browserstack.testOps.Listener - [ TESTHUB ] Processing Request Kind LogCreated
13:37:24.664 [main] DEBUG com.browserstack.testOps.Listener - [ TESTHUB ] Processing Request Kind LogCreated
13:37:24.664 [main] DEBUG com.browserstack.testOps.Listener - [ TESTHUB ] Processing Request Kind LogCreated
13:37:24.664 [main] DEBUG com.browserstack.testOps.Listener - [ TESTHUB ] Processing Request Kind LogCreated
13:37:24.679 [main] DEBUG com.browserstack.testOps.Listener - [ TESTHUB ] Processing Request Kind LogCreated
13:37:24.680 [main] DEBUG c.browserstack.utils.LogReportingAPI - [2024-08-06T08:07:24.680382300Z][ OBSERVABILITY ] Processing Logs patching stream
13:37:24.992 [main] DEBUG com.browserstack.testOps.Listener - [ TESTHUB ] Processing Request Kind LogCreated
13:37:24.993 [Thread-0] DEBUG c.browserstack.BrowserStackJavaAgent - Starting final execution
13:37:24.993 [Thread-0] DEBUG c.b.u.ObservabilityUtilityMethods - Processing batch requests with type: Global
13:37:24.993 [Thread-0] DEBUG c.browserstack.utils.LogReportingAPI - [2024-08-06T08:07:24.993436Z][ OBSERVABILITY ] Processing stop observability
13:37:24.996 [pool-5-thread-1] DEBUG c.browserstack.utils.RequestBatcher - Processing Batch 7

13:37:24.996 [pool-5-thread-1] DEBUG c.browserstack.testOps.RequestUtils - [requestToTestOps] Sending Observability request: POST api/v1/batch with request size 1693
13:37:25.276 [pool-5-thread-1] DEBUG c.browserstack.testOps.RequestUtils - requestToTestOps: Response code: 200
13:37:25.276 [pool-5-thread-1] DEBUG c.browserstack.utils.LogReportingAPI - 
[2024-08-06T08:07:25.276200900Z][ TESTHUB ] Batch event successfull!

13:37:25.276 [Thread-0] DEBUG c.browserstack.testOps.RequestUtils - [ TESTHUB ] Processing Request Kind stopBuildUpstream
13:37:25.277 [Thread-0] DEBUG c.browserstack.testOps.RequestUtils - [requestToTestOps] Sending Observability request: PUT api/v1/builds/0iyoqiuszknxmsazdzyvd0juahsycy53h4vrqn3g/stop with request size 65
13:37:25.537 [Thread-0] DEBUG c.browserstack.testOps.RequestUtils - requestToTestOps: Response code: 200
13:37:25.537 [Thread-0] DEBUG com.browserstack.testOps.Listener - Testhub stop response: 
13:37:27.665 [Thread-0] DEBUG com.browserstack.testOps.UsageStats - getFormattedData: Collecting data for TestObservability
13:37:27.665 [Thread-0] DEBUG com.browserstack.testOps.UsageStats - getEventStats: Getting event data for TestObservability
13:37:27.667 [Thread-0] DEBUG com.browserstack.testOps.UsageStats - [OBSERVABILITY] Failed to parse data from workers
13:37:27.711 [Thread-0] DEBUG c.b.utils.FunnelInstrumentation - Sending funnel data for SDKTestSuccessful with data: {"event_type":"SDKTestSuccessful","accessKey":"cdWAYU5meFd1rax23PEp","userName":"nayankumar_Rp0sMa","event_properties":{"product":"[app-automate, observability]","buildName":"browserstack build","os":"Windows 11","languageVersion":"18.0.2.1","appiumVersion":"9.0.0","frameworkDetectionInstrumentation":{"parseLoadClass":5,"ret-org.openqa.selenium.remote.RemoteWebDriver":302,"retransformClasses":302,"parseDependencies":14},"language":"java","sdkRunId":"0e1af310-e19d-4d81-b92c-d397cf15c6e3","buildIdentifier":"#8","userFramework":"testng","testhub_uuid":"0iyoqiuszknxmsazdzyvd0juahsycy53h4vrqn3g","detectedAppiumVersion":"null","detectedDependencies":"testng","productMap":{"app_automate":true,"accessibility":false,"automate":false,"percy":false,"observability":true},"referrer":"testng-javaagent\/1.20.2","hostname":"DESKTOP-13RHPFK","measures":{"local:start":4664,"sdk:setup":9792,"local:stop":2123},"language_framework":"java_testng","detectedFramework":"testng","productUsage":{"testObservability":{"buildHashedId":"0iyoqiuszknxmsazdzyvd0juahsycy53h4vrqn3g","manuallySet":false,"enabled":true,"events":{"hookEvents":{"started":{"errors":[],"failedCount":0,"triggeredCount":0,"sentCount":0},"finished":{"triggeredCount":0,"failedCount":0,"errors":[],"sentCount":0}},"logEvents":{"errors":[],"failedCount":0,"triggeredCount":7,"sentCount":7,"log":{"errors":[],"failedCount":0,"triggeredCount":7,"sentCount":7}},"testEvents":{"started":{"errors":[],"failedCount":0,"triggeredCount":0,"sentCount":0},"finished":{"triggeredCount":0,"failedCount":0,"errors":[],"sentCount":0}},"batchEvents":{"triggeredCount":1,"failedCount":0,"errors":[],"sentCount":1},"cbtSessionEvents":{"errors":[],"failedCount":0,"triggeredCount":0,"sentCount":0},"buildEvents":{"started":{"error":null,"status":"success","triggered":true},"finished":{"error":null,"status":"success","triggered":true}}}}},"detectedSeleniumVersion":"null","browserStackConfig":{"browserstackLocal":true,"percy":false,"logLevel":"info","staticWebDriver":true,"autoDetectFramework":true,"percyCaptureMode":"MANUAL","browserStackLocalOptions":{"localIdentifier":"06_Aug_1337_DESKTOP_13RHPFK_av1O","key":"****"},"percyOptions":null,"testContextOptions":{"skipSessionName":false,"skipSessionStatus":false,"serenityOverridePlugin":false},"platforms":[{"capabilities":{"platformVersion":13.0,"platformName":"android","deviceName":"Samsung Galaxy S23"},"browserVersion":null,"browser":null,"osVersion":null,"os":null,"device":"Samsung Galaxy S23","platformCaps":{"platformVersion":13.0,"platformName":"android","deviceName":"Samsung Galaxy S23"},"platformString":"Samsung Galaxy S23, 13.0","customVariables":"****"}],"parallelsPerPlatform":1,"framework":"testng","accessibility":false,"accessibilityOptions":{},"turboScaleOptions":{},"disableAutoCaptureLogs":true,"testObservability":true,"browserstackAutomation":true,"turboScale":false,"testObservabilityOptions":{},"gradleMConfig":null,"proxySettings":null},"seleniumVersion":""}}
13:37:28.046 [Thread-0] DEBUG c.b.utils.FunnelInstrumentation - API Event SDKTestSuccessful response - {"message":"SDK Event recorded successfully"}
13:37:30.115 [Thread-0] DEBUG c.browserstack.utils.UtilityMethods - Browserstack Gradle-M Config File does not exist.
13:41:25.268 [main] DEBUG c.b.config.BrowserStackConfig - Cli Config passed - {}
13:41:25.784 [main] DEBUG c.b.logger.BrowserstackLoggerFactory - Log Level set to TRACE for logger com.browserstack
13:41:25.785 [main] DEBUG c.b.logger.BrowserstackLoggerFactory - Log Level set to INFO for logger stdoutPrinter
13:41:25.881 [main] DEBUG c.b.utils.FrameworkDetectionUtils - Java command - com.intellij.rt.testng.RemoteTestNGStarter -usedefaultlisteners false -listener testBaseUtils.Listeners -socket54914 @w@C:\Users\Hp\AppData\Local\Temp\idea_working_dirs_testng.tmp -temp C:\Users\Hp\AppData\Local\Temp\idea_testng.tmp
13:41:25.881 [main] DEBUG c.b.utils.FrameworkDetectionUtils - Test classes detected: 
13:41:25.891 [main] DEBUG c.b.utils.FrameworkDetectionUtils - Runner: testng, Engine: none
13:41:25.910 [main] DEBUG c.b.utils.FrameworkDetectionUtils - Runner: testng, Engine: none from dependencies
13:41:25.911 [main] DEBUG c.b.utils.FrameworkDetectionUtils - Detected final framework as: testng
13:41:25.911 [main] DEBUG c.browserstack.BrowserStackJavaAgent - JavaAgent Version 1.20.2
13:41:25.921 [main] DEBUG c.b.utils.ExitSignalHandler - Registered handler for INT
13:41:25.921 [main] DEBUG c.b.utils.ExitSignalHandler - Registered handler for TERM
13:41:25.921 [main] DEBUG c.b.utils.ExitSignalHandler - Unable to attach signal handler for HUP Unknown signal: HUP
13:41:25.921 [main] DEBUG c.b.utils.ExitSignalHandler - Registered handler for ABRT
13:41:26.392 [Thread-3] DEBUG c.browserstack.utils.UtilityMethods - NEXT HUBS ARE: ["hub-aps.browserstack.com","hub-euw.browserstack.com","hub-apse.browserstack.com"]
13:41:26.677 [main] DEBUG c.browserstack.utils.UtilityMethods - EXECUTION TIME OF hub-aps.browserstack.com HUB IS: 283ms
13:41:27.585 [main] DEBUG c.browserstack.utils.UtilityMethods - EXECUTION TIME OF hub-euw.browserstack.com HUB IS: 893ms
13:41:28.535 [main] DEBUG c.browserstack.utils.UtilityMethods - EXECUTION TIME OF hub-apse.browserstack.com HUB IS: 949ms
13:41:28.535 [main] DEBUG c.browserstack.utils.UtilityMethods - NEAREST HUB ALLOCATED IS - hub-aps.browserstack.com
13:41:28.561 [main] DEBUG c.b.utils.FunnelInstrumentation - Sending funnel data for SDKTestAttempted with data: {"event_type":"SDKTestAttempted","accessKey":"cdWAYU5meFd1rax23PEp","userName":"nayankumar_Rp0sMa","event_properties":{"product":"[app-automate, observability]","buildName":"browserstack build","os":"Windows 11","languageVersion":"18.0.2.1","appiumVersion":"9.0.0","frameworkDetectionInstrumentation":{"parseLoadClass":6,"parseDependencies":19},"language":"java","sdkRunId":"889d7edf-fc4d-4563-9567-bf4e2c31f60f","buildIdentifier":"#9","userFramework":"testng","testhub_uuid":"","detectedAppiumVersion":"null","detectedDependencies":"testng","productMap":{"app_automate":true,"accessibility":false,"automate":false,"percy":false,"observability":true},"referrer":"testng-javaagent\/1.20.2","hostname":"DESKTOP-13RHPFK","language_framework":"java_testng","detectedFramework":"testng","detectedSeleniumVersion":"null","seleniumVersion":""}}
13:41:28.935 [main] DEBUG c.b.utils.FunnelInstrumentation - API Event SDKTestAttempted response - {"message":"SDK Event recorded successfully"}
13:41:29.258 [main] DEBUG c.browserstack.testOps.RequestUtils - [ TESTHUB ] Processing Request Kind launchTestSession
13:41:29.258 [main] DEBUG c.browserstack.testOps.RequestUtils - [requestToTestOps] Sending Observability request: POST api/v2/builds with request size 1329
13:41:30.683 [main] DEBUG c.browserstack.testOps.RequestUtils - requestToTestOps: Response code: 200
13:41:30.683 [main] DEBUG com.browserstack.testOps.Listener - BROWSERSTACK_TESTHUB_UUID : mjf6deoltei320ox14mfidh2ppqne08t0nmmgypl
13:41:30.683 [main] DEBUG com.browserstack.testOps.Listener - [ TESTHUB ] Build creation successfull
13:41:30.689 [main] DEBUG com.browserstack.LocalFactory - Starting BrowserStack Local with identifier 06_Aug_1341_DESKTOP_13RHPFK_khfx
13:41:36.356 [main] DEBUG c.b.t.XMLSuiteClassListener - Number of parallels - 1 and number of platforms - 1
13:41:36.586 [main] DEBUG c.browserstack.utils.LogReportingAPI - [2024-08-06T08:11:36.586565300Z][ OBSERVABILITY ] Processing Logs patching stream
13:41:36.643 [configureAppium@0] DEBUG c.b.testNgListeners.TestNGUtils - [populateTestDataForBSTestOps] Event Type :: HookRunStarted, Method ClassName :: testBaseUtils.WFlashBeforeEachTestAndroid 
13:41:36.643 [configureAppium@0] DEBUG c.browserstack.utils.UtilityMethods - [findFileMatcher] Current Path is :: C:\Users\Hp\Documents\IntelliJ Projects\AppiumPOMProject, TestClass :: testBaseUtils\WFlashBeforeEachTestAndroid
13:41:36.661 [configureAppium@0] DEBUG c.b.testNgListeners.TestNGUtils - [populateTestDataForBSTestOps] The filename fetched :: C:\Users\Hp\Documents\IntelliJ Projects\AppiumPOMProject\src\test\java\testBaseUtils\WFlashBeforeEachTestAndroid.java, fileSeparator :: \, AbsolutePath :: C:\Users\Hp\Documents\IntelliJ Projects\AppiumPOMProject\., Normalized Path :: C:\Users\Hp\Documents\IntelliJ Projects\AppiumPOMProject, File.Separator :: \
13:41:36.661 [configureAppium@0] DEBUG c.b.testNgListeners.TestNGUtils - [populateTestDataForBSTestOps] Replaced File Name is :: AppiumPOMProject\src\test\java\testBaseUtils\WFlashBeforeEachTestAndroid.java, Absolute Path :: C:\Users\Hp\Documents\IntelliJ Projects\AppiumPOMProject\.., Normalized Path :: C:\Users\Hp\Documents\IntelliJ Projects 
13:41:36.667 [configureAppium@0] DEBUG com.browserstack.testOps.Listener - [ TESTHUB ] Processing Request Kind HookRunStarted
13:41:38.680 [pool-4-thread-1] DEBUG c.browserstack.utils.RequestBatcher - Time Since Last Batch Processed 1722931898680

13:41:38.684 [pool-5-thread-1] DEBUG c.browserstack.utils.RequestBatcher - Processing Batch 1

13:41:38.684 [pool-5-thread-1] DEBUG c.browserstack.testOps.RequestUtils - [requestToTestOps] Sending Observability request: POST api/v1/batch with request size 948
13:41:38.938 [pool-5-thread-1] DEBUG c.browserstack.testOps.RequestUtils - requestToTestOps: Response code: 200
13:41:38.939 [pool-5-thread-1] DEBUG c.browserstack.utils.LogReportingAPI - 
[2024-08-06T08:11:38.939399600Z][ TESTHUB ] Batch event successfull!

13:41:40.684 [pool-4-thread-1] DEBUG c.browserstack.utils.RequestBatcher - Time Since Last Batch Processed 2003

13:41:44.676 [pool-4-thread-1] DEBUG c.browserstack.utils.RequestBatcher - Time Since Last Batch Processed 3992

13:41:48.681 [pool-4-thread-1] DEBUG c.browserstack.utils.RequestBatcher - Time Since Last Batch Processed 4005

13:41:50.682 [pool-4-thread-1] DEBUG c.browserstack.utils.RequestBatcher - Time Since Last Batch Processed 2001

13:41:54.681 [pool-4-thread-1] DEBUG c.browserstack.utils.RequestBatcher - Time Since Last Batch Processed 3999

13:41:56.828 [C:/Users/Hp/Documents/IntelliJ Projects/AppiumPOMProject-0@0] DEBUG c.b.testNgListeners.TestNGUtils - [populateTestDataForBSTestOps] Event Type :: TestRunStarted, Test ClassName :: GroupID.FlashTestClass
13:41:56.828 [C:/Users/Hp/Documents/IntelliJ Projects/AppiumPOMProject-0@0] DEBUG c.browserstack.utils.UtilityMethods - [findFileMatcher] Current Path is :: C:\Users\Hp\Documents\IntelliJ Projects\AppiumPOMProject, TestClass :: GroupID\FlashObjectOptimised
13:41:56.836 [C:/Users/Hp/Documents/IntelliJ Projects/AppiumPOMProject-0@0] DEBUG c.b.testNgListeners.TestNGUtils - [populateTestDataForBSTestOps] The filename fetched :: C:\Users\Hp\Documents\IntelliJ Projects\AppiumPOMProject\src\test\java\GroupID\FlashObjectOptimised.java, fileSeparator :: \, AbsolutePath :: C:\Users\Hp\Documents\IntelliJ Projects\AppiumPOMProject\., Normalized Path :: C:\Users\Hp\Documents\IntelliJ Projects\AppiumPOMProject, File.Separator :: \
13:41:56.836 [C:/Users/Hp/Documents/IntelliJ Projects/AppiumPOMProject-0@0] DEBUG c.b.testNgListeners.TestNGUtils - [populateTestDataForBSTestOps] Replaced File Name is :: AppiumPOMProject\src\test\java\GroupID\FlashObjectOptimised.java, Absolute Path :: C:\Users\Hp\Documents\IntelliJ Projects\AppiumPOMProject\.., Normalized Path :: C:\Users\Hp\Documents\IntelliJ Projects 
13:41:56.841 [C:/Users/Hp/Documents/IntelliJ Projects/AppiumPOMProject-0@0] DEBUG com.browserstack.testOps.Listener - [ TESTHUB ] Processing Request Kind TestRunStarted
13:41:56.842 [AppiumTest1@0] DEBUG c.b.testNgListeners.TestNGUtils - [populateTestDataForBSTestOps] Event Type :: HookRunFinished, Method ClassName :: testBaseUtils.WFlashBeforeEachTestAndroid 
13:41:56.843 [AppiumTest1@0] DEBUG c.browserstack.utils.UtilityMethods - [findFileMatcher] Current Path is :: C:\Users\Hp\Documents\IntelliJ Projects\AppiumPOMProject, TestClass :: testBaseUtils\WFlashBeforeEachTestAndroid
13:41:56.851 [AppiumTest1@0] DEBUG c.b.testNgListeners.TestNGUtils - [populateTestDataForBSTestOps] The filename fetched :: C:\Users\Hp\Documents\IntelliJ Projects\AppiumPOMProject\src\test\java\testBaseUtils\WFlashBeforeEachTestAndroid.java, fileSeparator :: \, AbsolutePath :: C:\Users\Hp\Documents\IntelliJ Projects\AppiumPOMProject\., Normalized Path :: C:\Users\Hp\Documents\IntelliJ Projects\AppiumPOMProject, File.Separator :: \
13:41:56.851 [AppiumTest1@0] DEBUG c.b.testNgListeners.TestNGUtils - [populateTestDataForBSTestOps] Replaced File Name is :: AppiumPOMProject\src\test\java\testBaseUtils\WFlashBeforeEachTestAndroid.java, Absolute Path :: C:\Users\Hp\Documents\IntelliJ Projects\AppiumPOMProject\.., Normalized Path :: C:\Users\Hp\Documents\IntelliJ Projects 
13:41:56.852 [AppiumTest1@0] DEBUG com.browserstack.testOps.Listener - [ TESTHUB ] Processing Request Kind HookRunFinished
13:41:56.852 [AppiumTest1@0] DEBUG c.b.testNgListeners.TestNGUtils - [populateTestDataForBSTestOps] Event Type :: TestRunSkipped, Test ClassName :: GroupID.FlashTestClass
13:41:56.853 [AppiumTest1@0] DEBUG c.browserstack.utils.UtilityMethods - [findFileMatcher] Current Path is :: C:\Users\Hp\Documents\IntelliJ Projects\AppiumPOMProject, TestClass :: GroupID\FlashObjectOptimised
13:41:56.861 [AppiumTest1@0] DEBUG c.b.testNgListeners.TestNGUtils - [populateTestDataForBSTestOps] The filename fetched :: C:\Users\Hp\Documents\IntelliJ Projects\AppiumPOMProject\src\test\java\GroupID\FlashObjectOptimised.java, fileSeparator :: \, AbsolutePath :: C:\Users\Hp\Documents\IntelliJ Projects\AppiumPOMProject\., Normalized Path :: C:\Users\Hp\Documents\IntelliJ Projects\AppiumPOMProject, File.Separator :: \
13:41:56.861 [AppiumTest1@0] DEBUG c.b.testNgListeners.TestNGUtils - [populateTestDataForBSTestOps] Replaced File Name is :: AppiumPOMProject\src\test\java\GroupID\FlashObjectOptimised.java, Absolute Path :: C:\Users\Hp\Documents\IntelliJ Projects\AppiumPOMProject\.., Normalized Path :: C:\Users\Hp\Documents\IntelliJ Projects 
13:41:56.864 [AppiumTest1@0] DEBUG com.browserstack.testOps.Listener - [ TESTHUB ] Processing Request Kind TestRunFinished
13:41:56.864 [AppiumTest1@0] DEBUG c.browserstack.utils.LogReportingAPI - sendSync failed - driver not found
13:41:56.867 [C:/Users/Hp/Documents/IntelliJ Projects/AppiumPOMProject-0@0] DEBUG c.b.testNgListeners.TestNGUtils - [populateTestDataForBSTestOps] Event Type :: TestRunStarted, Test ClassName :: GroupID.FlashTestClass
13:41:56.867 [C:/Users/Hp/Documents/IntelliJ Projects/AppiumPOMProject-0@0] DEBUG c.browserstack.utils.UtilityMethods - [findFileMatcher] Current Path is :: C:\Users\Hp\Documents\IntelliJ Projects\AppiumPOMProject, TestClass :: GroupID\FlashObjectOptimised
13:41:56.874 [C:/Users/Hp/Documents/IntelliJ Projects/AppiumPOMProject-0@0] DEBUG c.b.testNgListeners.TestNGUtils - [populateTestDataForBSTestOps] The filename fetched :: C:\Users\Hp\Documents\IntelliJ Projects\AppiumPOMProject\src\test\java\GroupID\FlashObjectOptimised.java, fileSeparator :: \, AbsolutePath :: C:\Users\Hp\Documents\IntelliJ Projects\AppiumPOMProject\., Normalized Path :: C:\Users\Hp\Documents\IntelliJ Projects\AppiumPOMProject, File.Separator :: \
13:41:56.875 [C:/Users/Hp/Documents/IntelliJ Projects/AppiumPOMProject-0@0] DEBUG c.b.testNgListeners.TestNGUtils - [populateTestDataForBSTestOps] Replaced File Name is :: AppiumPOMProject\src\test\java\GroupID\FlashObjectOptimised.java, Absolute Path :: C:\Users\Hp\Documents\IntelliJ Projects\AppiumPOMProject\.., Normalized Path :: C:\Users\Hp\Documents\IntelliJ Projects 
13:41:56.878 [C:/Users/Hp/Documents/IntelliJ Projects/AppiumPOMProject-0@0] DEBUG com.browserstack.testOps.Listener - [ TESTHUB ] Processing Request Kind TestRunStarted
13:41:56.879 [AppiumTest1@0] DEBUG c.b.testNgListeners.TestNGUtils - [populateTestDataForBSTestOps] Event Type :: TestRunSkipped, Test ClassName :: GroupID.FlashTestClass
13:41:56.879 [AppiumTest1@0] DEBUG c.browserstack.utils.UtilityMethods - [findFileMatcher] Current Path is :: C:\Users\Hp\Documents\IntelliJ Projects\AppiumPOMProject, TestClass :: GroupID\FlashObjectOptimised
13:41:56.887 [AppiumTest1@0] DEBUG c.b.testNgListeners.TestNGUtils - [populateTestDataForBSTestOps] The filename fetched :: C:\Users\Hp\Documents\IntelliJ Projects\AppiumPOMProject\src\test\java\GroupID\FlashObjectOptimised.java, fileSeparator :: \, AbsolutePath :: C:\Users\Hp\Documents\IntelliJ Projects\AppiumPOMProject\., Normalized Path :: C:\Users\Hp\Documents\IntelliJ Projects\AppiumPOMProject, File.Separator :: \
13:41:56.887 [AppiumTest1@0] DEBUG c.b.testNgListeners.TestNGUtils - [populateTestDataForBSTestOps] Replaced File Name is :: AppiumPOMProject\src\test\java\GroupID\FlashObjectOptimised.java, Absolute Path :: C:\Users\Hp\Documents\IntelliJ Projects\AppiumPOMProject\.., Normalized Path :: C:\Users\Hp\Documents\IntelliJ Projects 
13:41:56.890 [AppiumTest1@0] DEBUG com.browserstack.testOps.Listener - [ TESTHUB ] Processing Request Kind TestRunFinished
13:41:56.890 [AppiumTest1@0] DEBUG c.browserstack.utils.LogReportingAPI - sendSync failed - driver not found
13:41:56.893 [C:/Users/Hp/Documents/IntelliJ Projects/AppiumPOMProject-0@0] DEBUG c.b.testNgListeners.TestNGUtils - [populateTestDataForBSTestOps] Event Type :: TestRunStarted, Test ClassName :: GroupID.FlashTestClass
13:41:56.893 [C:/Users/Hp/Documents/IntelliJ Projects/AppiumPOMProject-0@0] DEBUG c.browserstack.utils.UtilityMethods - [findFileMatcher] Current Path is :: C:\Users\Hp\Documents\IntelliJ Projects\AppiumPOMProject, TestClass :: GroupID\FlashObjectOptimised
13:41:56.901 [C:/Users/Hp/Documents/IntelliJ Projects/AppiumPOMProject-0@0] DEBUG c.b.testNgListeners.TestNGUtils - [populateTestDataForBSTestOps] The filename fetched :: C:\Users\Hp\Documents\IntelliJ Projects\AppiumPOMProject\src\test\java\GroupID\FlashObjectOptimised.java, fileSeparator :: \, AbsolutePath :: C:\Users\Hp\Documents\IntelliJ Projects\AppiumPOMProject\., Normalized Path :: C:\Users\Hp\Documents\IntelliJ Projects\AppiumPOMProject, File.Separator :: \
13:41:56.901 [C:/Users/Hp/Documents/IntelliJ Projects/AppiumPOMProject-0@0] DEBUG c.b.testNgListeners.TestNGUtils - [populateTestDataForBSTestOps] Replaced File Name is :: AppiumPOMProject\src\test\java\GroupID\FlashObjectOptimised.java, Absolute Path :: C:\Users\Hp\Documents\IntelliJ Projects\AppiumPOMProject\.., Normalized Path :: C:\Users\Hp\Documents\IntelliJ Projects 
13:41:56.904 [C:/Users/Hp/Documents/IntelliJ Projects/AppiumPOMProject-0@0] DEBUG com.browserstack.testOps.Listener - [ TESTHUB ] Processing Request Kind TestRunStarted
13:41:56.905 [AppiumTest1@0] DEBUG c.b.testNgListeners.TestNGUtils - [populateTestDataForBSTestOps] Event Type :: TestRunSkipped, Test ClassName :: GroupID.FlashTestClass
13:41:56.906 [AppiumTest1@0] DEBUG c.browserstack.utils.UtilityMethods - [findFileMatcher] Current Path is :: C:\Users\Hp\Documents\IntelliJ Projects\AppiumPOMProject, TestClass :: GroupID\FlashObjectOptimised
13:41:56.914 [AppiumTest1@0] DEBUG c.b.testNgListeners.TestNGUtils - [populateTestDataForBSTestOps] The filename fetched :: C:\Users\Hp\Documents\IntelliJ Projects\AppiumPOMProject\src\test\java\GroupID\FlashObjectOptimised.java, fileSeparator :: \, AbsolutePath :: C:\Users\Hp\Documents\IntelliJ Projects\AppiumPOMProject\., Normalized Path :: C:\Users\Hp\Documents\IntelliJ Projects\AppiumPOMProject, File.Separator :: \
13:41:56.915 [AppiumTest1@0] DEBUG c.b.testNgListeners.TestNGUtils - [populateTestDataForBSTestOps] Replaced File Name is :: AppiumPOMProject\src\test\java\GroupID\FlashObjectOptimised.java, Absolute Path :: C:\Users\Hp\Documents\IntelliJ Projects\AppiumPOMProject\.., Normalized Path :: C:\Users\Hp\Documents\IntelliJ Projects 
13:41:56.917 [AppiumTest1@0] DEBUG com.browserstack.testOps.Listener - [ TESTHUB ] Processing Request Kind TestRunFinished
13:41:56.917 [AppiumTest1@0] DEBUG c.browserstack.utils.LogReportingAPI - sendSync failed - driver not found
13:41:56.921 [C:/Users/Hp/Documents/IntelliJ Projects/AppiumPOMProject-0@0] DEBUG c.b.testNgListeners.TestNGUtils - [populateTestDataForBSTestOps] Event Type :: TestRunStarted, Test ClassName :: GroupID.FlashTestClass
13:41:56.921 [C:/Users/Hp/Documents/IntelliJ Projects/AppiumPOMProject-0@0] DEBUG c.browserstack.utils.UtilityMethods - [findFileMatcher] Current Path is :: C:\Users\Hp\Documents\IntelliJ Projects\AppiumPOMProject, TestClass :: GroupID\FlashObjectOptimised
13:41:56.928 [C:/Users/Hp/Documents/IntelliJ Projects/AppiumPOMProject-0@0] DEBUG c.b.testNgListeners.TestNGUtils - [populateTestDataForBSTestOps] The filename fetched :: C:\Users\Hp\Documents\IntelliJ Projects\AppiumPOMProject\src\test\java\GroupID\FlashObjectOptimised.java, fileSeparator :: \, AbsolutePath :: C:\Users\Hp\Documents\IntelliJ Projects\AppiumPOMProject\., Normalized Path :: C:\Users\Hp\Documents\IntelliJ Projects\AppiumPOMProject, File.Separator :: \
13:41:56.929 [C:/Users/Hp/Documents/IntelliJ Projects/AppiumPOMProject-0@0] DEBUG c.b.testNgListeners.TestNGUtils - [populateTestDataForBSTestOps] Replaced File Name is :: AppiumPOMProject\src\test\java\GroupID\FlashObjectOptimised.java, Absolute Path :: C:\Users\Hp\Documents\IntelliJ Projects\AppiumPOMProject\.., Normalized Path :: C:\Users\Hp\Documents\IntelliJ Projects 
13:41:56.931 [C:/Users/Hp/Documents/IntelliJ Projects/AppiumPOMProject-0@0] DEBUG com.browserstack.testOps.Listener - [ TESTHUB ] Processing Request Kind TestRunStarted
13:41:56.932 [AppiumTest1@0] DEBUG c.b.testNgListeners.TestNGUtils - [populateTestDataForBSTestOps] Event Type :: TestRunSkipped, Test ClassName :: GroupID.FlashTestClass
13:41:56.932 [AppiumTest1@0] DEBUG c.browserstack.utils.UtilityMethods - [findFileMatcher] Current Path is :: C:\Users\Hp\Documents\IntelliJ Projects\AppiumPOMProject, TestClass :: GroupID\FlashObjectOptimised
13:41:56.940 [AppiumTest1@0] DEBUG c.b.testNgListeners.TestNGUtils - [populateTestDataForBSTestOps] The filename fetched :: C:\Users\Hp\Documents\IntelliJ Projects\AppiumPOMProject\src\test\java\GroupID\FlashObjectOptimised.java, fileSeparator :: \, AbsolutePath :: C:\Users\Hp\Documents\IntelliJ Projects\AppiumPOMProject\., Normalized Path :: C:\Users\Hp\Documents\IntelliJ Projects\AppiumPOMProject, File.Separator :: \
13:41:56.940 [AppiumTest1@0] DEBUG c.b.testNgListeners.TestNGUtils - [populateTestDataForBSTestOps] Replaced File Name is :: AppiumPOMProject\src\test\java\GroupID\FlashObjectOptimised.java, Absolute Path :: C:\Users\Hp\Documents\IntelliJ Projects\AppiumPOMProject\.., Normalized Path :: C:\Users\Hp\Documents\IntelliJ Projects 
13:41:56.943 [AppiumTest1@0] DEBUG com.browserstack.testOps.Listener - [ TESTHUB ] Processing Request Kind TestRunFinished
13:41:56.943 [AppiumTest1@0] DEBUG c.browserstack.utils.LogReportingAPI - sendSync failed - driver not found
13:41:57.341 [main] DEBUG com.browserstack.testOps.Listener - [ TESTHUB ] Processing Request Kind LogCreated
13:41:57.342 [Thread-2] DEBUG c.browserstack.BrowserStackJavaAgent - Starting final execution
13:41:57.342 [Thread-1] DEBUG com.browserstack.testOps.Listener - [ TESTHUB ] Processing Request Kind LogCreated
13:41:57.342 [Thread-2] DEBUG c.b.u.ObservabilityUtilityMethods - Processing batch requests with type: Global
13:41:57.342 [Thread-2] DEBUG c.browserstack.utils.LogReportingAPI - [2024-08-06T08:11:57.342216300Z][ OBSERVABILITY ] Processing stop observability
13:41:57.343 [pool-5-thread-1] DEBUG c.browserstack.utils.RequestBatcher - Processing Batch 11

13:41:57.344 [pool-5-thread-1] DEBUG c.browserstack.testOps.RequestUtils - [requestToTestOps] Sending Observability request: POST api/v1/batch with request size 43016
13:41:57.843 [pool-5-thread-1] DEBUG c.browserstack.testOps.RequestUtils - requestToTestOps: Response code: 200
13:41:57.843 [pool-5-thread-1] DEBUG c.browserstack.utils.LogReportingAPI - 
[2024-08-06T08:11:57.843548Z][ TESTHUB ] Batch event successfull!

13:41:57.844 [Thread-2] DEBUG c.browserstack.testOps.RequestUtils - [ TESTHUB ] Processing Request Kind stopBuildUpstream
13:41:57.844 [Thread-2] DEBUG c.browserstack.testOps.RequestUtils - [requestToTestOps] Sending Observability request: PUT api/v1/builds/mjf6deoltei320ox14mfidh2ppqne08t0nmmgypl/stop with request size 65
13:41:58.118 [Thread-2] DEBUG c.browserstack.testOps.RequestUtils - requestToTestOps: Response code: 200
13:41:58.118 [Thread-2] DEBUG com.browserstack.testOps.Listener - Testhub stop response: 
13:42:00.313 [Thread-2] DEBUG com.browserstack.testOps.UsageStats - getFormattedData: Collecting data for TestObservability
13:42:00.313 [Thread-2] DEBUG com.browserstack.testOps.UsageStats - getEventStats: Getting event data for TestObservability
13:42:00.315 [Thread-2] DEBUG com.browserstack.testOps.UsageStats - [OBSERVABILITY] Failed to parse data from workers
13:42:00.365 [Thread-2] DEBUG c.b.utils.FunnelInstrumentation - Sending funnel data for SDKTestSuccessful with data: {"event_type":"SDKTestSuccessful","accessKey":"cdWAYU5meFd1rax23PEp","userName":"nayankumar_Rp0sMa","event_properties":{"product":"[app-automate, observability]","buildName":"browserstack build","os":"Windows 11","languageVersion":"18.0.2.1","appiumVersion":"9.0.0","frameworkDetectionInstrumentation":{"retransformClasses-start":1722931895602,"ret-org.openqa.selenium.remote.RemoteWebDriver-start":1722931895602,"parseLoadClass":6,"parseDependencies":19},"language":"java","sdkRunId":"889d7edf-fc4d-4563-9567-bf4e2c31f60f","buildIdentifier":"#9","userFramework":"testng","testhub_uuid":"mjf6deoltei320ox14mfidh2ppqne08t0nmmgypl","detectedAppiumVersion":"null","detectedDependencies":"testng","productMap":{"app_automate":true,"accessibility":false,"automate":false,"percy":false,"observability":true},"referrer":"testng-javaagent\/1.20.2","hostname":"DESKTOP-13RHPFK","measures":{"local:start":4885,"sdk:setup":11123,"local:stop":2191},"language_framework":"java_testng","detectedFramework":"testng","productUsage":{"testObservability":{"buildHashedId":"mjf6deoltei320ox14mfidh2ppqne08t0nmmgypl","manuallySet":false,"enabled":true,"events":{"hookEvents":{"started":{"errors":[],"sentCount":1,"failedCount":0,"triggeredCount":1},"finished":{"triggeredCount":1,"failedCount":0,"errors":[],"sentCount":1},"failed":{"errors":[],"sentCount":1,"failedCount":0,"triggeredCount":1}},"logEvents":{"errors":[],"sentCount":2,"failedCount":0,"triggeredCount":2,"log":{"errors":[],"sentCount":2,"failedCount":0,"triggeredCount":2}},"testEvents":{"started":{"errors":[],"sentCount":4,"failedCount":0,"triggeredCount":4},"finished":{"triggeredCount":4,"failedCount":0,"errors":[],"sentCount":4},"skipped":{"errors":[],"sentCount":4,"failedCount":0,"triggeredCount":4}},"batchEvents":{"triggeredCount":2,"failedCount":0,"errors":[],"sentCount":2},"cbtSessionEvents":{"errors":[],"sentCount":0,"failedCount":0,"triggeredCount":0},"buildEvents":{"started":{"error":null,"status":"success","triggered":true},"finished":{"error":null,"status":"success","triggered":true}}}}},"detectedSeleniumVersion":"null","browserStackConfig":{"browserstackLocal":true,"percy":false,"logLevel":"info","staticWebDriver":true,"autoDetectFramework":true,"percyCaptureMode":"MANUAL","browserStackLocalOptions":{"localIdentifier":"06_Aug_1341_DESKTOP_13RHPFK_khfx","key":"****"},"percyOptions":null,"testContextOptions":{"skipSessionName":false,"serenityOverridePlugin":false,"skipSessionStatus":false},"platforms":[{"platformCaps":{"platformVersion":13.0,"platformName":"android","deviceName":"Samsung Galaxy S23"},"device":"Samsung Galaxy S23","osVersion":null,"browser":null,"os":null,"browserVersion":null,"capabilities":{"platformVersion":13.0,"platformName":"android","deviceName":"Samsung Galaxy S23"},"platformString":"Samsung Galaxy S23, 13.0","customVariables":"****"}],"parallelsPerPlatform":1,"framework":"testng","accessibility":false,"accessibilityOptions":{},"turboScaleOptions":{},"disableAutoCaptureLogs":true,"testObservability":true,"browserstackAutomation":true,"turboScale":false,"testObservabilityOptions":{},"gradleMConfig":null,"proxySettings":null},"seleniumVersion":""}}
13:42:00.763 [Thread-2] DEBUG c.b.utils.FunnelInstrumentation - API Event SDKTestSuccessful response - {"message":"SDK Event recorded successfully"}
13:42:02.618 [Thread-2] DEBUG c.browserstack.utils.UtilityMethods - Browserstack Gradle-M Config File does not exist.
13:42:37.153 [main] DEBUG c.b.config.BrowserStackConfig - Cli Config passed - {}
13:42:37.445 [main] DEBUG c.b.logger.BrowserstackLoggerFactory - Log Level set to TRACE for logger com.browserstack
13:42:37.445 [main] DEBUG c.b.logger.BrowserstackLoggerFactory - Log Level set to INFO for logger stdoutPrinter
13:42:37.545 [main] DEBUG c.b.utils.FrameworkDetectionUtils - Java command - com.intellij.rt.testng.RemoteTestNGStarter -usedefaultlisteners false -socket55036 @w@C:\Users\Hp\AppData\Local\Temp\idea_working_dirs_testng.tmp -temp C:\Users\Hp\AppData\Local\Temp\idea_testng.tmp
13:42:37.545 [main] DEBUG c.b.utils.FrameworkDetectionUtils - Test classes detected: 
13:42:37.552 [main] DEBUG c.b.utils.FrameworkDetectionUtils - Runner: testng, Engine: none
13:42:37.567 [main] DEBUG c.b.utils.FrameworkDetectionUtils - Runner: testng, Engine: none from dependencies
13:42:37.567 [main] DEBUG c.b.utils.FrameworkDetectionUtils - Detected final framework as: testng
13:42:37.567 [main] DEBUG c.browserstack.BrowserStackJavaAgent - JavaAgent Version 1.20.2
13:42:37.571 [main] DEBUG c.b.utils.ExitSignalHandler - Registered handler for INT
13:42:37.571 [main] DEBUG c.b.utils.ExitSignalHandler - Registered handler for TERM
13:42:37.571 [main] DEBUG c.b.utils.ExitSignalHandler - Unable to attach signal handler for HUP Unknown signal: HUP
13:42:37.572 [main] DEBUG c.b.utils.ExitSignalHandler - Registered handler for ABRT
13:42:37.968 [Thread-1] DEBUG c.browserstack.utils.UtilityMethods - NEXT HUBS ARE: ["hub-aps.browserstack.com","hub-euw.browserstack.com","hub-apse.browserstack.com"]
13:42:38.293 [main] DEBUG c.browserstack.utils.UtilityMethods - EXECUTION TIME OF hub-aps.browserstack.com HUB IS: 323ms
13:42:39.172 [main] DEBUG c.browserstack.utils.UtilityMethods - EXECUTION TIME OF hub-euw.browserstack.com HUB IS: 877ms
13:42:40.120 [main] DEBUG c.browserstack.utils.UtilityMethods - EXECUTION TIME OF hub-apse.browserstack.com HUB IS: 947ms
13:42:40.121 [main] DEBUG c.browserstack.utils.UtilityMethods - NEAREST HUB ALLOCATED IS - hub-aps.browserstack.com
13:42:40.134 [main] DEBUG c.b.utils.FunnelInstrumentation - Sending funnel data for SDKTestAttempted with data: {"event_type":"SDKTestAttempted","accessKey":"cdWAYU5meFd1rax23PEp","userName":"nayankumar_Rp0sMa","event_properties":{"product":"[app-automate, observability]","buildName":"browserstack build","os":"Windows 11","languageVersion":"18.0.2.1","appiumVersion":"9.0.0","frameworkDetectionInstrumentation":{"parseLoadClass":5,"parseDependencies":15},"language":"java","sdkRunId":"0ff955ec-3afa-48e4-8b4d-447cab37dca6","buildIdentifier":"#10","userFramework":"testng","testhub_uuid":"","detectedAppiumVersion":"null","detectedDependencies":"testng","productMap":{"app_automate":true,"accessibility":false,"automate":false,"percy":false,"observability":true},"referrer":"testng-javaagent\/1.20.2","hostname":"DESKTOP-13RHPFK","language_framework":"java_testng","detectedFramework":"testng","detectedSeleniumVersion":"null","seleniumVersion":""}}
13:42:40.501 [main] DEBUG c.b.utils.FunnelInstrumentation - API Event SDKTestAttempted response - {"message":"SDK Event recorded successfully"}
13:42:40.705 [main] DEBUG c.browserstack.testOps.RequestUtils - [ TESTHUB ] Processing Request Kind launchTestSession
13:42:40.705 [main] DEBUG c.browserstack.testOps.RequestUtils - [requestToTestOps] Sending Observability request: POST api/v2/builds with request size 1330
13:42:42.057 [main] DEBUG c.browserstack.testOps.RequestUtils - requestToTestOps: Response code: 200
13:42:42.057 [main] DEBUG com.browserstack.testOps.Listener - BROWSERSTACK_TESTHUB_UUID : 2cxsksfunoqyyqu0gndj4ct2ukkqfdgasjdt8zge
13:42:42.057 [main] DEBUG com.browserstack.testOps.Listener - [ TESTHUB ] Build creation successfull
13:42:42.061 [main] DEBUG com.browserstack.LocalFactory - Starting BrowserStack Local with identifier 06_Aug_1342_DESKTOP_13RHPFK_4ZMF
13:42:47.304 [main] DEBUG c.b.t.XMLSuiteClassListener - Number of parallels - 1 and number of platforms - 1
13:42:47.579 [main] DEBUG com.browserstack.testOps.Listener - [ TESTHUB ] Processing Request Kind LogCreated
13:42:47.583 [main] DEBUG com.browserstack.testOps.Listener - [ TESTHUB ] Processing Request Kind LogCreated
13:42:47.586 [main] DEBUG com.browserstack.testOps.Listener - [ TESTHUB ] Processing Request Kind LogCreated
13:42:47.586 [main] DEBUG com.browserstack.testOps.Listener - [ TESTHUB ] Processing Request Kind LogCreated
13:42:47.586 [main] DEBUG com.browserstack.testOps.Listener - [ TESTHUB ] Processing Request Kind LogCreated
13:42:47.593 [main] DEBUG com.browserstack.testOps.Listener - [ TESTHUB ] Processing Request Kind LogCreated
13:42:47.593 [main] DEBUG com.browserstack.testOps.Listener - [ TESTHUB ] Processing Request Kind LogCreated
13:42:47.593 [main] DEBUG com.browserstack.testOps.Listener - [ TESTHUB ] Processing Request Kind LogCreated
13:42:47.593 [main] DEBUG com.browserstack.testOps.Listener - [ TESTHUB ] Processing Request Kind LogCreated
13:42:47.593 [main] DEBUG com.browserstack.testOps.Listener - [ TESTHUB ] Processing Request Kind LogCreated
13:42:47.601 [main] DEBUG com.browserstack.testOps.Listener - [ TESTHUB ] Processing Request Kind LogCreated
13:42:47.602 [main] DEBUG c.browserstack.utils.LogReportingAPI - [2024-08-06T08:12:47.602419100Z][ OBSERVABILITY ] Processing Logs patching stream
13:42:47.648 [configureAppium@0] DEBUG c.b.testNgListeners.TestNGUtils - [populateTestDataForBSTestOps] Event Type :: HookRunStarted, Method ClassName :: testBaseUtils.WFlashBeforeEachTestAndroid 
13:42:47.648 [configureAppium@0] DEBUG c.browserstack.utils.UtilityMethods - [findFileMatcher] Current Path is :: C:\Users\Hp\Documents\IntelliJ Projects\AppiumPOMProject, TestClass :: testBaseUtils\WFlashBeforeEachTestAndroid
13:42:47.661 [configureAppium@0] DEBUG c.b.testNgListeners.TestNGUtils - [populateTestDataForBSTestOps] The filename fetched :: C:\Users\Hp\Documents\IntelliJ Projects\AppiumPOMProject\src\test\java\testBaseUtils\WFlashBeforeEachTestAndroid.java, fileSeparator :: \, AbsolutePath :: C:\Users\Hp\Documents\IntelliJ Projects\AppiumPOMProject\., Normalized Path :: C:\Users\Hp\Documents\IntelliJ Projects\AppiumPOMProject, File.Separator :: \
13:42:47.663 [configureAppium@0] DEBUG c.b.testNgListeners.TestNGUtils - [populateTestDataForBSTestOps] Replaced File Name is :: AppiumPOMProject\src\test\java\testBaseUtils\WFlashBeforeEachTestAndroid.java, Absolute Path :: C:\Users\Hp\Documents\IntelliJ Projects\AppiumPOMProject\.., Normalized Path :: C:\Users\Hp\Documents\IntelliJ Projects 
13:42:47.664 [configureAppium@0] DEBUG com.browserstack.testOps.Listener - [ TESTHUB ] Processing Request Kind HookRunStarted
13:42:49.584 [pool-4-thread-1] DEBUG c.browserstack.utils.RequestBatcher - Time Since Last Batch Processed 1722931969584

13:42:49.586 [pool-5-thread-1] DEBUG c.browserstack.utils.RequestBatcher - Processing Batch 12

13:42:49.587 [pool-5-thread-1] DEBUG c.browserstack.testOps.RequestUtils - [requestToTestOps] Sending Observability request: POST api/v1/batch with request size 3434
13:42:49.868 [pool-5-thread-1] DEBUG c.browserstack.testOps.RequestUtils - requestToTestOps: Response code: 200
13:42:49.868 [pool-5-thread-1] DEBUG c.browserstack.utils.LogReportingAPI - 
[2024-08-06T08:12:49.868814200Z][ TESTHUB ] Batch event successfull!

13:42:49.950 [configureAppium@0] DEBUG c.browserstack.utils.UtilityMethods - [Patch]: SDK enabled, patching remote server
13:42:49.952 [configureAppium@0] DEBUG c.b.selenium.SeleniumHandler - beforeDriverInit: SDK enabled. Thread ID: 43
13:42:49.956 [configureAppium@0] DEBUG c.browserstack.utils.UtilityMethods - [Patch]: SDK enabled, patching remote server
13:42:50.078 [AppiumPOMProject-0@0] DEBUG c.b.testNgListeners.TestNGUtils - [populateTestDataForBSTestOps] Event Type :: TestRunStarted, Test ClassName :: GroupID.FlashTestClass
13:42:50.078 [AppiumPOMProject-0@0] DEBUG c.browserstack.utils.UtilityMethods - [findFileMatcher] Current Path is :: C:\Users\Hp\Documents\IntelliJ Projects\AppiumPOMProject, TestClass :: GroupID\FlashObjectOptimised
13:42:50.087 [AppiumPOMProject-0@0] DEBUG c.b.testNgListeners.TestNGUtils - [populateTestDataForBSTestOps] The filename fetched :: C:\Users\Hp\Documents\IntelliJ Projects\AppiumPOMProject\src\test\java\GroupID\FlashObjectOptimised.java, fileSeparator :: \, AbsolutePath :: C:\Users\Hp\Documents\IntelliJ Projects\AppiumPOMProject\., Normalized Path :: C:\Users\Hp\Documents\IntelliJ Projects\AppiumPOMProject, File.Separator :: \
13:42:50.087 [AppiumPOMProject-0@0] DEBUG c.b.testNgListeners.TestNGUtils - [populateTestDataForBSTestOps] Replaced File Name is :: AppiumPOMProject\src\test\java\GroupID\FlashObjectOptimised.java, Absolute Path :: C:\Users\Hp\Documents\IntelliJ Projects\AppiumPOMProject\.., Normalized Path :: C:\Users\Hp\Documents\IntelliJ Projects 
13:42:50.090 [AppiumPOMProject-0@0] DEBUG com.browserstack.testOps.Listener - [ TESTHUB ] Processing Request Kind TestRunStarted
13:42:50.091 [AppiumTest1@0] DEBUG c.b.testNgListeners.TestNGUtils - [populateTestDataForBSTestOps] Event Type :: HookRunFinished, Method ClassName :: testBaseUtils.WFlashBeforeEachTestAndroid 
13:42:50.092 [AppiumTest1@0] DEBUG c.browserstack.utils.UtilityMethods - [findFileMatcher] Current Path is :: C:\Users\Hp\Documents\IntelliJ Projects\AppiumPOMProject, TestClass :: testBaseUtils\WFlashBeforeEachTestAndroid
13:42:50.101 [AppiumTest1@0] DEBUG c.b.testNgListeners.TestNGUtils - [populateTestDataForBSTestOps] The filename fetched :: C:\Users\Hp\Documents\IntelliJ Projects\AppiumPOMProject\src\test\java\testBaseUtils\WFlashBeforeEachTestAndroid.java, fileSeparator :: \, AbsolutePath :: C:\Users\Hp\Documents\IntelliJ Projects\AppiumPOMProject\., Normalized Path :: C:\Users\Hp\Documents\IntelliJ Projects\AppiumPOMProject, File.Separator :: \
13:42:50.102 [AppiumTest1@0] DEBUG c.b.testNgListeners.TestNGUtils - [populateTestDataForBSTestOps] Replaced File Name is :: AppiumPOMProject\src\test\java\testBaseUtils\WFlashBeforeEachTestAndroid.java, Absolute Path :: C:\Users\Hp\Documents\IntelliJ Projects\AppiumPOMProject\.., Normalized Path :: C:\Users\Hp\Documents\IntelliJ Projects 
13:42:50.102 [AppiumTest1@0] DEBUG com.browserstack.testOps.Listener - [ TESTHUB ] Processing Request Kind HookRunFinished
13:42:50.103 [AppiumTest1@0] DEBUG c.b.testNgListeners.TestNGUtils - [populateTestDataForBSTestOps] Event Type :: TestRunSkipped, Test ClassName :: GroupID.FlashTestClass
13:42:50.103 [AppiumTest1@0] DEBUG c.browserstack.utils.UtilityMethods - [findFileMatcher] Current Path is :: C:\Users\Hp\Documents\IntelliJ Projects\AppiumPOMProject, TestClass :: GroupID\FlashObjectOptimised
13:42:50.115 [AppiumTest1@0] DEBUG c.b.testNgListeners.TestNGUtils - [populateTestDataForBSTestOps] The filename fetched :: C:\Users\Hp\Documents\IntelliJ Projects\AppiumPOMProject\src\test\java\GroupID\FlashObjectOptimised.java, fileSeparator :: \, AbsolutePath :: C:\Users\Hp\Documents\IntelliJ Projects\AppiumPOMProject\., Normalized Path :: C:\Users\Hp\Documents\IntelliJ Projects\AppiumPOMProject, File.Separator :: \
13:42:50.115 [AppiumTest1@0] DEBUG c.b.testNgListeners.TestNGUtils - [populateTestDataForBSTestOps] Replaced File Name is :: AppiumPOMProject\src\test\java\GroupID\FlashObjectOptimised.java, Absolute Path :: C:\Users\Hp\Documents\IntelliJ Projects\AppiumPOMProject\.., Normalized Path :: C:\Users\Hp\Documents\IntelliJ Projects 
13:42:50.122 [AppiumTest1@0] DEBUG com.browserstack.testOps.Listener - [ TESTHUB ] Processing Request Kind TestRunFinished
13:42:50.123 [AppiumTest1@0] DEBUG c.browserstack.utils.LogReportingAPI - sendSync failed - driver not found
13:42:50.127 [AppiumPOMProject-0@0] DEBUG c.b.testNgListeners.TestNGUtils - [populateTestDataForBSTestOps] Event Type :: TestRunStarted, Test ClassName :: GroupID.FlashTestClass
13:42:50.127 [AppiumPOMProject-0@0] DEBUG c.browserstack.utils.UtilityMethods - [findFileMatcher] Current Path is :: C:\Users\Hp\Documents\IntelliJ Projects\AppiumPOMProject, TestClass :: GroupID\FlashObjectOptimised
13:42:50.144 [AppiumPOMProject-0@0] DEBUG c.b.testNgListeners.TestNGUtils - [populateTestDataForBSTestOps] The filename fetched :: C:\Users\Hp\Documents\IntelliJ Projects\AppiumPOMProject\src\test\java\GroupID\FlashObjectOptimised.java, fileSeparator :: \, AbsolutePath :: C:\Users\Hp\Documents\IntelliJ Projects\AppiumPOMProject\., Normalized Path :: C:\Users\Hp\Documents\IntelliJ Projects\AppiumPOMProject, File.Separator :: \
13:42:50.144 [AppiumPOMProject-0@0] DEBUG c.b.testNgListeners.TestNGUtils - [populateTestDataForBSTestOps] Replaced File Name is :: AppiumPOMProject\src\test\java\GroupID\FlashObjectOptimised.java, Absolute Path :: C:\Users\Hp\Documents\IntelliJ Projects\AppiumPOMProject\.., Normalized Path :: C:\Users\Hp\Documents\IntelliJ Projects 
13:42:50.149 [AppiumPOMProject-0@0] DEBUG com.browserstack.testOps.Listener - [ TESTHUB ] Processing Request Kind TestRunStarted
13:42:50.150 [AppiumTest1@0] DEBUG c.b.testNgListeners.TestNGUtils - [populateTestDataForBSTestOps] Event Type :: TestRunSkipped, Test ClassName :: GroupID.FlashTestClass
13:42:50.150 [AppiumTest1@0] DEBUG c.browserstack.utils.UtilityMethods - [findFileMatcher] Current Path is :: C:\Users\Hp\Documents\IntelliJ Projects\AppiumPOMProject, TestClass :: GroupID\FlashObjectOptimised
13:42:50.160 [AppiumTest1@0] DEBUG c.b.testNgListeners.TestNGUtils - [populateTestDataForBSTestOps] The filename fetched :: C:\Users\Hp\Documents\IntelliJ Projects\AppiumPOMProject\src\test\java\GroupID\FlashObjectOptimised.java, fileSeparator :: \, AbsolutePath :: C:\Users\Hp\Documents\IntelliJ Projects\AppiumPOMProject\., Normalized Path :: C:\Users\Hp\Documents\IntelliJ Projects\AppiumPOMProject, File.Separator :: \
13:42:50.160 [AppiumTest1@0] DEBUG c.b.testNgListeners.TestNGUtils - [populateTestDataForBSTestOps] Replaced File Name is :: AppiumPOMProject\src\test\java\GroupID\FlashObjectOptimised.java, Absolute Path :: C:\Users\Hp\Documents\IntelliJ Projects\AppiumPOMProject\.., Normalized Path :: C:\Users\Hp\Documents\IntelliJ Projects 
13:42:50.164 [AppiumTest1@0] DEBUG com.browserstack.testOps.Listener - [ TESTHUB ] Processing Request Kind TestRunFinished
13:42:50.164 [AppiumTest1@0] DEBUG c.browserstack.utils.LogReportingAPI - sendSync failed - driver not found
13:42:50.167 [AppiumPOMProject-0@0] DEBUG c.b.testNgListeners.TestNGUtils - [populateTestDataForBSTestOps] Event Type :: TestRunStarted, Test ClassName :: GroupID.FlashTestClass
13:42:50.167 [AppiumPOMProject-0@0] DEBUG c.browserstack.utils.UtilityMethods - [findFileMatcher] Current Path is :: C:\Users\Hp\Documents\IntelliJ Projects\AppiumPOMProject, TestClass :: GroupID\FlashObjectOptimised
13:42:50.176 [AppiumPOMProject-0@0] DEBUG c.b.testNgListeners.TestNGUtils - [populateTestDataForBSTestOps] The filename fetched :: C:\Users\Hp\Documents\IntelliJ Projects\AppiumPOMProject\src\test\java\GroupID\FlashObjectOptimised.java, fileSeparator :: \, AbsolutePath :: C:\Users\Hp\Documents\IntelliJ Projects\AppiumPOMProject\., Normalized Path :: C:\Users\Hp\Documents\IntelliJ Projects\AppiumPOMProject, File.Separator :: \
13:42:50.176 [AppiumPOMProject-0@0] DEBUG c.b.testNgListeners.TestNGUtils - [populateTestDataForBSTestOps] Replaced File Name is :: AppiumPOMProject\src\test\java\GroupID\FlashObjectOptimised.java, Absolute Path :: C:\Users\Hp\Documents\IntelliJ Projects\AppiumPOMProject\.., Normalized Path :: C:\Users\Hp\Documents\IntelliJ Projects 
13:42:50.179 [AppiumPOMProject-0@0] DEBUG com.browserstack.testOps.Listener - [ TESTHUB ] Processing Request Kind TestRunStarted
13:42:50.180 [AppiumTest1@0] DEBUG c.b.testNgListeners.TestNGUtils - [populateTestDataForBSTestOps] Event Type :: TestRunSkipped, Test ClassName :: GroupID.FlashTestClass
13:42:50.181 [AppiumTest1@0] DEBUG c.browserstack.utils.UtilityMethods - [findFileMatcher] Current Path is :: C:\Users\Hp\Documents\IntelliJ Projects\AppiumPOMProject, TestClass :: GroupID\FlashObjectOptimised
13:42:50.189 [AppiumTest1@0] DEBUG c.b.testNgListeners.TestNGUtils - [populateTestDataForBSTestOps] The filename fetched :: C:\Users\Hp\Documents\IntelliJ Projects\AppiumPOMProject\src\test\java\GroupID\FlashObjectOptimised.java, fileSeparator :: \, AbsolutePath :: C:\Users\Hp\Documents\IntelliJ Projects\AppiumPOMProject\., Normalized Path :: C:\Users\Hp\Documents\IntelliJ Projects\AppiumPOMProject, File.Separator :: \
13:42:50.189 [AppiumTest1@0] DEBUG c.b.testNgListeners.TestNGUtils - [populateTestDataForBSTestOps] Replaced File Name is :: AppiumPOMProject\src\test\java\GroupID\FlashObjectOptimised.java, Absolute Path :: C:\Users\Hp\Documents\IntelliJ Projects\AppiumPOMProject\.., Normalized Path :: C:\Users\Hp\Documents\IntelliJ Projects 
13:42:50.192 [AppiumTest1@0] DEBUG com.browserstack.testOps.Listener - [ TESTHUB ] Processing Request Kind TestRunFinished
13:42:50.192 [AppiumTest1@0] DEBUG c.browserstack.utils.LogReportingAPI - sendSync failed - driver not found
13:42:50.195 [AppiumPOMProject-0@0] DEBUG c.b.testNgListeners.TestNGUtils - [populateTestDataForBSTestOps] Event Type :: TestRunStarted, Test ClassName :: GroupID.FlashTestClass
13:42:50.195 [AppiumPOMProject-0@0] DEBUG c.browserstack.utils.UtilityMethods - [findFileMatcher] Current Path is :: C:\Users\Hp\Documents\IntelliJ Projects\AppiumPOMProject, TestClass :: GroupID\FlashObjectOptimised
13:42:50.203 [AppiumPOMProject-0@0] DEBUG c.b.testNgListeners.TestNGUtils - [populateTestDataForBSTestOps] The filename fetched :: C:\Users\Hp\Documents\IntelliJ Projects\AppiumPOMProject\src\test\java\GroupID\FlashObjectOptimised.java, fileSeparator :: \, AbsolutePath :: C:\Users\Hp\Documents\IntelliJ Projects\AppiumPOMProject\., Normalized Path :: C:\Users\Hp\Documents\IntelliJ Projects\AppiumPOMProject, File.Separator :: \
13:42:50.204 [AppiumPOMProject-0@0] DEBUG c.b.testNgListeners.TestNGUtils - [populateTestDataForBSTestOps] Replaced File Name is :: AppiumPOMProject\src\test\java\GroupID\FlashObjectOptimised.java, Absolute Path :: C:\Users\Hp\Documents\IntelliJ Projects\AppiumPOMProject\.., Normalized Path :: C:\Users\Hp\Documents\IntelliJ Projects 
13:42:50.207 [AppiumPOMProject-0@0] DEBUG com.browserstack.testOps.Listener - [ TESTHUB ] Processing Request Kind TestRunStarted
13:42:50.207 [AppiumTest1@0] DEBUG c.b.testNgListeners.TestNGUtils - [populateTestDataForBSTestOps] Event Type :: TestRunSkipped, Test ClassName :: GroupID.FlashTestClass
13:42:50.207 [AppiumTest1@0] DEBUG c.browserstack.utils.UtilityMethods - [findFileMatcher] Current Path is :: C:\Users\Hp\Documents\IntelliJ Projects\AppiumPOMProject, TestClass :: GroupID\FlashObjectOptimised
13:42:50.215 [AppiumTest1@0] DEBUG c.b.testNgListeners.TestNGUtils - [populateTestDataForBSTestOps] The filename fetched :: C:\Users\Hp\Documents\IntelliJ Projects\AppiumPOMProject\src\test\java\GroupID\FlashObjectOptimised.java, fileSeparator :: \, AbsolutePath :: C:\Users\Hp\Documents\IntelliJ Projects\AppiumPOMProject\., Normalized Path :: C:\Users\Hp\Documents\IntelliJ Projects\AppiumPOMProject, File.Separator :: \
13:42:50.215 [AppiumTest1@0] DEBUG c.b.testNgListeners.TestNGUtils - [populateTestDataForBSTestOps] Replaced File Name is :: AppiumPOMProject\src\test\java\GroupID\FlashObjectOptimised.java, Absolute Path :: C:\Users\Hp\Documents\IntelliJ Projects\AppiumPOMProject\.., Normalized Path :: C:\Users\Hp\Documents\IntelliJ Projects 
13:42:50.218 [AppiumTest1@0] DEBUG com.browserstack.testOps.Listener - [ TESTHUB ] Processing Request Kind TestRunFinished
13:42:50.218 [AppiumTest1@0] DEBUG c.browserstack.utils.LogReportingAPI - sendSync failed - driver not found
13:42:50.224 [main] DEBUG com.browserstack.testOps.Listener - [ TESTHUB ] Processing Request Kind LogCreated
13:42:50.225 [Thread-0] DEBUG c.browserstack.BrowserStackJavaAgent - Starting final execution
13:42:50.225 [Thread-0] DEBUG c.b.u.ObservabilityUtilityMethods - Processing batch requests with type: Global
13:42:50.225 [Thread-0] DEBUG c.browserstack.utils.LogReportingAPI - [2024-08-06T08:12:50.225146600Z][ OBSERVABILITY ] Processing stop observability
13:42:50.226 [pool-5-thread-1] DEBUG c.browserstack.utils.RequestBatcher - Processing Batch 10

13:42:50.227 [pool-5-thread-1] DEBUG c.browserstack.testOps.RequestUtils - [requestToTestOps] Sending Observability request: POST api/v1/batch with request size 29796
13:42:50.714 [pool-5-thread-1] DEBUG c.browserstack.testOps.RequestUtils - requestToTestOps: Response code: 200
13:42:50.715 [pool-5-thread-1] DEBUG c.browserstack.utils.LogReportingAPI - 
[2024-08-06T08:12:50.715577100Z][ TESTHUB ] Batch event successfull!

13:42:50.715 [Thread-0] DEBUG c.browserstack.testOps.RequestUtils - [ TESTHUB ] Processing Request Kind stopBuildUpstream
13:42:50.715 [Thread-0] DEBUG c.browserstack.testOps.RequestUtils - [requestToTestOps] Sending Observability request: PUT api/v1/builds/2cxsksfunoqyyqu0gndj4ct2ukkqfdgasjdt8zge/stop with request size 65
13:42:50.952 [Thread-0] DEBUG c.browserstack.testOps.RequestUtils - requestToTestOps: Response code: 200
13:42:50.952 [Thread-0] DEBUG com.browserstack.testOps.Listener - Testhub stop response: 
13:42:53.179 [Thread-0] DEBUG com.browserstack.testOps.UsageStats - getFormattedData: Collecting data for TestObservability
13:42:53.179 [Thread-0] DEBUG com.browserstack.testOps.UsageStats - getEventStats: Getting event data for TestObservability
13:42:53.181 [Thread-0] DEBUG com.browserstack.testOps.UsageStats - [OBSERVABILITY] Failed to parse data from workers
13:42:53.235 [Thread-0] DEBUG c.b.utils.FunnelInstrumentation - Sending funnel data for SDKTestSuccessful with data: {"event_type":"SDKTestSuccessful","accessKey":"cdWAYU5meFd1rax23PEp","userName":"nayankumar_Rp0sMa","event_properties":{"product":"[app-automate, observability]","buildName":"browserstack build","os":"Windows 11","languageVersion":"18.0.2.1","appiumVersion":"9.0.0","frameworkDetectionInstrumentation":{"parseLoadClass":5,"ret-org.openqa.selenium.remote.RemoteWebDriver":292,"retransformClasses":293,"parseDependencies":15},"language":"java","sdkRunId":"0ff955ec-3afa-48e4-8b4d-447cab37dca6","buildIdentifier":"#10","userFramework":"testng","testhub_uuid":"2cxsksfunoqyyqu0gndj4ct2ukkqfdgasjdt8zge","detectedAppiumVersion":"null","detectedDependencies":"testng","productMap":{"app_automate":true,"accessibility":false,"automate":false,"percy":false,"observability":true},"referrer":"testng-javaagent\/1.20.2","hostname":"DESKTOP-13RHPFK","measures":{"local:start":4744,"sdk:setup":10006,"local:stop":2225},"language_framework":"java_testng","detectedFramework":"testng","productUsage":{"testObservability":{"buildHashedId":"2cxsksfunoqyyqu0gndj4ct2ukkqfdgasjdt8zge","manuallySet":false,"enabled":true,"events":{"hookEvents":{"started":{"errors":[],"triggeredCount":1,"sentCount":1,"failedCount":0},"finished":{"triggeredCount":1,"failedCount":0,"errors":[],"sentCount":1},"failed":{"errors":[],"triggeredCount":1,"sentCount":1,"failedCount":0}},"logEvents":{"errors":[],"triggeredCount":12,"sentCount":12,"failedCount":0,"log":{"errors":[],"triggeredCount":12,"sentCount":12,"failedCount":0}},"testEvents":{"started":{"errors":[],"triggeredCount":4,"sentCount":4,"failedCount":0},"finished":{"triggeredCount":4,"failedCount":0,"errors":[],"sentCount":4},"skipped":{"errors":[],"triggeredCount":4,"sentCount":4,"failedCount":0}},"batchEvents":{"triggeredCount":2,"failedCount":0,"errors":[],"sentCount":2},"cbtSessionEvents":{"errors":[],"triggeredCount":0,"sentCount":0,"failedCount":0},"buildEvents":{"started":{"error":null,"status":"success","triggered":true},"finished":{"error":null,"status":"success","triggered":true}}}}},"detectedSeleniumVersion":"null","browserStackConfig":{"browserstackLocal":true,"percy":false,"logLevel":"info","staticWebDriver":true,"autoDetectFramework":true,"percyCaptureMode":"MANUAL","browserStackLocalOptions":{"localIdentifier":"06_Aug_1342_DESKTOP_13RHPFK_4ZMF","key":"****"},"percyOptions":null,"testContextOptions":{"skipSessionStatus":false,"skipSessionName":false,"serenityOverridePlugin":false},"platforms":[{"capabilities":{"platformVersion":13.0,"platformName":"android","deviceName":"Samsung Galaxy S23"},"osVersion":null,"device":"Samsung Galaxy S23","browser":null,"browserVersion":null,"os":null,"platformCaps":{"platformVersion":13.0,"platformName":"android","deviceName":"Samsung Galaxy S23"},"platformString":"Samsung Galaxy S23, 13.0","customVariables":"****"}],"parallelsPerPlatform":1,"framework":"testng","accessibility":false,"accessibilityOptions":{},"turboScaleOptions":{},"disableAutoCaptureLogs":true,"testObservability":true,"browserstackAutomation":true,"turboScale":false,"testObservabilityOptions":{},"gradleMConfig":null,"proxySettings":null},"seleniumVersion":""}}
13:42:53.560 [Thread-0] DEBUG c.b.utils.FunnelInstrumentation - API Event SDKTestSuccessful response - {"message":"SDK Event recorded successfully"}
13:42:56.002 [Thread-0] DEBUG c.browserstack.utils.UtilityMethods - Browserstack Gradle-M Config File does not exist.
13:44:28.552 [main] DEBUG c.b.config.BrowserStackConfig - Cli Config passed - {}
13:44:28.965 [main] DEBUG c.b.logger.BrowserstackLoggerFactory - Log Level set to TRACE for logger com.browserstack
13:44:28.965 [main] DEBUG c.b.logger.BrowserstackLoggerFactory - Log Level set to INFO for logger stdoutPrinter
13:44:29.070 [main] DEBUG c.b.utils.FrameworkDetectionUtils - Java command - com.intellij.rt.testng.RemoteTestNGStarter -usedefaultlisteners false -socket55317 @w@C:\Users\Hp\AppData\Local\Temp\idea_working_dirs_testng.tmp -temp C:\Users\Hp\AppData\Local\Temp\idea_testng.tmp
13:44:29.070 [main] DEBUG c.b.utils.FrameworkDetectionUtils - Test classes detected: 
13:44:29.077 [main] DEBUG c.b.utils.FrameworkDetectionUtils - Runner: testng, Engine: none
13:44:29.091 [main] DEBUG c.b.utils.FrameworkDetectionUtils - Runner: testng, Engine: none from dependencies
13:44:29.091 [main] DEBUG c.b.utils.FrameworkDetectionUtils - Detected final framework as: testng
13:44:29.091 [main] DEBUG c.browserstack.BrowserStackJavaAgent - JavaAgent Version 1.20.2
13:44:29.095 [main] DEBUG c.b.utils.ExitSignalHandler - Registered handler for INT
13:44:29.095 [main] DEBUG c.b.utils.ExitSignalHandler - Registered handler for TERM
13:44:29.095 [main] DEBUG c.b.utils.ExitSignalHandler - Unable to attach signal handler for HUP Unknown signal: HUP
13:44:29.095 [main] DEBUG c.b.utils.ExitSignalHandler - Registered handler for ABRT
13:44:29.595 [Thread-1] DEBUG c.browserstack.utils.UtilityMethods - NEXT HUBS ARE: ["hub-aps.browserstack.com","hub-euw.browserstack.com","hub-apse.browserstack.com"]
13:44:29.886 [main] DEBUG c.browserstack.utils.UtilityMethods - EXECUTION TIME OF hub-aps.browserstack.com HUB IS: 288ms
13:44:30.808 [main] DEBUG c.browserstack.utils.UtilityMethods - EXECUTION TIME OF hub-euw.browserstack.com HUB IS: 913ms
13:44:31.774 [main] DEBUG c.browserstack.utils.UtilityMethods - EXECUTION TIME OF hub-apse.browserstack.com HUB IS: 965ms
13:44:31.777 [main] DEBUG c.browserstack.utils.UtilityMethods - NEAREST HUB ALLOCATED IS - hub-aps.browserstack.com
13:44:31.793 [main] DEBUG c.b.utils.FunnelInstrumentation - Sending funnel data for SDKTestAttempted with data: {"event_type":"SDKTestAttempted","accessKey":"cdWAYU5meFd1rax23PEp","userName":"nayankumar_Rp0sMa","event_properties":{"product":"[app-automate, observability]","buildName":"browserstack build","os":"Windows 11","languageVersion":"18.0.2.1","appiumVersion":"9.0.0","frameworkDetectionInstrumentation":{"parseLoadClass":5,"parseDependencies":14},"language":"java","sdkRunId":"90af0656-5aa5-4d1f-b44c-7635fd718fb7","buildIdentifier":"#11","userFramework":"testng","testhub_uuid":"","detectedAppiumVersion":"null","detectedDependencies":"testng","productMap":{"app_automate":true,"accessibility":false,"automate":false,"percy":false,"observability":true},"referrer":"testng-javaagent\/1.20.2","hostname":"DESKTOP-13RHPFK","language_framework":"java_testng","detectedFramework":"testng","detectedSeleniumVersion":"null","seleniumVersion":""}}
13:44:32.167 [main] DEBUG c.b.utils.FunnelInstrumentation - API Event SDKTestAttempted response - {"message":"SDK Event recorded successfully"}
13:44:32.424 [main] DEBUG c.browserstack.testOps.RequestUtils - [ TESTHUB ] Processing Request Kind launchTestSession
13:44:32.425 [main] DEBUG c.browserstack.testOps.RequestUtils - [requestToTestOps] Sending Observability request: POST api/v2/builds with request size 1330
13:44:33.765 [main] DEBUG c.browserstack.testOps.RequestUtils - requestToTestOps: Response code: 200
13:44:33.765 [main] DEBUG com.browserstack.testOps.Listener - BROWSERSTACK_TESTHUB_UUID : iqk9lszuu252xnpxmgrowkyp2slqyvqqshwaof6q
13:44:33.766 [main] DEBUG com.browserstack.testOps.Listener - [ TESTHUB ] Build creation successfull
13:44:33.770 [main] DEBUG com.browserstack.LocalFactory - Starting BrowserStack Local with identifier 06_Aug_1344_DESKTOP_13RHPFK_lAs4
13:44:40.192 [main] DEBUG c.b.t.XMLSuiteClassListener - Number of parallels - 1 and number of platforms - 1
13:44:40.413 [main] DEBUG com.browserstack.testOps.Listener - [ TESTHUB ] Processing Request Kind LogCreated
13:44:40.418 [main] DEBUG com.browserstack.testOps.Listener - [ TESTHUB ] Processing Request Kind LogCreated
13:44:40.422 [main] DEBUG com.browserstack.testOps.Listener - [ TESTHUB ] Processing Request Kind LogCreated
13:44:40.422 [main] DEBUG com.browserstack.testOps.Listener - [ TESTHUB ] Processing Request Kind LogCreated
13:44:40.422 [main] DEBUG com.browserstack.testOps.Listener - [ TESTHUB ] Processing Request Kind LogCreated
13:44:40.431 [main] DEBUG com.browserstack.testOps.Listener - [ TESTHUB ] Processing Request Kind LogCreated
13:44:40.431 [main] DEBUG com.browserstack.testOps.Listener - [ TESTHUB ] Processing Request Kind LogCreated
13:44:40.431 [main] DEBUG com.browserstack.testOps.Listener - [ TESTHUB ] Processing Request Kind LogCreated
13:44:40.431 [main] DEBUG com.browserstack.testOps.Listener - [ TESTHUB ] Processing Request Kind LogCreated
13:44:40.431 [main] DEBUG com.browserstack.testOps.Listener - [ TESTHUB ] Processing Request Kind LogCreated
13:44:40.438 [main] DEBUG com.browserstack.testOps.Listener - [ TESTHUB ] Processing Request Kind LogCreated
13:44:40.439 [main] DEBUG c.browserstack.utils.LogReportingAPI - [2024-08-06T08:14:40.439255400Z][ OBSERVABILITY ] Processing Logs patching stream
13:44:40.483 [configureAppium@0] DEBUG c.b.testNgListeners.TestNGUtils - [populateTestDataForBSTestOps] Event Type :: HookRunStarted, Method ClassName :: testBaseUtils.WFlashBeforeEachTestAndroid 
13:44:40.483 [configureAppium@0] DEBUG c.browserstack.utils.UtilityMethods - [findFileMatcher] Current Path is :: C:\Users\Hp\Documents\IntelliJ Projects\AppiumPOMProject, TestClass :: testBaseUtils\WFlashBeforeEachTestAndroid
13:44:40.503 [configureAppium@0] DEBUG c.b.testNgListeners.TestNGUtils - [populateTestDataForBSTestOps] The filename fetched :: C:\Users\Hp\Documents\IntelliJ Projects\AppiumPOMProject\src\test\java\testBaseUtils\WFlashBeforeEachTestAndroid.java, fileSeparator :: \, AbsolutePath :: C:\Users\Hp\Documents\IntelliJ Projects\AppiumPOMProject\., Normalized Path :: C:\Users\Hp\Documents\IntelliJ Projects\AppiumPOMProject, File.Separator :: \
13:44:40.504 [configureAppium@0] DEBUG c.b.testNgListeners.TestNGUtils - [populateTestDataForBSTestOps] Replaced File Name is :: AppiumPOMProject\src\test\java\testBaseUtils\WFlashBeforeEachTestAndroid.java, Absolute Path :: C:\Users\Hp\Documents\IntelliJ Projects\AppiumPOMProject\.., Normalized Path :: C:\Users\Hp\Documents\IntelliJ Projects 
13:44:40.507 [configureAppium@0] DEBUG com.browserstack.testOps.Listener - [ TESTHUB ] Processing Request Kind HookRunStarted
13:44:42.419 [pool-4-thread-1] DEBUG c.browserstack.utils.RequestBatcher - Time Since Last Batch Processed 1722932082419

13:44:42.422 [pool-5-thread-1] DEBUG c.browserstack.utils.RequestBatcher - Processing Batch 12

13:44:42.422 [pool-5-thread-1] DEBUG c.browserstack.testOps.RequestUtils - [requestToTestOps] Sending Observability request: POST api/v1/batch with request size 3434
13:44:42.670 [pool-5-thread-1] DEBUG c.browserstack.testOps.RequestUtils - requestToTestOps: Response code: 200
13:44:42.670 [pool-5-thread-1] DEBUG c.browserstack.utils.LogReportingAPI - 
[2024-08-06T08:14:42.670750100Z][ TESTHUB ] Batch event successfull!

13:44:44.431 [pool-4-thread-1] DEBUG c.browserstack.utils.RequestBatcher - Time Since Last Batch Processed 2011

13:44:45.527 [configureAppium@0] DEBUG c.browserstack.utils.UtilityMethods - [Patch]: SDK enabled, patching remote server
13:44:45.533 [configureAppium@0] DEBUG c.b.selenium.SeleniumHandler - beforeDriverInit: SDK enabled. Thread ID: 43
13:44:45.541 [configureAppium@0] DEBUG c.browserstack.utils.UtilityMethods - [Patch]: SDK enabled, patching remote server
13:44:45.759 [AppiumPOMProject-0@0] DEBUG c.b.testNgListeners.TestNGUtils - [populateTestDataForBSTestOps] Event Type :: TestRunStarted, Test ClassName :: GroupID.FlashTestClass
13:44:45.759 [AppiumPOMProject-0@0] DEBUG c.browserstack.utils.UtilityMethods - [findFileMatcher] Current Path is :: C:\Users\Hp\Documents\IntelliJ Projects\AppiumPOMProject, TestClass :: GroupID\FlashObjectOptimised
13:44:45.772 [AppiumPOMProject-0@0] DEBUG c.b.testNgListeners.TestNGUtils - [populateTestDataForBSTestOps] The filename fetched :: C:\Users\Hp\Documents\IntelliJ Projects\AppiumPOMProject\src\test\java\GroupID\FlashObjectOptimised.java, fileSeparator :: \, AbsolutePath :: C:\Users\Hp\Documents\IntelliJ Projects\AppiumPOMProject\., Normalized Path :: C:\Users\Hp\Documents\IntelliJ Projects\AppiumPOMProject, File.Separator :: \
13:44:45.772 [AppiumPOMProject-0@0] DEBUG c.b.testNgListeners.TestNGUtils - [populateTestDataForBSTestOps] Replaced File Name is :: AppiumPOMProject\src\test\java\GroupID\FlashObjectOptimised.java, Absolute Path :: C:\Users\Hp\Documents\IntelliJ Projects\AppiumPOMProject\.., Normalized Path :: C:\Users\Hp\Documents\IntelliJ Projects 
13:44:45.777 [AppiumPOMProject-0@0] DEBUG com.browserstack.testOps.Listener - [ TESTHUB ] Processing Request Kind TestRunStarted
13:44:45.778 [AppiumTest1@0] DEBUG c.b.testNgListeners.TestNGUtils - [populateTestDataForBSTestOps] Event Type :: HookRunFinished, Method ClassName :: testBaseUtils.WFlashBeforeEachTestAndroid 
13:44:45.779 [AppiumTest1@0] DEBUG c.browserstack.utils.UtilityMethods - [findFileMatcher] Current Path is :: C:\Users\Hp\Documents\IntelliJ Projects\AppiumPOMProject, TestClass :: testBaseUtils\WFlashBeforeEachTestAndroid
13:44:45.790 [AppiumTest1@0] DEBUG c.b.testNgListeners.TestNGUtils - [populateTestDataForBSTestOps] The filename fetched :: C:\Users\Hp\Documents\IntelliJ Projects\AppiumPOMProject\src\test\java\testBaseUtils\WFlashBeforeEachTestAndroid.java, fileSeparator :: \, AbsolutePath :: C:\Users\Hp\Documents\IntelliJ Projects\AppiumPOMProject\., Normalized Path :: C:\Users\Hp\Documents\IntelliJ Projects\AppiumPOMProject, File.Separator :: \
13:44:45.790 [AppiumTest1@0] DEBUG c.b.testNgListeners.TestNGUtils - [populateTestDataForBSTestOps] Replaced File Name is :: AppiumPOMProject\src\test\java\testBaseUtils\WFlashBeforeEachTestAndroid.java, Absolute Path :: C:\Users\Hp\Documents\IntelliJ Projects\AppiumPOMProject\.., Normalized Path :: C:\Users\Hp\Documents\IntelliJ Projects 
13:44:45.790 [AppiumTest1@0] DEBUG com.browserstack.testOps.Listener - [ TESTHUB ] Processing Request Kind HookRunFinished
13:44:45.791 [AppiumTest1@0] DEBUG c.b.testNgListeners.TestNGUtils - [populateTestDataForBSTestOps] Event Type :: TestRunSkipped, Test ClassName :: GroupID.FlashTestClass
13:44:45.791 [AppiumTest1@0] DEBUG c.browserstack.utils.UtilityMethods - [findFileMatcher] Current Path is :: C:\Users\Hp\Documents\IntelliJ Projects\AppiumPOMProject, TestClass :: GroupID\FlashObjectOptimised
13:44:45.800 [AppiumTest1@0] DEBUG c.b.testNgListeners.TestNGUtils - [populateTestDataForBSTestOps] The filename fetched :: C:\Users\Hp\Documents\IntelliJ Projects\AppiumPOMProject\src\test\java\GroupID\FlashObjectOptimised.java, fileSeparator :: \, AbsolutePath :: C:\Users\Hp\Documents\IntelliJ Projects\AppiumPOMProject\., Normalized Path :: C:\Users\Hp\Documents\IntelliJ Projects\AppiumPOMProject, File.Separator :: \
13:44:45.800 [AppiumTest1@0] DEBUG c.b.testNgListeners.TestNGUtils - [populateTestDataForBSTestOps] Replaced File Name is :: AppiumPOMProject\src\test\java\GroupID\FlashObjectOptimised.java, Absolute Path :: C:\Users\Hp\Documents\IntelliJ Projects\AppiumPOMProject\.., Normalized Path :: C:\Users\Hp\Documents\IntelliJ Projects 
13:44:45.805 [AppiumTest1@0] DEBUG com.browserstack.testOps.Listener - [ TESTHUB ] Processing Request Kind TestRunFinished
13:44:45.805 [AppiumTest1@0] DEBUG c.browserstack.utils.LogReportingAPI - sendSync failed - driver not found
13:44:45.809 [AppiumPOMProject-0@0] DEBUG c.b.testNgListeners.TestNGUtils - [populateTestDataForBSTestOps] Event Type :: TestRunStarted, Test ClassName :: GroupID.FlashTestClass
13:44:45.809 [AppiumPOMProject-0@0] DEBUG c.browserstack.utils.UtilityMethods - [findFileMatcher] Current Path is :: C:\Users\Hp\Documents\IntelliJ Projects\AppiumPOMProject, TestClass :: GroupID\FlashObjectOptimised
13:44:45.821 [AppiumPOMProject-0@0] DEBUG c.b.testNgListeners.TestNGUtils - [populateTestDataForBSTestOps] The filename fetched :: C:\Users\Hp\Documents\IntelliJ Projects\AppiumPOMProject\src\test\java\GroupID\FlashObjectOptimised.java, fileSeparator :: \, AbsolutePath :: C:\Users\Hp\Documents\IntelliJ Projects\AppiumPOMProject\., Normalized Path :: C:\Users\Hp\Documents\IntelliJ Projects\AppiumPOMProject, File.Separator :: \
13:44:45.821 [AppiumPOMProject-0@0] DEBUG c.b.testNgListeners.TestNGUtils - [populateTestDataForBSTestOps] Replaced File Name is :: AppiumPOMProject\src\test\java\GroupID\FlashObjectOptimised.java, Absolute Path :: C:\Users\Hp\Documents\IntelliJ Projects\AppiumPOMProject\.., Normalized Path :: C:\Users\Hp\Documents\IntelliJ Projects 
13:44:45.825 [AppiumPOMProject-0@0] DEBUG com.browserstack.testOps.Listener - [ TESTHUB ] Processing Request Kind TestRunStarted
13:44:45.826 [AppiumTest1@0] DEBUG c.b.testNgListeners.TestNGUtils - [populateTestDataForBSTestOps] Event Type :: TestRunSkipped, Test ClassName :: GroupID.FlashTestClass
13:44:45.826 [AppiumTest1@0] DEBUG c.browserstack.utils.UtilityMethods - [findFileMatcher] Current Path is :: C:\Users\Hp\Documents\IntelliJ Projects\AppiumPOMProject, TestClass :: GroupID\FlashObjectOptimised
13:44:45.837 [AppiumTest1@0] DEBUG c.b.testNgListeners.TestNGUtils - [populateTestDataForBSTestOps] The filename fetched :: C:\Users\Hp\Documents\IntelliJ Projects\AppiumPOMProject\src\test\java\GroupID\FlashObjectOptimised.java, fileSeparator :: \, AbsolutePath :: C:\Users\Hp\Documents\IntelliJ Projects\AppiumPOMProject\., Normalized Path :: C:\Users\Hp\Documents\IntelliJ Projects\AppiumPOMProject, File.Separator :: \
13:44:45.837 [AppiumTest1@0] DEBUG c.b.testNgListeners.TestNGUtils - [populateTestDataForBSTestOps] Replaced File Name is :: AppiumPOMProject\src\test\java\GroupID\FlashObjectOptimised.java, Absolute Path :: C:\Users\Hp\Documents\IntelliJ Projects\AppiumPOMProject\.., Normalized Path :: C:\Users\Hp\Documents\IntelliJ Projects 
13:44:45.842 [AppiumTest1@0] DEBUG com.browserstack.testOps.Listener - [ TESTHUB ] Processing Request Kind TestRunFinished
13:44:45.842 [AppiumTest1@0] DEBUG c.browserstack.utils.LogReportingAPI - sendSync failed - driver not found
13:44:45.845 [AppiumPOMProject-0@0] DEBUG c.b.testNgListeners.TestNGUtils - [populateTestDataForBSTestOps] Event Type :: TestRunStarted, Test ClassName :: GroupID.FlashTestClass
13:44:45.846 [AppiumPOMProject-0@0] DEBUG c.browserstack.utils.UtilityMethods - [findFileMatcher] Current Path is :: C:\Users\Hp\Documents\IntelliJ Projects\AppiumPOMProject, TestClass :: GroupID\FlashObjectOptimised
13:44:45.856 [AppiumPOMProject-0@0] DEBUG c.b.testNgListeners.TestNGUtils - [populateTestDataForBSTestOps] The filename fetched :: C:\Users\Hp\Documents\IntelliJ Projects\AppiumPOMProject\src\test\java\GroupID\FlashObjectOptimised.java, fileSeparator :: \, AbsolutePath :: C:\Users\Hp\Documents\IntelliJ Projects\AppiumPOMProject\., Normalized Path :: C:\Users\Hp\Documents\IntelliJ Projects\AppiumPOMProject, File.Separator :: \
13:44:45.856 [AppiumPOMProject-0@0] DEBUG c.b.testNgListeners.TestNGUtils - [populateTestDataForBSTestOps] Replaced File Name is :: AppiumPOMProject\src\test\java\GroupID\FlashObjectOptimised.java, Absolute Path :: C:\Users\Hp\Documents\IntelliJ Projects\AppiumPOMProject\.., Normalized Path :: C:\Users\Hp\Documents\IntelliJ Projects 
13:44:45.859 [AppiumPOMProject-0@0] DEBUG com.browserstack.testOps.Listener - [ TESTHUB ] Processing Request Kind TestRunStarted
13:44:45.861 [AppiumTest1@0] DEBUG c.b.testNgListeners.TestNGUtils - [populateTestDataForBSTestOps] Event Type :: TestRunSkipped, Test ClassName :: GroupID.FlashTestClass
13:44:45.861 [AppiumTest1@0] DEBUG c.browserstack.utils.UtilityMethods - [findFileMatcher] Current Path is :: C:\Users\Hp\Documents\IntelliJ Projects\AppiumPOMProject, TestClass :: GroupID\FlashObjectOptimised
13:44:45.873 [AppiumTest1@0] DEBUG c.b.testNgListeners.TestNGUtils - [populateTestDataForBSTestOps] The filename fetched :: C:\Users\Hp\Documents\IntelliJ Projects\AppiumPOMProject\src\test\java\GroupID\FlashObjectOptimised.java, fileSeparator :: \, AbsolutePath :: C:\Users\Hp\Documents\IntelliJ Projects\AppiumPOMProject\., Normalized Path :: C:\Users\Hp\Documents\IntelliJ Projects\AppiumPOMProject, File.Separator :: \
13:44:45.873 [AppiumTest1@0] DEBUG c.b.testNgListeners.TestNGUtils - [populateTestDataForBSTestOps] Replaced File Name is :: AppiumPOMProject\src\test\java\GroupID\FlashObjectOptimised.java, Absolute Path :: C:\Users\Hp\Documents\IntelliJ Projects\AppiumPOMProject\.., Normalized Path :: C:\Users\Hp\Documents\IntelliJ Projects 
13:44:45.877 [AppiumTest1@0] DEBUG com.browserstack.testOps.Listener - [ TESTHUB ] Processing Request Kind TestRunFinished
13:44:45.877 [AppiumTest1@0] DEBUG c.browserstack.utils.LogReportingAPI - sendSync failed - driver not found
13:44:45.880 [AppiumPOMProject-0@0] DEBUG c.b.testNgListeners.TestNGUtils - [populateTestDataForBSTestOps] Event Type :: TestRunStarted, Test ClassName :: GroupID.FlashTestClass
13:44:45.880 [AppiumPOMProject-0@0] DEBUG c.browserstack.utils.UtilityMethods - [findFileMatcher] Current Path is :: C:\Users\Hp\Documents\IntelliJ Projects\AppiumPOMProject, TestClass :: GroupID\FlashObjectOptimised
13:44:45.891 [AppiumPOMProject-0@0] DEBUG c.b.testNgListeners.TestNGUtils - [populateTestDataForBSTestOps] The filename fetched :: C:\Users\Hp\Documents\IntelliJ Projects\AppiumPOMProject\src\test\java\GroupID\FlashObjectOptimised.java, fileSeparator :: \, AbsolutePath :: C:\Users\Hp\Documents\IntelliJ Projects\AppiumPOMProject\., Normalized Path :: C:\Users\Hp\Documents\IntelliJ Projects\AppiumPOMProject, File.Separator :: \
13:44:45.891 [AppiumPOMProject-0@0] DEBUG c.b.testNgListeners.TestNGUtils - [populateTestDataForBSTestOps] Replaced File Name is :: AppiumPOMProject\src\test\java\GroupID\FlashObjectOptimised.java, Absolute Path :: C:\Users\Hp\Documents\IntelliJ Projects\AppiumPOMProject\.., Normalized Path :: C:\Users\Hp\Documents\IntelliJ Projects 
13:44:45.895 [AppiumPOMProject-0@0] DEBUG com.browserstack.testOps.Listener - [ TESTHUB ] Processing Request Kind TestRunStarted
13:44:45.896 [AppiumTest1@0] DEBUG c.b.testNgListeners.TestNGUtils - [populateTestDataForBSTestOps] Event Type :: TestRunSkipped, Test ClassName :: GroupID.FlashTestClass
13:44:45.896 [AppiumTest1@0] DEBUG c.browserstack.utils.UtilityMethods - [findFileMatcher] Current Path is :: C:\Users\Hp\Documents\IntelliJ Projects\AppiumPOMProject, TestClass :: GroupID\FlashObjectOptimised
13:44:45.906 [AppiumTest1@0] DEBUG c.b.testNgListeners.TestNGUtils - [populateTestDataForBSTestOps] The filename fetched :: C:\Users\Hp\Documents\IntelliJ Projects\AppiumPOMProject\src\test\java\GroupID\FlashObjectOptimised.java, fileSeparator :: \, AbsolutePath :: C:\Users\Hp\Documents\IntelliJ Projects\AppiumPOMProject\., Normalized Path :: C:\Users\Hp\Documents\IntelliJ Projects\AppiumPOMProject, File.Separator :: \
13:44:45.906 [AppiumTest1@0] DEBUG c.b.testNgListeners.TestNGUtils - [populateTestDataForBSTestOps] Replaced File Name is :: AppiumPOMProject\src\test\java\GroupID\FlashObjectOptimised.java, Absolute Path :: C:\Users\Hp\Documents\IntelliJ Projects\AppiumPOMProject\.., Normalized Path :: C:\Users\Hp\Documents\IntelliJ Projects 
13:44:45.909 [AppiumTest1@0] DEBUG com.browserstack.testOps.Listener - [ TESTHUB ] Processing Request Kind TestRunFinished
13:44:45.909 [AppiumTest1@0] DEBUG c.browserstack.utils.LogReportingAPI - sendSync failed - driver not found
13:44:45.916 [main] DEBUG com.browserstack.testOps.Listener - [ TESTHUB ] Processing Request Kind LogCreated
13:44:45.917 [Thread-0] DEBUG c.browserstack.BrowserStackJavaAgent - Starting final execution
13:44:45.919 [Thread-0] DEBUG c.b.u.ObservabilityUtilityMethods - Processing batch requests with type: Global
13:44:45.919 [Thread-0] DEBUG c.browserstack.utils.LogReportingAPI - [2024-08-06T08:14:45.919021700Z][ OBSERVABILITY ] Processing stop observability
13:44:45.919 [pool-5-thread-1] DEBUG c.browserstack.utils.RequestBatcher - Processing Batch 10

13:44:45.921 [pool-5-thread-1] DEBUG c.browserstack.testOps.RequestUtils - [requestToTestOps] Sending Observability request: POST api/v1/batch with request size 29796
13:44:46.398 [pool-5-thread-1] DEBUG c.browserstack.testOps.RequestUtils - requestToTestOps: Response code: 200
13:44:46.398 [pool-5-thread-1] DEBUG c.browserstack.utils.LogReportingAPI - 
[2024-08-06T08:14:46.398874600Z][ TESTHUB ] Batch event successfull!

13:44:46.399 [Thread-0] DEBUG c.browserstack.testOps.RequestUtils - [ TESTHUB ] Processing Request Kind stopBuildUpstream
13:44:46.399 [Thread-0] DEBUG c.browserstack.testOps.RequestUtils - [requestToTestOps] Sending Observability request: PUT api/v1/builds/iqk9lszuu252xnpxmgrowkyp2slqyvqqshwaof6q/stop with request size 65
13:44:46.647 [Thread-0] DEBUG c.browserstack.testOps.RequestUtils - requestToTestOps: Response code: 200
13:44:46.648 [Thread-0] DEBUG com.browserstack.testOps.Listener - Testhub stop response: 
13:44:49.041 [Thread-0] DEBUG com.browserstack.testOps.UsageStats - getFormattedData: Collecting data for TestObservability
13:44:49.042 [Thread-0] DEBUG com.browserstack.testOps.UsageStats - getEventStats: Getting event data for TestObservability
13:44:49.046 [Thread-0] DEBUG com.browserstack.testOps.UsageStats - [OBSERVABILITY] Failed to parse data from workers
13:44:49.140 [Thread-0] DEBUG c.b.utils.FunnelInstrumentation - Sending funnel data for SDKTestSuccessful with data: {"event_type":"SDKTestSuccessful","accessKey":"cdWAYU5meFd1rax23PEp","userName":"nayankumar_Rp0sMa","event_properties":{"product":"[app-automate, observability]","buildName":"browserstack build","os":"Windows 11","languageVersion":"18.0.2.1","appiumVersion":"9.0.0","frameworkDetectionInstrumentation":{"parseLoadClass":5,"ret-org.openqa.selenium.remote.RemoteWebDriver":362,"retransformClasses":363,"parseDependencies":14},"language":"java","sdkRunId":"90af0656-5aa5-4d1f-b44c-7635fd718fb7","buildIdentifier":"#11","userFramework":"testng","testhub_uuid":"iqk9lszuu252xnpxmgrowkyp2slqyvqqshwaof6q","detectedAppiumVersion":"null","detectedDependencies":"testng","productMap":{"app_automate":true,"accessibility":false,"automate":false,"percy":false,"observability":true},"referrer":"testng-javaagent\/1.20.2","hostname":"DESKTOP-13RHPFK","measures":{"local:start":5860,"sdk:setup":11625,"local:stop":2391},"language_framework":"java_testng","detectedFramework":"testng","productUsage":{"testObservability":{"buildHashedId":"iqk9lszuu252xnpxmgrowkyp2slqyvqqshwaof6q","manuallySet":false,"enabled":true,"events":{"hookEvents":{"started":{"errors":[],"failedCount":0,"sentCount":1,"triggeredCount":1},"finished":{"triggeredCount":1,"failedCount":0,"errors":[],"sentCount":1},"failed":{"errors":[],"failedCount":0,"sentCount":1,"triggeredCount":1}},"logEvents":{"errors":[],"failedCount":0,"sentCount":12,"triggeredCount":12,"log":{"errors":[],"failedCount":0,"sentCount":12,"triggeredCount":12}},"testEvents":{"started":{"errors":[],"failedCount":0,"sentCount":4,"triggeredCount":4},"finished":{"triggeredCount":4,"failedCount":0,"errors":[],"sentCount":4},"skipped":{"errors":[],"failedCount":0,"sentCount":4,"triggeredCount":4}},"batchEvents":{"triggeredCount":2,"failedCount":0,"errors":[],"sentCount":2},"cbtSessionEvents":{"errors":[],"failedCount":0,"sentCount":0,"triggeredCount":0},"buildEvents":{"started":{"error":null,"status":"success","triggered":true},"finished":{"error":null,"status":"success","triggered":true}}}}},"detectedSeleniumVersion":"null","browserStackConfig":{"browserstackLocal":true,"percy":false,"logLevel":"info","staticWebDriver":true,"autoDetectFramework":true,"percyCaptureMode":"MANUAL","browserStackLocalOptions":{"localIdentifier":"06_Aug_1344_DESKTOP_13RHPFK_lAs4","key":"****"},"percyOptions":null,"testContextOptions":{"skipSessionStatus":false,"skipSessionName":false,"serenityOverridePlugin":false},"platforms":[{"capabilities":{"platformVersion":13.0,"platformName":"android","deviceName":"Samsung Galaxy S23"},"browser":null,"browserVersion":null,"device":"Samsung Galaxy S23","osVersion":null,"os":null,"platformCaps":{"platformVersion":13.0,"platformName":"android","deviceName":"Samsung Galaxy S23"},"platformString":"Samsung Galaxy S23, 13.0","customVariables":"****"}],"parallelsPerPlatform":1,"framework":"testng","accessibility":false,"accessibilityOptions":{},"turboScaleOptions":{},"disableAutoCaptureLogs":true,"testObservability":true,"browserstackAutomation":true,"turboScale":false,"testObservabilityOptions":{},"gradleMConfig":null,"proxySettings":null},"seleniumVersion":""}}
13:44:49.451 [Thread-0] DEBUG c.b.utils.FunnelInstrumentation - API Event SDKTestSuccessful response - {"message":"SDK Event recorded successfully"}
13:44:51.197 [Thread-0] DEBUG c.browserstack.utils.UtilityMethods - Browserstack Gradle-M Config File does not exist.
13:47:39.938 [main] DEBUG c.b.config.BrowserStackConfig - Cli Config passed - {}
13:47:40.275 [main] DEBUG c.b.logger.BrowserstackLoggerFactory - Log Level set to TRACE for logger com.browserstack
13:47:40.275 [main] DEBUG c.b.logger.BrowserstackLoggerFactory - Log Level set to INFO for logger stdoutPrinter
13:47:40.385 [main] DEBUG c.b.utils.FrameworkDetectionUtils - Java command - com.intellij.rt.testng.RemoteTestNGStarter -usedefaultlisteners false -socket55695 @w@C:\Users\Hp\AppData\Local\Temp\idea_working_dirs_testng.tmp -temp C:\Users\Hp\AppData\Local\Temp\idea_testng.tmp
13:47:40.385 [main] DEBUG c.b.utils.FrameworkDetectionUtils - Test classes detected: 
13:47:40.391 [main] DEBUG c.b.utils.FrameworkDetectionUtils - Runner: testng, Engine: none
13:47:40.406 [main] DEBUG c.b.utils.FrameworkDetectionUtils - Runner: testng, Engine: none from dependencies
13:47:40.406 [main] DEBUG c.b.utils.FrameworkDetectionUtils - Detected final framework as: testng
13:47:40.406 [main] DEBUG c.browserstack.BrowserStackJavaAgent - JavaAgent Version 1.20.2
13:47:40.410 [main] DEBUG c.b.utils.ExitSignalHandler - Registered handler for INT
13:47:40.411 [main] DEBUG c.b.utils.ExitSignalHandler - Registered handler for TERM
13:47:40.411 [main] DEBUG c.b.utils.ExitSignalHandler - Unable to attach signal handler for HUP Unknown signal: HUP
13:47:40.411 [main] DEBUG c.b.utils.ExitSignalHandler - Registered handler for ABRT
13:47:40.892 [Thread-1] DEBUG c.browserstack.utils.UtilityMethods - NEXT HUBS ARE: ["hub-aps.browserstack.com","hub-euw.browserstack.com","hub-apse.browserstack.com"]
13:47:41.169 [main] DEBUG c.browserstack.utils.UtilityMethods - EXECUTION TIME OF hub-aps.browserstack.com HUB IS: 268ms
13:47:42.114 [main] DEBUG c.browserstack.utils.UtilityMethods - EXECUTION TIME OF hub-euw.browserstack.com HUB IS: 940ms
13:47:43.082 [main] DEBUG c.browserstack.utils.UtilityMethods - EXECUTION TIME OF hub-apse.browserstack.com HUB IS: 966ms
13:47:43.094 [main] DEBUG c.browserstack.utils.UtilityMethods - NEAREST HUB ALLOCATED IS - hub-aps.browserstack.com
13:47:43.106 [main] DEBUG c.b.utils.FunnelInstrumentation - Sending funnel data for SDKTestAttempted with data: {"event_type":"SDKTestAttempted","accessKey":"cdWAYU5meFd1rax23PEp","userName":"nayankumar_Rp0sMa","event_properties":{"product":"[app-automate, observability]","buildName":"browserstack build","os":"Windows 11","languageVersion":"18.0.2.1","appiumVersion":"9.0.0","frameworkDetectionInstrumentation":{"parseLoadClass":4,"parseDependencies":14},"language":"java","sdkRunId":"76bd718f-76cc-40ea-9182-618828159018","buildIdentifier":"#12","userFramework":"testng","testhub_uuid":"","detectedAppiumVersion":"null","detectedDependencies":"testng","productMap":{"app_automate":true,"accessibility":false,"automate":false,"percy":false,"observability":true},"referrer":"testng-javaagent\/1.20.2","hostname":"DESKTOP-13RHPFK","language_framework":"java_testng","detectedFramework":"testng","detectedSeleniumVersion":"null","seleniumVersion":""}}
13:47:44.146 [main] DEBUG c.b.utils.FunnelInstrumentation - API Event SDKTestAttempted response - {"message":"SDK Event recorded successfully"}
13:47:44.381 [main] DEBUG c.browserstack.testOps.RequestUtils - [ TESTHUB ] Processing Request Kind launchTestSession
13:47:44.381 [main] DEBUG c.browserstack.testOps.RequestUtils - [requestToTestOps] Sending Observability request: POST api/v2/builds with request size 1330
13:47:45.835 [main] DEBUG c.browserstack.testOps.RequestUtils - requestToTestOps: Response code: 200
13:47:45.836 [main] DEBUG com.browserstack.testOps.Listener - BROWSERSTACK_TESTHUB_UUID : mufagtbrt5ei508uioha2xzvyjjmndpsb3adbbme
13:47:45.836 [main] DEBUG com.browserstack.testOps.Listener - [ TESTHUB ] Build creation successfull
13:47:45.839 [main] DEBUG com.browserstack.LocalFactory - Starting BrowserStack Local with identifier 06_Aug_1347_DESKTOP_13RHPFK_PiBm
13:47:51.478 [main] DEBUG c.b.t.XMLSuiteClassListener - Number of parallels - 1 and number of platforms - 1
13:47:51.839 [main] DEBUG com.browserstack.testOps.Listener - [ TESTHUB ] Processing Request Kind LogCreated
13:47:51.844 [main] DEBUG com.browserstack.testOps.Listener - [ TESTHUB ] Processing Request Kind LogCreated
13:47:51.849 [main] DEBUG com.browserstack.testOps.Listener - [ TESTHUB ] Processing Request Kind LogCreated
13:47:51.850 [main] DEBUG com.browserstack.testOps.Listener - [ TESTHUB ] Processing Request Kind LogCreated
13:47:51.850 [main] DEBUG com.browserstack.testOps.Listener - [ TESTHUB ] Processing Request Kind LogCreated
13:47:51.860 [main] DEBUG com.browserstack.testOps.Listener - [ TESTHUB ] Processing Request Kind LogCreated
13:47:51.860 [main] DEBUG com.browserstack.testOps.Listener - [ TESTHUB ] Processing Request Kind LogCreated
13:47:51.861 [main] DEBUG com.browserstack.testOps.Listener - [ TESTHUB ] Processing Request Kind LogCreated
13:47:51.861 [main] DEBUG com.browserstack.testOps.Listener - [ TESTHUB ] Processing Request Kind LogCreated
13:47:51.861 [main] DEBUG com.browserstack.testOps.Listener - [ TESTHUB ] Processing Request Kind LogCreated
13:47:51.869 [main] DEBUG com.browserstack.testOps.Listener - [ TESTHUB ] Processing Request Kind LogCreated
13:47:51.870 [main] DEBUG c.browserstack.utils.LogReportingAPI - [2024-08-06T08:17:51.870402400Z][ OBSERVABILITY ] Processing Logs patching stream
13:47:51.922 [configureAppium@0] DEBUG c.b.testNgListeners.TestNGUtils - [populateTestDataForBSTestOps] Event Type :: HookRunStarted, Method ClassName :: testBaseUtils.WFlashBeforeEachTestAndroid 
13:47:51.922 [configureAppium@0] DEBUG c.browserstack.utils.UtilityMethods - [findFileMatcher] Current Path is :: C:\Users\Hp\Documents\IntelliJ Projects\AppiumPOMProject, TestClass :: testBaseUtils\WFlashBeforeEachTestAndroid
13:47:51.941 [configureAppium@0] DEBUG c.b.testNgListeners.TestNGUtils - [populateTestDataForBSTestOps] The filename fetched :: C:\Users\Hp\Documents\IntelliJ Projects\AppiumPOMProject\src\test\java\testBaseUtils\WFlashBeforeEachTestAndroid.java, fileSeparator :: \, AbsolutePath :: C:\Users\Hp\Documents\IntelliJ Projects\AppiumPOMProject\., Normalized Path :: C:\Users\Hp\Documents\IntelliJ Projects\AppiumPOMProject, File.Separator :: \
13:47:51.941 [configureAppium@0] DEBUG c.b.testNgListeners.TestNGUtils - [populateTestDataForBSTestOps] Replaced File Name is :: AppiumPOMProject\src\test\java\testBaseUtils\WFlashBeforeEachTestAndroid.java, Absolute Path :: C:\Users\Hp\Documents\IntelliJ Projects\AppiumPOMProject\.., Normalized Path :: C:\Users\Hp\Documents\IntelliJ Projects 
13:47:51.944 [configureAppium@0] DEBUG com.browserstack.testOps.Listener - [ TESTHUB ] Processing Request Kind HookRunStarted
13:47:52.215 [configureAppium@0] DEBUG c.browserstack.utils.UtilityMethods - [Patch]: SDK enabled, patching remote server
13:47:52.219 [configureAppium@0] DEBUG c.b.selenium.SeleniumHandler - beforeDriverInit: SDK enabled. Thread ID: 43
13:47:52.225 [configureAppium@0] DEBUG c.browserstack.utils.UtilityMethods - [Patch]: SDK enabled, patching remote server
13:47:52.395 [AppiumPOMProject-0@0] DEBUG c.b.testNgListeners.TestNGUtils - [populateTestDataForBSTestOps] Event Type :: TestRunStarted, Test ClassName :: GroupID.FlashTestClass
13:47:52.395 [AppiumPOMProject-0@0] DEBUG c.browserstack.utils.UtilityMethods - [findFileMatcher] Current Path is :: C:\Users\Hp\Documents\IntelliJ Projects\AppiumPOMProject, TestClass :: GroupID\FlashObjectOptimised
13:47:52.409 [AppiumPOMProject-0@0] DEBUG c.b.testNgListeners.TestNGUtils - [populateTestDataForBSTestOps] The filename fetched :: C:\Users\Hp\Documents\IntelliJ Projects\AppiumPOMProject\src\test\java\GroupID\FlashObjectOptimised.java, fileSeparator :: \, AbsolutePath :: C:\Users\Hp\Documents\IntelliJ Projects\AppiumPOMProject\., Normalized Path :: C:\Users\Hp\Documents\IntelliJ Projects\AppiumPOMProject, File.Separator :: \
13:47:52.409 [AppiumPOMProject-0@0] DEBUG c.b.testNgListeners.TestNGUtils - [populateTestDataForBSTestOps] Replaced File Name is :: AppiumPOMProject\src\test\java\GroupID\FlashObjectOptimised.java, Absolute Path :: C:\Users\Hp\Documents\IntelliJ Projects\AppiumPOMProject\.., Normalized Path :: C:\Users\Hp\Documents\IntelliJ Projects 
13:47:52.413 [AppiumPOMProject-0@0] DEBUG com.browserstack.testOps.Listener - [ TESTHUB ] Processing Request Kind TestRunStarted
13:47:52.416 [AppiumTest1@0] DEBUG c.b.testNgListeners.TestNGUtils - [populateTestDataForBSTestOps] Event Type :: HookRunFinished, Method ClassName :: testBaseUtils.WFlashBeforeEachTestAndroid 
13:47:52.416 [AppiumTest1@0] DEBUG c.browserstack.utils.UtilityMethods - [findFileMatcher] Current Path is :: C:\Users\Hp\Documents\IntelliJ Projects\AppiumPOMProject, TestClass :: testBaseUtils\WFlashBeforeEachTestAndroid
13:47:52.429 [AppiumTest1@0] DEBUG c.b.testNgListeners.TestNGUtils - [populateTestDataForBSTestOps] The filename fetched :: C:\Users\Hp\Documents\IntelliJ Projects\AppiumPOMProject\src\test\java\testBaseUtils\WFlashBeforeEachTestAndroid.java, fileSeparator :: \, AbsolutePath :: C:\Users\Hp\Documents\IntelliJ Projects\AppiumPOMProject\., Normalized Path :: C:\Users\Hp\Documents\IntelliJ Projects\AppiumPOMProject, File.Separator :: \
13:47:52.429 [AppiumTest1@0] DEBUG c.b.testNgListeners.TestNGUtils - [populateTestDataForBSTestOps] Replaced File Name is :: AppiumPOMProject\src\test\java\testBaseUtils\WFlashBeforeEachTestAndroid.java, Absolute Path :: C:\Users\Hp\Documents\IntelliJ Projects\AppiumPOMProject\.., Normalized Path :: C:\Users\Hp\Documents\IntelliJ Projects 
13:47:52.431 [AppiumTest1@0] DEBUG com.browserstack.testOps.Listener - [ TESTHUB ] Processing Request Kind HookRunFinished
13:47:52.432 [AppiumTest1@0] DEBUG c.b.testNgListeners.TestNGUtils - [populateTestDataForBSTestOps] Event Type :: TestRunSkipped, Test ClassName :: GroupID.FlashTestClass
13:47:52.432 [AppiumTest1@0] DEBUG c.browserstack.utils.UtilityMethods - [findFileMatcher] Current Path is :: C:\Users\Hp\Documents\IntelliJ Projects\AppiumPOMProject, TestClass :: GroupID\FlashObjectOptimised
13:47:52.446 [AppiumTest1@0] DEBUG c.b.testNgListeners.TestNGUtils - [populateTestDataForBSTestOps] The filename fetched :: C:\Users\Hp\Documents\IntelliJ Projects\AppiumPOMProject\src\test\java\GroupID\FlashObjectOptimised.java, fileSeparator :: \, AbsolutePath :: C:\Users\Hp\Documents\IntelliJ Projects\AppiumPOMProject\., Normalized Path :: C:\Users\Hp\Documents\IntelliJ Projects\AppiumPOMProject, File.Separator :: \
13:47:52.447 [AppiumTest1@0] DEBUG c.b.testNgListeners.TestNGUtils - [populateTestDataForBSTestOps] Replaced File Name is :: AppiumPOMProject\src\test\java\GroupID\FlashObjectOptimised.java, Absolute Path :: C:\Users\Hp\Documents\IntelliJ Projects\AppiumPOMProject\.., Normalized Path :: C:\Users\Hp\Documents\IntelliJ Projects 
13:47:52.452 [AppiumTest1@0] DEBUG com.browserstack.testOps.Listener - [ TESTHUB ] Processing Request Kind TestRunFinished
13:47:52.452 [AppiumTest1@0] DEBUG c.browserstack.utils.LogReportingAPI - sendSync failed - driver not found
13:47:52.456 [AppiumPOMProject-0@0] DEBUG c.b.testNgListeners.TestNGUtils - [populateTestDataForBSTestOps] Event Type :: TestRunStarted, Test ClassName :: GroupID.FlashTestClass
13:47:52.456 [AppiumPOMProject-0@0] DEBUG c.browserstack.utils.UtilityMethods - [findFileMatcher] Current Path is :: C:\Users\Hp\Documents\IntelliJ Projects\AppiumPOMProject, TestClass :: GroupID\FlashObjectOptimised
13:47:52.471 [AppiumPOMProject-0@0] DEBUG c.b.testNgListeners.TestNGUtils - [populateTestDataForBSTestOps] The filename fetched :: C:\Users\Hp\Documents\IntelliJ Projects\AppiumPOMProject\src\test\java\GroupID\FlashObjectOptimised.java, fileSeparator :: \, AbsolutePath :: C:\Users\Hp\Documents\IntelliJ Projects\AppiumPOMProject\., Normalized Path :: C:\Users\Hp\Documents\IntelliJ Projects\AppiumPOMProject, File.Separator :: \
13:47:52.471 [AppiumPOMProject-0@0] DEBUG c.b.testNgListeners.TestNGUtils - [populateTestDataForBSTestOps] Replaced File Name is :: AppiumPOMProject\src\test\java\GroupID\FlashObjectOptimised.java, Absolute Path :: C:\Users\Hp\Documents\IntelliJ Projects\AppiumPOMProject\.., Normalized Path :: C:\Users\Hp\Documents\IntelliJ Projects 
13:47:52.475 [AppiumPOMProject-0@0] DEBUG com.browserstack.testOps.Listener - [ TESTHUB ] Processing Request Kind TestRunStarted
13:47:52.477 [AppiumTest1@0] DEBUG c.b.testNgListeners.TestNGUtils - [populateTestDataForBSTestOps] Event Type :: TestRunSkipped, Test ClassName :: GroupID.FlashTestClass
13:47:52.477 [AppiumTest1@0] DEBUG c.browserstack.utils.UtilityMethods - [findFileMatcher] Current Path is :: C:\Users\Hp\Documents\IntelliJ Projects\AppiumPOMProject, TestClass :: GroupID\FlashObjectOptimised
13:47:52.491 [AppiumTest1@0] DEBUG c.b.testNgListeners.TestNGUtils - [populateTestDataForBSTestOps] The filename fetched :: C:\Users\Hp\Documents\IntelliJ Projects\AppiumPOMProject\src\test\java\GroupID\FlashObjectOptimised.java, fileSeparator :: \, AbsolutePath :: C:\Users\Hp\Documents\IntelliJ Projects\AppiumPOMProject\., Normalized Path :: C:\Users\Hp\Documents\IntelliJ Projects\AppiumPOMProject, File.Separator :: \
13:47:52.491 [AppiumTest1@0] DEBUG c.b.testNgListeners.TestNGUtils - [populateTestDataForBSTestOps] Replaced File Name is :: AppiumPOMProject\src\test\java\GroupID\FlashObjectOptimised.java, Absolute Path :: C:\Users\Hp\Documents\IntelliJ Projects\AppiumPOMProject\.., Normalized Path :: C:\Users\Hp\Documents\IntelliJ Projects 
13:47:52.495 [AppiumTest1@0] DEBUG com.browserstack.testOps.Listener - [ TESTHUB ] Processing Request Kind TestRunFinished
13:47:52.495 [AppiumTest1@0] DEBUG c.browserstack.utils.LogReportingAPI - sendSync failed - driver not found
13:47:52.499 [AppiumPOMProject-0@0] DEBUG c.b.testNgListeners.TestNGUtils - [populateTestDataForBSTestOps] Event Type :: TestRunStarted, Test ClassName :: GroupID.FlashTestClass
13:47:52.499 [AppiumPOMProject-0@0] DEBUG c.browserstack.utils.UtilityMethods - [findFileMatcher] Current Path is :: C:\Users\Hp\Documents\IntelliJ Projects\AppiumPOMProject, TestClass :: GroupID\FlashObjectOptimised
13:47:52.511 [AppiumPOMProject-0@0] DEBUG c.b.testNgListeners.TestNGUtils - [populateTestDataForBSTestOps] The filename fetched :: C:\Users\Hp\Documents\IntelliJ Projects\AppiumPOMProject\src\test\java\GroupID\FlashObjectOptimised.java, fileSeparator :: \, AbsolutePath :: C:\Users\Hp\Documents\IntelliJ Projects\AppiumPOMProject\., Normalized Path :: C:\Users\Hp\Documents\IntelliJ Projects\AppiumPOMProject, File.Separator :: \
13:47:52.512 [AppiumPOMProject-0@0] DEBUG c.b.testNgListeners.TestNGUtils - [populateTestDataForBSTestOps] Replaced File Name is :: AppiumPOMProject\src\test\java\GroupID\FlashObjectOptimised.java, Absolute Path :: C:\Users\Hp\Documents\IntelliJ Projects\AppiumPOMProject\.., Normalized Path :: C:\Users\Hp\Documents\IntelliJ Projects 
13:47:52.516 [AppiumPOMProject-0@0] DEBUG com.browserstack.testOps.Listener - [ TESTHUB ] Processing Request Kind TestRunStarted
13:47:52.517 [AppiumTest1@0] DEBUG c.b.testNgListeners.TestNGUtils - [populateTestDataForBSTestOps] Event Type :: TestRunSkipped, Test ClassName :: GroupID.FlashTestClass
13:47:52.517 [AppiumTest1@0] DEBUG c.browserstack.utils.UtilityMethods - [findFileMatcher] Current Path is :: C:\Users\Hp\Documents\IntelliJ Projects\AppiumPOMProject, TestClass :: GroupID\FlashObjectOptimised
13:47:52.528 [AppiumTest1@0] DEBUG c.b.testNgListeners.TestNGUtils - [populateTestDataForBSTestOps] The filename fetched :: C:\Users\Hp\Documents\IntelliJ Projects\AppiumPOMProject\src\test\java\GroupID\FlashObjectOptimised.java, fileSeparator :: \, AbsolutePath :: C:\Users\Hp\Documents\IntelliJ Projects\AppiumPOMProject\., Normalized Path :: C:\Users\Hp\Documents\IntelliJ Projects\AppiumPOMProject, File.Separator :: \
13:47:52.528 [AppiumTest1@0] DEBUG c.b.testNgListeners.TestNGUtils - [populateTestDataForBSTestOps] Replaced File Name is :: AppiumPOMProject\src\test\java\GroupID\FlashObjectOptimised.java, Absolute Path :: C:\Users\Hp\Documents\IntelliJ Projects\AppiumPOMProject\.., Normalized Path :: C:\Users\Hp\Documents\IntelliJ Projects 
13:47:52.534 [AppiumTest1@0] DEBUG com.browserstack.testOps.Listener - [ TESTHUB ] Processing Request Kind TestRunFinished
13:47:52.534 [AppiumTest1@0] DEBUG c.browserstack.utils.LogReportingAPI - sendSync failed - driver not found
13:47:52.537 [AppiumPOMProject-0@0] DEBUG c.b.testNgListeners.TestNGUtils - [populateTestDataForBSTestOps] Event Type :: TestRunStarted, Test ClassName :: GroupID.FlashTestClass
13:47:52.537 [AppiumPOMProject-0@0] DEBUG c.browserstack.utils.UtilityMethods - [findFileMatcher] Current Path is :: C:\Users\Hp\Documents\IntelliJ Projects\AppiumPOMProject, TestClass :: GroupID\FlashObjectOptimised
13:47:52.552 [AppiumPOMProject-0@0] DEBUG c.b.testNgListeners.TestNGUtils - [populateTestDataForBSTestOps] The filename fetched :: C:\Users\Hp\Documents\IntelliJ Projects\AppiumPOMProject\src\test\java\GroupID\FlashObjectOptimised.java, fileSeparator :: \, AbsolutePath :: C:\Users\Hp\Documents\IntelliJ Projects\AppiumPOMProject\., Normalized Path :: C:\Users\Hp\Documents\IntelliJ Projects\AppiumPOMProject, File.Separator :: \
13:47:52.552 [AppiumPOMProject-0@0] DEBUG c.b.testNgListeners.TestNGUtils - [populateTestDataForBSTestOps] Replaced File Name is :: AppiumPOMProject\src\test\java\GroupID\FlashObjectOptimised.java, Absolute Path :: C:\Users\Hp\Documents\IntelliJ Projects\AppiumPOMProject\.., Normalized Path :: C:\Users\Hp\Documents\IntelliJ Projects 
13:47:52.555 [AppiumPOMProject-0@0] DEBUG com.browserstack.testOps.Listener - [ TESTHUB ] Processing Request Kind TestRunStarted
13:47:52.556 [AppiumTest1@0] DEBUG c.b.testNgListeners.TestNGUtils - [populateTestDataForBSTestOps] Event Type :: TestRunSkipped, Test ClassName :: GroupID.FlashTestClass
13:47:52.557 [AppiumTest1@0] DEBUG c.browserstack.utils.UtilityMethods - [findFileMatcher] Current Path is :: C:\Users\Hp\Documents\IntelliJ Projects\AppiumPOMProject, TestClass :: GroupID\FlashObjectOptimised
13:47:52.568 [AppiumTest1@0] DEBUG c.b.testNgListeners.TestNGUtils - [populateTestDataForBSTestOps] The filename fetched :: C:\Users\Hp\Documents\IntelliJ Projects\AppiumPOMProject\src\test\java\GroupID\FlashObjectOptimised.java, fileSeparator :: \, AbsolutePath :: C:\Users\Hp\Documents\IntelliJ Projects\AppiumPOMProject\., Normalized Path :: C:\Users\Hp\Documents\IntelliJ Projects\AppiumPOMProject, File.Separator :: \
13:47:52.568 [AppiumTest1@0] DEBUG c.b.testNgListeners.TestNGUtils - [populateTestDataForBSTestOps] Replaced File Name is :: AppiumPOMProject\src\test\java\GroupID\FlashObjectOptimised.java, Absolute Path :: C:\Users\Hp\Documents\IntelliJ Projects\AppiumPOMProject\.., Normalized Path :: C:\Users\Hp\Documents\IntelliJ Projects 
13:47:52.573 [AppiumTest1@0] DEBUG com.browserstack.testOps.Listener - [ TESTHUB ] Processing Request Kind TestRunFinished
13:47:52.573 [AppiumTest1@0] DEBUG c.browserstack.utils.LogReportingAPI - sendSync failed - driver not found
13:47:52.582 [main] DEBUG com.browserstack.testOps.Listener - [ TESTHUB ] Processing Request Kind LogCreated
13:47:52.582 [Thread-0] DEBUG c.browserstack.BrowserStackJavaAgent - Starting final execution
13:47:52.584 [Thread-0] DEBUG c.b.u.ObservabilityUtilityMethods - Processing batch requests with type: Global
13:47:52.584 [Thread-0] DEBUG c.browserstack.utils.LogReportingAPI - [2024-08-06T08:17:52.584144400Z][ OBSERVABILITY ] Processing stop observability
13:47:52.587 [pool-5-thread-1] DEBUG c.browserstack.utils.RequestBatcher - Processing Batch 22

13:47:52.588 [pool-5-thread-1] DEBUG c.browserstack.testOps.RequestUtils - [requestToTestOps] Sending Observability request: POST api/v1/batch with request size 33221
13:47:53.069 [pool-5-thread-1] DEBUG c.browserstack.testOps.RequestUtils - requestToTestOps: Response code: 200
13:47:53.070 [pool-5-thread-1] DEBUG c.browserstack.utils.LogReportingAPI - 
[2024-08-06T08:17:53.070863400Z][ TESTHUB ] Batch event successfull!

13:47:53.070 [Thread-0] DEBUG c.browserstack.testOps.RequestUtils - [ TESTHUB ] Processing Request Kind stopBuildUpstream
13:47:53.071 [Thread-0] DEBUG c.browserstack.testOps.RequestUtils - [requestToTestOps] Sending Observability request: PUT api/v1/builds/mufagtbrt5ei508uioha2xzvyjjmndpsb3adbbme/stop with request size 65
13:47:53.343 [Thread-0] DEBUG c.browserstack.testOps.RequestUtils - requestToTestOps: Response code: 200
13:47:53.343 [Thread-0] DEBUG com.browserstack.testOps.Listener - Testhub stop response: 
13:47:55.685 [Thread-0] DEBUG com.browserstack.testOps.UsageStats - getFormattedData: Collecting data for TestObservability
13:47:55.686 [Thread-0] DEBUG com.browserstack.testOps.UsageStats - getEventStats: Getting event data for TestObservability
13:47:55.688 [Thread-0] DEBUG com.browserstack.testOps.UsageStats - [OBSERVABILITY] Failed to parse data from workers
13:47:55.745 [Thread-0] DEBUG c.b.utils.FunnelInstrumentation - Sending funnel data for SDKTestSuccessful with data: {"event_type":"SDKTestSuccessful","accessKey":"cdWAYU5meFd1rax23PEp","userName":"nayankumar_Rp0sMa","event_properties":{"product":"[app-automate, observability]","buildName":"browserstack build","os":"Windows 11","languageVersion":"18.0.2.1","appiumVersion":"9.0.0","frameworkDetectionInstrumentation":{"parseLoadClass":4,"ret-org.openqa.selenium.remote.RemoteWebDriver":354,"retransformClasses":355,"parseDependencies":14},"language":"java","sdkRunId":"76bd718f-76cc-40ea-9182-618828159018","buildIdentifier":"#12","userFramework":"testng","testhub_uuid":"mufagtbrt5ei508uioha2xzvyjjmndpsb3adbbme","detectedAppiumVersion":"null","detectedDependencies":"testng","productMap":{"app_automate":true,"accessibility":false,"automate":false,"percy":false,"observability":true},"referrer":"testng-javaagent\/1.20.2","hostname":"DESKTOP-13RHPFK","measures":{"local:start":4990,"sdk:setup":11283,"local:stop":2340},"language_framework":"java_testng","detectedFramework":"testng","productUsage":{"testObservability":{"buildHashedId":"mufagtbrt5ei508uioha2xzvyjjmndpsb3adbbme","manuallySet":false,"enabled":true,"events":{"hookEvents":{"started":{"errors":[],"failedCount":0,"triggeredCount":1,"sentCount":1},"finished":{"triggeredCount":1,"failedCount":0,"errors":[],"sentCount":1},"failed":{"errors":[],"failedCount":0,"triggeredCount":1,"sentCount":1}},"logEvents":{"errors":[],"failedCount":0,"triggeredCount":12,"sentCount":12,"log":{"errors":[],"failedCount":0,"triggeredCount":12,"sentCount":12}},"testEvents":{"started":{"errors":[],"failedCount":0,"triggeredCount":4,"sentCount":4},"finished":{"triggeredCount":4,"failedCount":0,"errors":[],"sentCount":4},"skipped":{"errors":[],"failedCount":0,"triggeredCount":4,"sentCount":4}},"batchEvents":{"triggeredCount":1,"failedCount":0,"errors":[],"sentCount":1},"cbtSessionEvents":{"errors":[],"failedCount":0,"triggeredCount":0,"sentCount":0},"buildEvents":{"started":{"error":null,"status":"success","triggered":true},"finished":{"error":null,"status":"success","triggered":true}}}}},"detectedSeleniumVersion":"null","browserStackConfig":{"browserstackLocal":true,"percy":false,"logLevel":"info","staticWebDriver":true,"autoDetectFramework":true,"percyCaptureMode":"MANUAL","browserStackLocalOptions":{"localIdentifier":"06_Aug_1347_DESKTOP_13RHPFK_PiBm","key":"****"},"percyOptions":null,"testContextOptions":{"skipSessionName":false,"skipSessionStatus":false,"serenityOverridePlugin":false},"platforms":[{"capabilities":{"platformVersion":13.0,"platformName":"android","deviceName":"Samsung Galaxy S23"},"browser":null,"browserVersion":null,"device":"Samsung Galaxy S23","os":null,"osVersion":null,"platformCaps":{"platformVersion":13.0,"platformName":"android","deviceName":"Samsung Galaxy S23"},"platformString":"Samsung Galaxy S23, 13.0","customVariables":"****"}],"parallelsPerPlatform":1,"framework":"testng","accessibility":false,"accessibilityOptions":{},"turboScaleOptions":{},"disableAutoCaptureLogs":true,"testObservability":true,"browserstackAutomation":true,"turboScale":false,"testObservabilityOptions":{},"gradleMConfig":null,"proxySettings":null},"seleniumVersion":""}}
13:47:56.053 [Thread-0] DEBUG c.b.utils.FunnelInstrumentation - API Event SDKTestSuccessful response - {"message":"SDK Event recorded successfully"}
13:47:58.609 [Thread-0] DEBUG c.browserstack.utils.UtilityMethods - Browserstack Gradle-M Config File does not exist.
13:49:56.281 [main] DEBUG c.b.config.BrowserStackConfig - Cli Config passed - {}
13:49:56.692 [main] DEBUG c.b.logger.BrowserstackLoggerFactory - Log Level set to TRACE for logger com.browserstack
13:49:56.692 [main] DEBUG c.b.logger.BrowserstackLoggerFactory - Log Level set to INFO for logger stdoutPrinter
13:49:56.791 [main] DEBUG c.b.utils.FrameworkDetectionUtils - Java command - com.intellij.rt.testng.RemoteTestNGStarter -usedefaultlisteners false -socket55872 @w@C:\Users\Hp\AppData\Local\Temp\idea_working_dirs_testng.tmp -temp C:\Users\Hp\AppData\Local\Temp\idea_testng.tmp
13:49:56.791 [main] DEBUG c.b.utils.FrameworkDetectionUtils - Test classes detected: 
13:49:56.799 [main] DEBUG c.b.utils.FrameworkDetectionUtils - Runner: testng, Engine: none
13:49:56.812 [main] DEBUG c.b.utils.FrameworkDetectionUtils - Runner: testng, Engine: none from dependencies
13:49:56.812 [main] DEBUG c.b.utils.FrameworkDetectionUtils - Detected final framework as: testng
13:49:56.812 [main] DEBUG c.browserstack.BrowserStackJavaAgent - JavaAgent Version 1.20.2
13:49:56.817 [main] DEBUG c.b.utils.ExitSignalHandler - Registered handler for INT
13:49:56.817 [main] DEBUG c.b.utils.ExitSignalHandler - Registered handler for TERM
13:49:56.817 [main] DEBUG c.b.utils.ExitSignalHandler - Unable to attach signal handler for HUP Unknown signal: HUP
13:49:56.817 [main] DEBUG c.b.utils.ExitSignalHandler - Registered handler for ABRT
13:49:57.328 [Thread-1] DEBUG c.browserstack.utils.UtilityMethods - NEXT HUBS ARE: ["hub-aps.browserstack.com","hub-euw.browserstack.com","hub-apse.browserstack.com"]
13:49:57.632 [main] DEBUG c.browserstack.utils.UtilityMethods - EXECUTION TIME OF hub-aps.browserstack.com HUB IS: 300ms
13:49:58.773 [main] DEBUG c.browserstack.utils.UtilityMethods - EXECUTION TIME OF hub-euw.browserstack.com HUB IS: 1129ms
13:49:59.729 [main] DEBUG c.browserstack.utils.UtilityMethods - EXECUTION TIME OF hub-apse.browserstack.com HUB IS: 948ms
13:49:59.732 [main] DEBUG c.browserstack.utils.UtilityMethods - NEAREST HUB ALLOCATED IS - hub-aps.browserstack.com
13:49:59.748 [main] DEBUG c.b.utils.FunnelInstrumentation - Sending funnel data for SDKTestAttempted with data: {"event_type":"SDKTestAttempted","accessKey":"cdWAYU5meFd1rax23PEp","userName":"nayankumar_Rp0sMa","event_properties":{"product":"[app-automate, observability]","buildName":"browserstack build","os":"Windows 11","languageVersion":"18.0.2.1","appiumVersion":"9.0.0","frameworkDetectionInstrumentation":{"parseLoadClass":7,"parseDependencies":13},"language":"java","sdkRunId":"b07dbf1b-38dd-457e-b1c5-7a6d629bee1a","buildIdentifier":"#13","userFramework":"testng","testhub_uuid":"","detectedAppiumVersion":"null","detectedDependencies":"testng","productMap":{"app_automate":true,"accessibility":false,"automate":false,"percy":false,"observability":true},"referrer":"testng-javaagent\/1.20.2","hostname":"DESKTOP-13RHPFK","language_framework":"java_testng","detectedFramework":"testng","detectedSeleniumVersion":"null","seleniumVersion":""}}
13:50:00.122 [main] DEBUG c.b.utils.FunnelInstrumentation - API Event SDKTestAttempted response - {"message":"SDK Event recorded successfully"}
13:50:00.391 [main] DEBUG c.browserstack.testOps.RequestUtils - [ TESTHUB ] Processing Request Kind launchTestSession
13:50:00.392 [main] DEBUG c.browserstack.testOps.RequestUtils - [requestToTestOps] Sending Observability request: POST api/v2/builds with request size 1330
13:50:01.763 [main] DEBUG c.browserstack.testOps.RequestUtils - requestToTestOps: Response code: 200
13:50:01.764 [main] DEBUG com.browserstack.testOps.Listener - BROWSERSTACK_TESTHUB_UUID : 2vdeopwto6l2m4nri71dbtpomfzlluzvhqezvvjl
13:50:01.764 [main] DEBUG com.browserstack.testOps.Listener - [ TESTHUB ] Build creation successfull
13:50:01.770 [main] DEBUG com.browserstack.LocalFactory - Starting BrowserStack Local with identifier 06_Aug_1349_DESKTOP_13RHPFK_2zG8
13:50:07.623 [main] DEBUG c.b.t.XMLSuiteClassListener - Number of parallels - 1 and number of platforms - 1
13:50:07.874 [main] DEBUG com.browserstack.testOps.Listener - [ TESTHUB ] Processing Request Kind LogCreated
13:50:07.879 [main] DEBUG com.browserstack.testOps.Listener - [ TESTHUB ] Processing Request Kind LogCreated
13:50:07.883 [main] DEBUG com.browserstack.testOps.Listener - [ TESTHUB ] Processing Request Kind LogCreated
13:50:07.883 [main] DEBUG com.browserstack.testOps.Listener - [ TESTHUB ] Processing Request Kind LogCreated
13:50:07.883 [main] DEBUG com.browserstack.testOps.Listener - [ TESTHUB ] Processing Request Kind LogCreated
13:50:07.891 [main] DEBUG com.browserstack.testOps.Listener - [ TESTHUB ] Processing Request Kind LogCreated
13:50:07.892 [main] DEBUG com.browserstack.testOps.Listener - [ TESTHUB ] Processing Request Kind LogCreated
13:50:07.892 [main] DEBUG com.browserstack.testOps.Listener - [ TESTHUB ] Processing Request Kind LogCreated
13:50:07.892 [main] DEBUG com.browserstack.testOps.Listener - [ TESTHUB ] Processing Request Kind LogCreated
13:50:07.892 [main] DEBUG com.browserstack.testOps.Listener - [ TESTHUB ] Processing Request Kind LogCreated
13:50:07.900 [main] DEBUG com.browserstack.testOps.Listener - [ TESTHUB ] Processing Request Kind LogCreated
13:50:07.901 [main] DEBUG c.browserstack.utils.LogReportingAPI - [2024-08-06T08:20:07.900674400Z][ OBSERVABILITY ] Processing Logs patching stream
13:50:07.951 [configureAppium@0] DEBUG c.b.testNgListeners.TestNGUtils - [populateTestDataForBSTestOps] Event Type :: HookRunStarted, Method ClassName :: testBaseUtils.WFlashBeforeEachTestAndroid 
13:50:07.951 [configureAppium@0] DEBUG c.browserstack.utils.UtilityMethods - [findFileMatcher] Current Path is :: C:\Users\Hp\Documents\IntelliJ Projects\AppiumPOMProject, TestClass :: testBaseUtils\WFlashBeforeEachTestAndroid
13:50:07.971 [configureAppium@0] DEBUG c.b.testNgListeners.TestNGUtils - [populateTestDataForBSTestOps] The filename fetched :: C:\Users\Hp\Documents\IntelliJ Projects\AppiumPOMProject\src\test\java\testBaseUtils\WFlashBeforeEachTestAndroid.java, fileSeparator :: \, AbsolutePath :: C:\Users\Hp\Documents\IntelliJ Projects\AppiumPOMProject\., Normalized Path :: C:\Users\Hp\Documents\IntelliJ Projects\AppiumPOMProject, File.Separator :: \
13:50:07.972 [configureAppium@0] DEBUG c.b.testNgListeners.TestNGUtils - [populateTestDataForBSTestOps] Replaced File Name is :: AppiumPOMProject\src\test\java\testBaseUtils\WFlashBeforeEachTestAndroid.java, Absolute Path :: C:\Users\Hp\Documents\IntelliJ Projects\AppiumPOMProject\.., Normalized Path :: C:\Users\Hp\Documents\IntelliJ Projects 
13:50:07.975 [configureAppium@0] DEBUG com.browserstack.testOps.Listener - [ TESTHUB ] Processing Request Kind HookRunStarted
13:50:09.889 [pool-4-thread-1] DEBUG c.browserstack.utils.RequestBatcher - Time Since Last Batch Processed 1722932409889

13:50:09.891 [pool-5-thread-1] DEBUG c.browserstack.utils.RequestBatcher - Processing Batch 12

13:50:09.892 [pool-5-thread-1] DEBUG c.browserstack.testOps.RequestUtils - [requestToTestOps] Sending Observability request: POST api/v1/batch with request size 3434
13:50:10.130 [pool-5-thread-1] DEBUG c.browserstack.testOps.RequestUtils - requestToTestOps: Response code: 200
13:50:10.130 [pool-5-thread-1] DEBUG c.browserstack.utils.LogReportingAPI - 
[2024-08-06T08:20:10.130443300Z][ TESTHUB ] Batch event successfull!

13:50:13.882 [pool-4-thread-1] DEBUG c.browserstack.utils.RequestBatcher - Time Since Last Batch Processed 3992

13:50:15.893 [pool-4-thread-1] DEBUG c.browserstack.utils.RequestBatcher - Time Since Last Batch Processed 2011

13:50:19.891 [pool-4-thread-1] DEBUG c.browserstack.utils.RequestBatcher - Time Since Last Batch Processed 3998

13:50:23.889 [pool-4-thread-1] DEBUG c.browserstack.utils.RequestBatcher - Time Since Last Batch Processed 3998

13:50:27.894 [pool-4-thread-1] DEBUG c.browserstack.utils.RequestBatcher - Time Since Last Batch Processed 4005

13:50:28.065 [AppiumPOMProject-0@0] DEBUG c.b.testNgListeners.TestNGUtils - [populateTestDataForBSTestOps] Event Type :: TestRunStarted, Test ClassName :: GroupID.FlashTestClass
13:50:28.065 [AppiumPOMProject-0@0] DEBUG c.browserstack.utils.UtilityMethods - [findFileMatcher] Current Path is :: C:\Users\Hp\Documents\IntelliJ Projects\AppiumPOMProject, TestClass :: GroupID\FlashObjectOptimised
13:50:28.074 [AppiumPOMProject-0@0] DEBUG c.b.testNgListeners.TestNGUtils - [populateTestDataForBSTestOps] The filename fetched :: C:\Users\Hp\Documents\IntelliJ Projects\AppiumPOMProject\src\test\java\GroupID\FlashObjectOptimised.java, fileSeparator :: \, AbsolutePath :: C:\Users\Hp\Documents\IntelliJ Projects\AppiumPOMProject\., Normalized Path :: C:\Users\Hp\Documents\IntelliJ Projects\AppiumPOMProject, File.Separator :: \
13:50:28.074 [AppiumPOMProject-0@0] DEBUG c.b.testNgListeners.TestNGUtils - [populateTestDataForBSTestOps] Replaced File Name is :: AppiumPOMProject\src\test\java\GroupID\FlashObjectOptimised.java, Absolute Path :: C:\Users\Hp\Documents\IntelliJ Projects\AppiumPOMProject\.., Normalized Path :: C:\Users\Hp\Documents\IntelliJ Projects 
13:50:28.078 [AppiumPOMProject-0@0] DEBUG com.browserstack.testOps.Listener - [ TESTHUB ] Processing Request Kind TestRunStarted
13:50:28.079 [AppiumTest1@0] DEBUG c.b.testNgListeners.TestNGUtils - [populateTestDataForBSTestOps] Event Type :: HookRunFinished, Method ClassName :: testBaseUtils.WFlashBeforeEachTestAndroid 
13:50:28.079 [AppiumTest1@0] DEBUG c.browserstack.utils.UtilityMethods - [findFileMatcher] Current Path is :: C:\Users\Hp\Documents\IntelliJ Projects\AppiumPOMProject, TestClass :: testBaseUtils\WFlashBeforeEachTestAndroid
13:50:28.089 [AppiumTest1@0] DEBUG c.b.testNgListeners.TestNGUtils - [populateTestDataForBSTestOps] The filename fetched :: C:\Users\Hp\Documents\IntelliJ Projects\AppiumPOMProject\src\test\java\testBaseUtils\WFlashBeforeEachTestAndroid.java, fileSeparator :: \, AbsolutePath :: C:\Users\Hp\Documents\IntelliJ Projects\AppiumPOMProject\., Normalized Path :: C:\Users\Hp\Documents\IntelliJ Projects\AppiumPOMProject, File.Separator :: \
13:50:28.090 [AppiumTest1@0] DEBUG c.b.testNgListeners.TestNGUtils - [populateTestDataForBSTestOps] Replaced File Name is :: AppiumPOMProject\src\test\java\testBaseUtils\WFlashBeforeEachTestAndroid.java, Absolute Path :: C:\Users\Hp\Documents\IntelliJ Projects\AppiumPOMProject\.., Normalized Path :: C:\Users\Hp\Documents\IntelliJ Projects 
13:50:28.090 [AppiumTest1@0] DEBUG com.browserstack.testOps.Listener - [ TESTHUB ] Processing Request Kind HookRunFinished
13:50:28.090 [AppiumTest1@0] DEBUG c.b.testNgListeners.TestNGUtils - [populateTestDataForBSTestOps] Event Type :: TestRunSkipped, Test ClassName :: GroupID.FlashTestClass
13:50:28.090 [AppiumTest1@0] DEBUG c.browserstack.utils.UtilityMethods - [findFileMatcher] Current Path is :: C:\Users\Hp\Documents\IntelliJ Projects\AppiumPOMProject, TestClass :: GroupID\FlashObjectOptimised
13:50:28.100 [AppiumTest1@0] DEBUG c.b.testNgListeners.TestNGUtils - [populateTestDataForBSTestOps] The filename fetched :: C:\Users\Hp\Documents\IntelliJ Projects\AppiumPOMProject\src\test\java\GroupID\FlashObjectOptimised.java, fileSeparator :: \, AbsolutePath :: C:\Users\Hp\Documents\IntelliJ Projects\AppiumPOMProject\., Normalized Path :: C:\Users\Hp\Documents\IntelliJ Projects\AppiumPOMProject, File.Separator :: \
13:50:28.100 [AppiumTest1@0] DEBUG c.b.testNgListeners.TestNGUtils - [populateTestDataForBSTestOps] Replaced File Name is :: AppiumPOMProject\src\test\java\GroupID\FlashObjectOptimised.java, Absolute Path :: C:\Users\Hp\Documents\IntelliJ Projects\AppiumPOMProject\.., Normalized Path :: C:\Users\Hp\Documents\IntelliJ Projects 
13:50:28.103 [AppiumTest1@0] DEBUG com.browserstack.testOps.Listener - [ TESTHUB ] Processing Request Kind TestRunFinished
13:50:28.103 [AppiumTest1@0] DEBUG c.browserstack.utils.LogReportingAPI - sendSync failed - driver not found
13:50:28.105 [AppiumPOMProject-0@0] DEBUG c.b.testNgListeners.TestNGUtils - [populateTestDataForBSTestOps] Event Type :: TestRunStarted, Test ClassName :: GroupID.FlashTestClass
13:50:28.106 [AppiumPOMProject-0@0] DEBUG c.browserstack.utils.UtilityMethods - [findFileMatcher] Current Path is :: C:\Users\Hp\Documents\IntelliJ Projects\AppiumPOMProject, TestClass :: GroupID\FlashObjectOptimised
13:50:28.117 [AppiumPOMProject-0@0] DEBUG c.b.testNgListeners.TestNGUtils - [populateTestDataForBSTestOps] The filename fetched :: C:\Users\Hp\Documents\IntelliJ Projects\AppiumPOMProject\src\test\java\GroupID\FlashObjectOptimised.java, fileSeparator :: \, AbsolutePath :: C:\Users\Hp\Documents\IntelliJ Projects\AppiumPOMProject\., Normalized Path :: C:\Users\Hp\Documents\IntelliJ Projects\AppiumPOMProject, File.Separator :: \
13:50:28.117 [AppiumPOMProject-0@0] DEBUG c.b.testNgListeners.TestNGUtils - [populateTestDataForBSTestOps] Replaced File Name is :: AppiumPOMProject\src\test\java\GroupID\FlashObjectOptimised.java, Absolute Path :: C:\Users\Hp\Documents\IntelliJ Projects\AppiumPOMProject\.., Normalized Path :: C:\Users\Hp\Documents\IntelliJ Projects 
13:50:28.120 [AppiumPOMProject-0@0] DEBUG com.browserstack.testOps.Listener - [ TESTHUB ] Processing Request Kind TestRunStarted
13:50:28.120 [AppiumTest1@0] DEBUG c.b.testNgListeners.TestNGUtils - [populateTestDataForBSTestOps] Event Type :: TestRunSkipped, Test ClassName :: GroupID.FlashTestClass
13:50:28.121 [AppiumTest1@0] DEBUG c.browserstack.utils.UtilityMethods - [findFileMatcher] Current Path is :: C:\Users\Hp\Documents\IntelliJ Projects\AppiumPOMProject, TestClass :: GroupID\FlashObjectOptimised
13:50:28.131 [AppiumTest1@0] DEBUG c.b.testNgListeners.TestNGUtils - [populateTestDataForBSTestOps] The filename fetched :: C:\Users\Hp\Documents\IntelliJ Projects\AppiumPOMProject\src\test\java\GroupID\FlashObjectOptimised.java, fileSeparator :: \, AbsolutePath :: C:\Users\Hp\Documents\IntelliJ Projects\AppiumPOMProject\., Normalized Path :: C:\Users\Hp\Documents\IntelliJ Projects\AppiumPOMProject, File.Separator :: \
13:50:28.131 [AppiumTest1@0] DEBUG c.b.testNgListeners.TestNGUtils - [populateTestDataForBSTestOps] Replaced File Name is :: AppiumPOMProject\src\test\java\GroupID\FlashObjectOptimised.java, Absolute Path :: C:\Users\Hp\Documents\IntelliJ Projects\AppiumPOMProject\.., Normalized Path :: C:\Users\Hp\Documents\IntelliJ Projects 
13:50:28.134 [AppiumTest1@0] DEBUG com.browserstack.testOps.Listener - [ TESTHUB ] Processing Request Kind TestRunFinished
13:50:28.134 [AppiumTest1@0] DEBUG c.browserstack.utils.LogReportingAPI - sendSync failed - driver not found
13:50:28.142 [AppiumPOMProject-0@0] DEBUG c.b.testNgListeners.TestNGUtils - [populateTestDataForBSTestOps] Event Type :: TestRunStarted, Test ClassName :: GroupID.FlashTestClass
13:50:28.142 [AppiumPOMProject-0@0] DEBUG c.browserstack.utils.UtilityMethods - [findFileMatcher] Current Path is :: C:\Users\Hp\Documents\IntelliJ Projects\AppiumPOMProject, TestClass :: GroupID\FlashObjectOptimised
13:50:28.151 [AppiumPOMProject-0@0] DEBUG c.b.testNgListeners.TestNGUtils - [populateTestDataForBSTestOps] The filename fetched :: C:\Users\Hp\Documents\IntelliJ Projects\AppiumPOMProject\src\test\java\GroupID\FlashObjectOptimised.java, fileSeparator :: \, AbsolutePath :: C:\Users\Hp\Documents\IntelliJ Projects\AppiumPOMProject\., Normalized Path :: C:\Users\Hp\Documents\IntelliJ Projects\AppiumPOMProject, File.Separator :: \
13:50:28.152 [AppiumPOMProject-0@0] DEBUG c.b.testNgListeners.TestNGUtils - [populateTestDataForBSTestOps] Replaced File Name is :: AppiumPOMProject\src\test\java\GroupID\FlashObjectOptimised.java, Absolute Path :: C:\Users\Hp\Documents\IntelliJ Projects\AppiumPOMProject\.., Normalized Path :: C:\Users\Hp\Documents\IntelliJ Projects 
13:50:28.154 [AppiumPOMProject-0@0] DEBUG com.browserstack.testOps.Listener - [ TESTHUB ] Processing Request Kind TestRunStarted
13:50:28.154 [AppiumTest1@0] DEBUG c.b.testNgListeners.TestNGUtils - [populateTestDataForBSTestOps] Event Type :: TestRunSkipped, Test ClassName :: GroupID.FlashTestClass
13:50:28.155 [AppiumTest1@0] DEBUG c.browserstack.utils.UtilityMethods - [findFileMatcher] Current Path is :: C:\Users\Hp\Documents\IntelliJ Projects\AppiumPOMProject, TestClass :: GroupID\FlashObjectOptimised
13:50:28.165 [AppiumTest1@0] DEBUG c.b.testNgListeners.TestNGUtils - [populateTestDataForBSTestOps] The filename fetched :: C:\Users\Hp\Documents\IntelliJ Projects\AppiumPOMProject\src\test\java\GroupID\FlashObjectOptimised.java, fileSeparator :: \, AbsolutePath :: C:\Users\Hp\Documents\IntelliJ Projects\AppiumPOMProject\., Normalized Path :: C:\Users\Hp\Documents\IntelliJ Projects\AppiumPOMProject, File.Separator :: \
13:50:28.165 [AppiumTest1@0] DEBUG c.b.testNgListeners.TestNGUtils - [populateTestDataForBSTestOps] Replaced File Name is :: AppiumPOMProject\src\test\java\GroupID\FlashObjectOptimised.java, Absolute Path :: C:\Users\Hp\Documents\IntelliJ Projects\AppiumPOMProject\.., Normalized Path :: C:\Users\Hp\Documents\IntelliJ Projects 
13:50:28.168 [AppiumTest1@0] DEBUG com.browserstack.testOps.Listener - [ TESTHUB ] Processing Request Kind TestRunFinished
13:50:28.168 [AppiumTest1@0] DEBUG c.browserstack.utils.LogReportingAPI - sendSync failed - driver not found
13:50:28.171 [AppiumPOMProject-0@0] DEBUG c.b.testNgListeners.TestNGUtils - [populateTestDataForBSTestOps] Event Type :: TestRunStarted, Test ClassName :: GroupID.FlashTestClass
13:50:28.171 [AppiumPOMProject-0@0] DEBUG c.browserstack.utils.UtilityMethods - [findFileMatcher] Current Path is :: C:\Users\Hp\Documents\IntelliJ Projects\AppiumPOMProject, TestClass :: GroupID\FlashObjectOptimised
13:50:28.180 [AppiumPOMProject-0@0] DEBUG c.b.testNgListeners.TestNGUtils - [populateTestDataForBSTestOps] The filename fetched :: C:\Users\Hp\Documents\IntelliJ Projects\AppiumPOMProject\src\test\java\GroupID\FlashObjectOptimised.java, fileSeparator :: \, AbsolutePath :: C:\Users\Hp\Documents\IntelliJ Projects\AppiumPOMProject\., Normalized Path :: C:\Users\Hp\Documents\IntelliJ Projects\AppiumPOMProject, File.Separator :: \
13:50:28.180 [AppiumPOMProject-0@0] DEBUG c.b.testNgListeners.TestNGUtils - [populateTestDataForBSTestOps] Replaced File Name is :: AppiumPOMProject\src\test\java\GroupID\FlashObjectOptimised.java, Absolute Path :: C:\Users\Hp\Documents\IntelliJ Projects\AppiumPOMProject\.., Normalized Path :: C:\Users\Hp\Documents\IntelliJ Projects 
13:50:28.184 [AppiumPOMProject-0@0] DEBUG com.browserstack.testOps.Listener - [ TESTHUB ] Processing Request Kind TestRunStarted
13:50:28.184 [AppiumTest1@0] DEBUG c.b.testNgListeners.TestNGUtils - [populateTestDataForBSTestOps] Event Type :: TestRunSkipped, Test ClassName :: GroupID.FlashTestClass
13:50:28.185 [AppiumTest1@0] DEBUG c.browserstack.utils.UtilityMethods - [findFileMatcher] Current Path is :: C:\Users\Hp\Documents\IntelliJ Projects\AppiumPOMProject, TestClass :: GroupID\FlashObjectOptimised
13:50:28.194 [AppiumTest1@0] DEBUG c.b.testNgListeners.TestNGUtils - [populateTestDataForBSTestOps] The filename fetched :: C:\Users\Hp\Documents\IntelliJ Projects\AppiumPOMProject\src\test\java\GroupID\FlashObjectOptimised.java, fileSeparator :: \, AbsolutePath :: C:\Users\Hp\Documents\IntelliJ Projects\AppiumPOMProject\., Normalized Path :: C:\Users\Hp\Documents\IntelliJ Projects\AppiumPOMProject, File.Separator :: \
13:50:28.194 [AppiumTest1@0] DEBUG c.b.testNgListeners.TestNGUtils - [populateTestDataForBSTestOps] Replaced File Name is :: AppiumPOMProject\src\test\java\GroupID\FlashObjectOptimised.java, Absolute Path :: C:\Users\Hp\Documents\IntelliJ Projects\AppiumPOMProject\.., Normalized Path :: C:\Users\Hp\Documents\IntelliJ Projects 
13:50:28.197 [AppiumTest1@0] DEBUG com.browserstack.testOps.Listener - [ TESTHUB ] Processing Request Kind TestRunFinished
13:50:28.197 [AppiumTest1@0] DEBUG c.browserstack.utils.LogReportingAPI - sendSync failed - driver not found
13:50:28.205 [main] DEBUG com.browserstack.testOps.Listener - [ TESTHUB ] Processing Request Kind LogCreated
13:50:28.207 [Thread-0] DEBUG c.browserstack.BrowserStackJavaAgent - Starting final execution
13:50:28.207 [Thread-0] DEBUG c.b.u.ObservabilityUtilityMethods - Processing batch requests with type: Global
13:50:28.207 [Thread-0] DEBUG c.browserstack.utils.LogReportingAPI - [2024-08-06T08:20:28.207404200Z][ OBSERVABILITY ] Processing stop observability
13:50:28.207 [pool-5-thread-1] DEBUG c.browserstack.utils.RequestBatcher - Processing Batch 10

13:50:28.209 [pool-5-thread-1] DEBUG c.browserstack.testOps.RequestUtils - [requestToTestOps] Sending Observability request: POST api/v1/batch with request size 42371
13:50:28.681 [pool-5-thread-1] DEBUG c.browserstack.testOps.RequestUtils - requestToTestOps: Response code: 200
13:50:28.682 [pool-5-thread-1] DEBUG c.browserstack.utils.LogReportingAPI - 
[2024-08-06T08:20:28.682795700Z][ TESTHUB ] Batch event successfull!

13:50:28.683 [Thread-0] DEBUG c.browserstack.testOps.RequestUtils - [ TESTHUB ] Processing Request Kind stopBuildUpstream
13:50:28.683 [Thread-0] DEBUG c.browserstack.testOps.RequestUtils - [requestToTestOps] Sending Observability request: PUT api/v1/builds/2vdeopwto6l2m4nri71dbtpomfzlluzvhqezvvjl/stop with request size 65
13:50:29.264 [Thread-0] DEBUG c.browserstack.testOps.RequestUtils - requestToTestOps: Response code: 200
13:50:29.264 [Thread-0] DEBUG com.browserstack.testOps.Listener - Testhub stop response: 
13:50:31.487 [Thread-0] DEBUG com.browserstack.testOps.UsageStats - getFormattedData: Collecting data for TestObservability
13:50:31.487 [Thread-0] DEBUG com.browserstack.testOps.UsageStats - getEventStats: Getting event data for TestObservability
13:50:31.490 [Thread-0] DEBUG com.browserstack.testOps.UsageStats - [OBSERVABILITY] Failed to parse data from workers
13:50:31.547 [Thread-0] DEBUG c.b.utils.FunnelInstrumentation - Sending funnel data for SDKTestSuccessful with data: {"event_type":"SDKTestSuccessful","accessKey":"cdWAYU5meFd1rax23PEp","userName":"nayankumar_Rp0sMa","event_properties":{"product":"[app-automate, observability]","buildName":"browserstack build","os":"Windows 11","languageVersion":"18.0.2.1","appiumVersion":"9.0.0","frameworkDetectionInstrumentation":{"parseLoadClass":7,"ret-org.openqa.selenium.remote.RemoteWebDriver":317,"retransformClasses":318,"parseDependencies":13},"language":"java","sdkRunId":"b07dbf1b-38dd-457e-b1c5-7a6d629bee1a","buildIdentifier":"#13","userFramework":"testng","testhub_uuid":"2vdeopwto6l2m4nri71dbtpomfzlluzvhqezvvjl","detectedAppiumVersion":"null","detectedDependencies":"testng","productMap":{"app_automate":true,"accessibility":false,"automate":false,"percy":false,"observability":true},"referrer":"testng-javaagent\/1.20.2","hostname":"DESKTOP-13RHPFK","measures":{"local:start":5326,"sdk:setup":11251,"local:stop":2218},"language_framework":"java_testng","detectedFramework":"testng","productUsage":{"testObservability":{"buildHashedId":"2vdeopwto6l2m4nri71dbtpomfzlluzvhqezvvjl","manuallySet":false,"enabled":true,"events":{"hookEvents":{"started":{"errors":[],"failedCount":0,"triggeredCount":1,"sentCount":1},"finished":{"triggeredCount":1,"failedCount":0,"errors":[],"sentCount":1},"failed":{"errors":[],"failedCount":0,"triggeredCount":1,"sentCount":1}},"logEvents":{"errors":[],"failedCount":0,"triggeredCount":12,"sentCount":12,"log":{"errors":[],"failedCount":0,"triggeredCount":12,"sentCount":12}},"testEvents":{"started":{"errors":[],"failedCount":0,"triggeredCount":4,"sentCount":4},"finished":{"triggeredCount":4,"failedCount":0,"errors":[],"sentCount":4},"skipped":{"errors":[],"failedCount":0,"triggeredCount":4,"sentCount":4}},"batchEvents":{"triggeredCount":2,"failedCount":0,"errors":[],"sentCount":2},"cbtSessionEvents":{"errors":[],"failedCount":0,"triggeredCount":0,"sentCount":0},"buildEvents":{"started":{"error":null,"status":"success","triggered":true},"finished":{"error":null,"status":"success","triggered":true}}}}},"detectedSeleniumVersion":"null","browserStackConfig":{"browserstackLocal":true,"percy":false,"logLevel":"info","staticWebDriver":true,"autoDetectFramework":true,"percyCaptureMode":"MANUAL","browserStackLocalOptions":{"localIdentifier":"06_Aug_1349_DESKTOP_13RHPFK_2zG8","key":"****"},"percyOptions":null,"testContextOptions":{"skipSessionStatus":false,"skipSessionName":false,"serenityOverridePlugin":false},"platforms":[{"browserVersion":null,"browser":null,"device":"Samsung Galaxy S23","os":null,"osVersion":null,"capabilities":{"platformVersion":13.0,"platformName":"android","deviceName":"Samsung Galaxy S23"},"platformCaps":{"platformVersion":13.0,"platformName":"android","deviceName":"Samsung Galaxy S23"},"platformString":"Samsung Galaxy S23, 13.0","customVariables":"****"}],"parallelsPerPlatform":1,"framework":"testng","accessibility":false,"accessibilityOptions":{},"turboScaleOptions":{},"disableAutoCaptureLogs":true,"testObservability":true,"browserstackAutomation":true,"turboScale":false,"testObservabilityOptions":{},"gradleMConfig":null,"proxySettings":null},"seleniumVersion":""}}
13:50:31.879 [Thread-0] DEBUG c.b.utils.FunnelInstrumentation - API Event SDKTestSuccessful response - {"message":"SDK Event recorded successfully"}
13:50:34.026 [Thread-0] DEBUG c.browserstack.utils.UtilityMethods - Browserstack Gradle-M Config File does not exist.
13:50:49.280 [main] DEBUG c.b.config.BrowserStackConfig - Cli Config passed - {}
13:50:49.583 [main] DEBUG c.b.logger.BrowserstackLoggerFactory - Log Level set to TRACE for logger com.browserstack
13:50:49.583 [main] DEBUG c.b.logger.BrowserstackLoggerFactory - Log Level set to INFO for logger stdoutPrinter
13:50:49.682 [main] DEBUG c.b.utils.FrameworkDetectionUtils - Java command - com.intellij.rt.testng.RemoteTestNGStarter -usedefaultlisteners false -socket56034 @w@C:\Users\Hp\AppData\Local\Temp\idea_working_dirs_testng.tmp -temp C:\Users\Hp\AppData\Local\Temp\idea_testng.tmp
13:50:49.682 [main] DEBUG c.b.utils.FrameworkDetectionUtils - Test classes detected: 
13:50:49.688 [main] DEBUG c.b.utils.FrameworkDetectionUtils - Runner: testng, Engine: none
13:50:49.703 [main] DEBUG c.b.utils.FrameworkDetectionUtils - Runner: testng, Engine: none from dependencies
13:50:49.703 [main] DEBUG c.b.utils.FrameworkDetectionUtils - Detected final framework as: testng
13:50:49.703 [main] DEBUG c.browserstack.BrowserStackJavaAgent - JavaAgent Version 1.20.2
13:50:49.707 [main] DEBUG c.b.utils.ExitSignalHandler - Registered handler for INT
13:50:49.708 [main] DEBUG c.b.utils.ExitSignalHandler - Registered handler for TERM
13:50:49.708 [main] DEBUG c.b.utils.ExitSignalHandler - Unable to attach signal handler for HUP Unknown signal: HUP
13:50:49.708 [main] DEBUG c.b.utils.ExitSignalHandler - Registered handler for ABRT
13:50:50.083 [Thread-1] DEBUG c.browserstack.utils.UtilityMethods - NEXT HUBS ARE: ["hub-aps.browserstack.com","hub-euw.browserstack.com","hub-apse.browserstack.com"]
13:50:50.332 [main] DEBUG c.browserstack.utils.UtilityMethods - EXECUTION TIME OF hub-aps.browserstack.com HUB IS: 248ms
13:50:51.191 [main] DEBUG c.browserstack.utils.UtilityMethods - EXECUTION TIME OF hub-euw.browserstack.com HUB IS: 857ms
13:50:52.118 [main] DEBUG c.browserstack.utils.UtilityMethods - EXECUTION TIME OF hub-apse.browserstack.com HUB IS: 926ms
13:50:52.119 [main] DEBUG c.browserstack.utils.UtilityMethods - NEAREST HUB ALLOCATED IS - hub-aps.browserstack.com
13:50:52.130 [main] DEBUG c.b.utils.FunnelInstrumentation - Sending funnel data for SDKTestAttempted with data: {"event_type":"SDKTestAttempted","accessKey":"cdWAYU5meFd1rax23PEp","userName":"nayankumar_Rp0sMa","event_properties":{"product":"[app-automate, observability]","buildName":"browserstack build","os":"Windows 11","languageVersion":"18.0.2.1","appiumVersion":"9.0.0","frameworkDetectionInstrumentation":{"parseLoadClass":5,"parseDependencies":14},"language":"java","sdkRunId":"ef8f501a-1045-49c7-bd4a-2a1a5b1af988","buildIdentifier":"#14","userFramework":"testng","testhub_uuid":"","detectedAppiumVersion":"null","detectedDependencies":"testng","productMap":{"app_automate":true,"accessibility":false,"automate":false,"percy":false,"observability":true},"referrer":"testng-javaagent\/1.20.2","hostname":"DESKTOP-13RHPFK","language_framework":"java_testng","detectedFramework":"testng","detectedSeleniumVersion":"null","seleniumVersion":""}}
13:50:52.510 [main] DEBUG c.b.utils.FunnelInstrumentation - API Event SDKTestAttempted response - {"message":"SDK Event recorded successfully"}
13:50:52.705 [main] DEBUG c.browserstack.testOps.RequestUtils - [ TESTHUB ] Processing Request Kind launchTestSession
13:50:52.706 [main] DEBUG c.browserstack.testOps.RequestUtils - [requestToTestOps] Sending Observability request: POST api/v2/builds with request size 1330
13:50:53.979 [main] DEBUG c.browserstack.testOps.RequestUtils - requestToTestOps: Response code: 200
13:50:53.979 [main] DEBUG com.browserstack.testOps.Listener - BROWSERSTACK_TESTHUB_UUID : croirqrh5g3u9hbmfqikawm05firfix8dbe4bikw
13:50:53.980 [main] DEBUG com.browserstack.testOps.Listener - [ TESTHUB ] Build creation successfull
13:50:53.984 [main] DEBUG com.browserstack.LocalFactory - Starting BrowserStack Local with identifier 06_Aug_1350_DESKTOP_13RHPFK_bw0E
13:50:59.378 [main] DEBUG c.b.t.XMLSuiteClassListener - Number of parallels - 1 and number of platforms - 1
13:50:59.595 [main] DEBUG com.browserstack.testOps.Listener - [ TESTHUB ] Processing Request Kind LogCreated
13:50:59.598 [main] DEBUG com.browserstack.testOps.Listener - [ TESTHUB ] Processing Request Kind LogCreated
13:50:59.602 [main] DEBUG com.browserstack.testOps.Listener - [ TESTHUB ] Processing Request Kind LogCreated
13:50:59.603 [main] DEBUG com.browserstack.testOps.Listener - [ TESTHUB ] Processing Request Kind LogCreated
13:50:59.603 [main] DEBUG com.browserstack.testOps.Listener - [ TESTHUB ] Processing Request Kind LogCreated
13:50:59.613 [main] DEBUG com.browserstack.testOps.Listener - [ TESTHUB ] Processing Request Kind LogCreated
13:50:59.613 [main] DEBUG com.browserstack.testOps.Listener - [ TESTHUB ] Processing Request Kind LogCreated
13:50:59.615 [main] DEBUG com.browserstack.testOps.Listener - [ TESTHUB ] Processing Request Kind LogCreated
13:50:59.615 [main] DEBUG com.browserstack.testOps.Listener - [ TESTHUB ] Processing Request Kind LogCreated
13:50:59.615 [main] DEBUG com.browserstack.testOps.Listener - [ TESTHUB ] Processing Request Kind LogCreated
13:50:59.620 [main] DEBUG com.browserstack.testOps.Listener - [ TESTHUB ] Processing Request Kind LogCreated
13:50:59.621 [main] DEBUG c.browserstack.utils.LogReportingAPI - [2024-08-06T08:20:59.621224300Z][ OBSERVABILITY ] Processing Logs patching stream
13:50:59.667 [configureAppium@0] DEBUG c.b.testNgListeners.TestNGUtils - [populateTestDataForBSTestOps] Event Type :: HookRunStarted, Method ClassName :: testBaseUtils.WFlashBeforeEachTestAndroid 
13:50:59.668 [configureAppium@0] DEBUG c.browserstack.utils.UtilityMethods - [findFileMatcher] Current Path is :: C:\Users\Hp\Documents\IntelliJ Projects\AppiumPOMProject, TestClass :: testBaseUtils\WFlashBeforeEachTestAndroid
13:50:59.688 [configureAppium@0] DEBUG c.b.testNgListeners.TestNGUtils - [populateTestDataForBSTestOps] The filename fetched :: C:\Users\Hp\Documents\IntelliJ Projects\AppiumPOMProject\src\test\java\testBaseUtils\WFlashBeforeEachTestAndroid.java, fileSeparator :: \, AbsolutePath :: C:\Users\Hp\Documents\IntelliJ Projects\AppiumPOMProject\., Normalized Path :: C:\Users\Hp\Documents\IntelliJ Projects\AppiumPOMProject, File.Separator :: \
13:50:59.688 [configureAppium@0] DEBUG c.b.testNgListeners.TestNGUtils - [populateTestDataForBSTestOps] Replaced File Name is :: AppiumPOMProject\src\test\java\testBaseUtils\WFlashBeforeEachTestAndroid.java, Absolute Path :: C:\Users\Hp\Documents\IntelliJ Projects\AppiumPOMProject\.., Normalized Path :: C:\Users\Hp\Documents\IntelliJ Projects 
13:50:59.691 [configureAppium@0] DEBUG com.browserstack.testOps.Listener - [ TESTHUB ] Processing Request Kind HookRunStarted
13:51:01.601 [pool-4-thread-1] DEBUG c.browserstack.utils.RequestBatcher - Time Since Last Batch Processed 1722932461601

13:51:01.604 [pool-5-thread-1] DEBUG c.browserstack.utils.RequestBatcher - Processing Batch 12

13:51:01.604 [pool-5-thread-1] DEBUG c.browserstack.testOps.RequestUtils - [requestToTestOps] Sending Observability request: POST api/v1/batch with request size 3430
13:51:01.842 [pool-5-thread-1] DEBUG c.browserstack.testOps.RequestUtils - requestToTestOps: Response code: 200
13:51:01.842 [pool-5-thread-1] DEBUG c.browserstack.utils.LogReportingAPI - 
[2024-08-06T08:21:01.842578Z][ TESTHUB ] Batch event successfull!

13:51:03.340 [configureAppium@0] DEBUG c.browserstack.utils.UtilityMethods - [Patch]: SDK enabled, patching remote server
13:51:03.345 [configureAppium@0] DEBUG c.b.selenium.SeleniumHandler - beforeDriverInit: SDK enabled. Thread ID: 43
13:51:03.350 [configureAppium@0] DEBUG c.browserstack.utils.UtilityMethods - [Patch]: SDK enabled, patching remote server
13:51:03.500 [AppiumPOMProject-0@0] DEBUG c.b.testNgListeners.TestNGUtils - [populateTestDataForBSTestOps] Event Type :: TestRunStarted, Test ClassName :: GroupID.FlashTestClass
13:51:03.501 [AppiumPOMProject-0@0] DEBUG c.browserstack.utils.UtilityMethods - [findFileMatcher] Current Path is :: C:\Users\Hp\Documents\IntelliJ Projects\AppiumPOMProject, TestClass :: GroupID\FlashObjectOptimised
13:51:03.511 [AppiumPOMProject-0@0] DEBUG c.b.testNgListeners.TestNGUtils - [populateTestDataForBSTestOps] The filename fetched :: C:\Users\Hp\Documents\IntelliJ Projects\AppiumPOMProject\src\test\java\GroupID\FlashObjectOptimised.java, fileSeparator :: \, AbsolutePath :: C:\Users\Hp\Documents\IntelliJ Projects\AppiumPOMProject\., Normalized Path :: C:\Users\Hp\Documents\IntelliJ Projects\AppiumPOMProject, File.Separator :: \
13:51:03.511 [AppiumPOMProject-0@0] DEBUG c.b.testNgListeners.TestNGUtils - [populateTestDataForBSTestOps] Replaced File Name is :: AppiumPOMProject\src\test\java\GroupID\FlashObjectOptimised.java, Absolute Path :: C:\Users\Hp\Documents\IntelliJ Projects\AppiumPOMProject\.., Normalized Path :: C:\Users\Hp\Documents\IntelliJ Projects 
13:51:03.516 [AppiumPOMProject-0@0] DEBUG com.browserstack.testOps.Listener - [ TESTHUB ] Processing Request Kind TestRunStarted
13:51:03.518 [AppiumTest1@0] DEBUG c.b.testNgListeners.TestNGUtils - [populateTestDataForBSTestOps] Event Type :: HookRunFinished, Method ClassName :: testBaseUtils.WFlashBeforeEachTestAndroid 
13:51:03.518 [AppiumTest1@0] DEBUG c.browserstack.utils.UtilityMethods - [findFileMatcher] Current Path is :: C:\Users\Hp\Documents\IntelliJ Projects\AppiumPOMProject, TestClass :: testBaseUtils\WFlashBeforeEachTestAndroid
13:51:03.528 [AppiumTest1@0] DEBUG c.b.testNgListeners.TestNGUtils - [populateTestDataForBSTestOps] The filename fetched :: C:\Users\Hp\Documents\IntelliJ Projects\AppiumPOMProject\src\test\java\testBaseUtils\WFlashBeforeEachTestAndroid.java, fileSeparator :: \, AbsolutePath :: C:\Users\Hp\Documents\IntelliJ Projects\AppiumPOMProject\., Normalized Path :: C:\Users\Hp\Documents\IntelliJ Projects\AppiumPOMProject, File.Separator :: \
13:51:03.528 [AppiumTest1@0] DEBUG c.b.testNgListeners.TestNGUtils - [populateTestDataForBSTestOps] Replaced File Name is :: AppiumPOMProject\src\test\java\testBaseUtils\WFlashBeforeEachTestAndroid.java, Absolute Path :: C:\Users\Hp\Documents\IntelliJ Projects\AppiumPOMProject\.., Normalized Path :: C:\Users\Hp\Documents\IntelliJ Projects 
13:51:03.529 [AppiumTest1@0] DEBUG com.browserstack.testOps.Listener - [ TESTHUB ] Processing Request Kind HookRunFinished
13:51:03.529 [AppiumTest1@0] DEBUG c.b.testNgListeners.TestNGUtils - [populateTestDataForBSTestOps] Event Type :: TestRunSkipped, Test ClassName :: GroupID.FlashTestClass
13:51:03.529 [AppiumTest1@0] DEBUG c.browserstack.utils.UtilityMethods - [findFileMatcher] Current Path is :: C:\Users\Hp\Documents\IntelliJ Projects\AppiumPOMProject, TestClass :: GroupID\FlashObjectOptimised
13:51:03.540 [AppiumTest1@0] DEBUG c.b.testNgListeners.TestNGUtils - [populateTestDataForBSTestOps] The filename fetched :: C:\Users\Hp\Documents\IntelliJ Projects\AppiumPOMProject\src\test\java\GroupID\FlashObjectOptimised.java, fileSeparator :: \, AbsolutePath :: C:\Users\Hp\Documents\IntelliJ Projects\AppiumPOMProject\., Normalized Path :: C:\Users\Hp\Documents\IntelliJ Projects\AppiumPOMProject, File.Separator :: \
13:51:03.541 [AppiumTest1@0] DEBUG c.b.testNgListeners.TestNGUtils - [populateTestDataForBSTestOps] Replaced File Name is :: AppiumPOMProject\src\test\java\GroupID\FlashObjectOptimised.java, Absolute Path :: C:\Users\Hp\Documents\IntelliJ Projects\AppiumPOMProject\.., Normalized Path :: C:\Users\Hp\Documents\IntelliJ Projects 
13:51:03.545 [AppiumTest1@0] DEBUG com.browserstack.testOps.Listener - [ TESTHUB ] Processing Request Kind TestRunFinished
13:51:03.545 [AppiumTest1@0] DEBUG c.browserstack.utils.LogReportingAPI - sendSync failed - driver not found
13:51:03.548 [AppiumPOMProject-0@0] DEBUG c.b.testNgListeners.TestNGUtils - [populateTestDataForBSTestOps] Event Type :: TestRunStarted, Test ClassName :: GroupID.FlashTestClass
13:51:03.548 [AppiumPOMProject-0@0] DEBUG c.browserstack.utils.UtilityMethods - [findFileMatcher] Current Path is :: C:\Users\Hp\Documents\IntelliJ Projects\AppiumPOMProject, TestClass :: GroupID\FlashObjectOptimised
13:51:03.558 [AppiumPOMProject-0@0] DEBUG c.b.testNgListeners.TestNGUtils - [populateTestDataForBSTestOps] The filename fetched :: C:\Users\Hp\Documents\IntelliJ Projects\AppiumPOMProject\src\test\java\GroupID\FlashObjectOptimised.java, fileSeparator :: \, AbsolutePath :: C:\Users\Hp\Documents\IntelliJ Projects\AppiumPOMProject\., Normalized Path :: C:\Users\Hp\Documents\IntelliJ Projects\AppiumPOMProject, File.Separator :: \
13:51:03.558 [AppiumPOMProject-0@0] DEBUG c.b.testNgListeners.TestNGUtils - [populateTestDataForBSTestOps] Replaced File Name is :: AppiumPOMProject\src\test\java\GroupID\FlashObjectOptimised.java, Absolute Path :: C:\Users\Hp\Documents\IntelliJ Projects\AppiumPOMProject\.., Normalized Path :: C:\Users\Hp\Documents\IntelliJ Projects 
13:51:03.561 [AppiumPOMProject-0@0] DEBUG com.browserstack.testOps.Listener - [ TESTHUB ] Processing Request Kind TestRunStarted
13:51:03.562 [AppiumTest1@0] DEBUG c.b.testNgListeners.TestNGUtils - [populateTestDataForBSTestOps] Event Type :: TestRunSkipped, Test ClassName :: GroupID.FlashTestClass
13:51:03.562 [AppiumTest1@0] DEBUG c.browserstack.utils.UtilityMethods - [findFileMatcher] Current Path is :: C:\Users\Hp\Documents\IntelliJ Projects\AppiumPOMProject, TestClass :: GroupID\FlashObjectOptimised
13:51:03.573 [AppiumTest1@0] DEBUG c.b.testNgListeners.TestNGUtils - [populateTestDataForBSTestOps] The filename fetched :: C:\Users\Hp\Documents\IntelliJ Projects\AppiumPOMProject\src\test\java\GroupID\FlashObjectOptimised.java, fileSeparator :: \, AbsolutePath :: C:\Users\Hp\Documents\IntelliJ Projects\AppiumPOMProject\., Normalized Path :: C:\Users\Hp\Documents\IntelliJ Projects\AppiumPOMProject, File.Separator :: \
13:51:03.573 [AppiumTest1@0] DEBUG c.b.testNgListeners.TestNGUtils - [populateTestDataForBSTestOps] Replaced File Name is :: AppiumPOMProject\src\test\java\GroupID\FlashObjectOptimised.java, Absolute Path :: C:\Users\Hp\Documents\IntelliJ Projects\AppiumPOMProject\.., Normalized Path :: C:\Users\Hp\Documents\IntelliJ Projects 
13:51:03.577 [AppiumTest1@0] DEBUG com.browserstack.testOps.Listener - [ TESTHUB ] Processing Request Kind TestRunFinished
13:51:03.577 [AppiumTest1@0] DEBUG c.browserstack.utils.LogReportingAPI - sendSync failed - driver not found
13:51:03.580 [AppiumPOMProject-0@0] DEBUG c.b.testNgListeners.TestNGUtils - [populateTestDataForBSTestOps] Event Type :: TestRunStarted, Test ClassName :: GroupID.FlashTestClass
13:51:03.580 [AppiumPOMProject-0@0] DEBUG c.browserstack.utils.UtilityMethods - [findFileMatcher] Current Path is :: C:\Users\Hp\Documents\IntelliJ Projects\AppiumPOMProject, TestClass :: GroupID\FlashObjectOptimised
13:51:03.591 [AppiumPOMProject-0@0] DEBUG c.b.testNgListeners.TestNGUtils - [populateTestDataForBSTestOps] The filename fetched :: C:\Users\Hp\Documents\IntelliJ Projects\AppiumPOMProject\src\test\java\GroupID\FlashObjectOptimised.java, fileSeparator :: \, AbsolutePath :: C:\Users\Hp\Documents\IntelliJ Projects\AppiumPOMProject\., Normalized Path :: C:\Users\Hp\Documents\IntelliJ Projects\AppiumPOMProject, File.Separator :: \
13:51:03.591 [AppiumPOMProject-0@0] DEBUG c.b.testNgListeners.TestNGUtils - [populateTestDataForBSTestOps] Replaced File Name is :: AppiumPOMProject\src\test\java\GroupID\FlashObjectOptimised.java, Absolute Path :: C:\Users\Hp\Documents\IntelliJ Projects\AppiumPOMProject\.., Normalized Path :: C:\Users\Hp\Documents\IntelliJ Projects 
13:51:03.593 [AppiumPOMProject-0@0] DEBUG com.browserstack.testOps.Listener - [ TESTHUB ] Processing Request Kind TestRunStarted
13:51:03.595 [AppiumTest1@0] DEBUG c.b.testNgListeners.TestNGUtils - [populateTestDataForBSTestOps] Event Type :: TestRunSkipped, Test ClassName :: GroupID.FlashTestClass
13:51:03.595 [AppiumTest1@0] DEBUG c.browserstack.utils.UtilityMethods - [findFileMatcher] Current Path is :: C:\Users\Hp\Documents\IntelliJ Projects\AppiumPOMProject, TestClass :: GroupID\FlashObjectOptimised
13:51:03.605 [AppiumTest1@0] DEBUG c.b.testNgListeners.TestNGUtils - [populateTestDataForBSTestOps] The filename fetched :: C:\Users\Hp\Documents\IntelliJ Projects\AppiumPOMProject\src\test\java\GroupID\FlashObjectOptimised.java, fileSeparator :: \, AbsolutePath :: C:\Users\Hp\Documents\IntelliJ Projects\AppiumPOMProject\., Normalized Path :: C:\Users\Hp\Documents\IntelliJ Projects\AppiumPOMProject, File.Separator :: \
13:51:03.605 [AppiumTest1@0] DEBUG c.b.testNgListeners.TestNGUtils - [populateTestDataForBSTestOps] Replaced File Name is :: AppiumPOMProject\src\test\java\GroupID\FlashObjectOptimised.java, Absolute Path :: C:\Users\Hp\Documents\IntelliJ Projects\AppiumPOMProject\.., Normalized Path :: C:\Users\Hp\Documents\IntelliJ Projects 
13:51:03.608 [AppiumTest1@0] DEBUG com.browserstack.testOps.Listener - [ TESTHUB ] Processing Request Kind TestRunFinished
13:51:03.608 [AppiumTest1@0] DEBUG c.browserstack.utils.LogReportingAPI - sendSync failed - driver not found
13:51:03.610 [AppiumPOMProject-0@0] DEBUG c.b.testNgListeners.TestNGUtils - [populateTestDataForBSTestOps] Event Type :: TestRunStarted, Test ClassName :: GroupID.FlashTestClass
13:51:03.610 [AppiumPOMProject-0@0] DEBUG c.browserstack.utils.UtilityMethods - [findFileMatcher] Current Path is :: C:\Users\Hp\Documents\IntelliJ Projects\AppiumPOMProject, TestClass :: GroupID\FlashObjectOptimised
13:51:03.612 [pool-4-thread-1] DEBUG c.browserstack.utils.RequestBatcher - Time Since Last Batch Processed 2009

13:51:03.612 [pool-5-thread-1] DEBUG c.browserstack.utils.RequestBatcher - Processing Batch 7

13:51:03.613 [pool-5-thread-1] DEBUG c.browserstack.testOps.RequestUtils - [requestToTestOps] Sending Observability request: POST api/v1/batch with request size 23300
13:51:03.621 [AppiumPOMProject-0@0] DEBUG c.b.testNgListeners.TestNGUtils - [populateTestDataForBSTestOps] The filename fetched :: C:\Users\Hp\Documents\IntelliJ Projects\AppiumPOMProject\src\test\java\GroupID\FlashObjectOptimised.java, fileSeparator :: \, AbsolutePath :: C:\Users\Hp\Documents\IntelliJ Projects\AppiumPOMProject\., Normalized Path :: C:\Users\Hp\Documents\IntelliJ Projects\AppiumPOMProject, File.Separator :: \
13:51:03.621 [AppiumPOMProject-0@0] DEBUG c.b.testNgListeners.TestNGUtils - [populateTestDataForBSTestOps] Replaced File Name is :: AppiumPOMProject\src\test\java\GroupID\FlashObjectOptimised.java, Absolute Path :: C:\Users\Hp\Documents\IntelliJ Projects\AppiumPOMProject\.., Normalized Path :: C:\Users\Hp\Documents\IntelliJ Projects 
13:51:03.623 [AppiumPOMProject-0@0] DEBUG com.browserstack.testOps.Listener - [ TESTHUB ] Processing Request Kind TestRunStarted
13:51:03.624 [AppiumTest1@0] DEBUG c.b.testNgListeners.TestNGUtils - [populateTestDataForBSTestOps] Event Type :: TestRunSkipped, Test ClassName :: GroupID.FlashTestClass
13:51:03.624 [AppiumTest1@0] DEBUG c.browserstack.utils.UtilityMethods - [findFileMatcher] Current Path is :: C:\Users\Hp\Documents\IntelliJ Projects\AppiumPOMProject, TestClass :: GroupID\FlashObjectOptimised
13:51:03.635 [AppiumTest1@0] DEBUG c.b.testNgListeners.TestNGUtils - [populateTestDataForBSTestOps] The filename fetched :: C:\Users\Hp\Documents\IntelliJ Projects\AppiumPOMProject\src\test\java\GroupID\FlashObjectOptimised.java, fileSeparator :: \, AbsolutePath :: C:\Users\Hp\Documents\IntelliJ Projects\AppiumPOMProject\., Normalized Path :: C:\Users\Hp\Documents\IntelliJ Projects\AppiumPOMProject, File.Separator :: \
13:51:03.635 [AppiumTest1@0] DEBUG c.b.testNgListeners.TestNGUtils - [populateTestDataForBSTestOps] Replaced File Name is :: AppiumPOMProject\src\test\java\GroupID\FlashObjectOptimised.java, Absolute Path :: C:\Users\Hp\Documents\IntelliJ Projects\AppiumPOMProject\.., Normalized Path :: C:\Users\Hp\Documents\IntelliJ Projects 
13:51:03.638 [AppiumTest1@0] DEBUG com.browserstack.testOps.Listener - [ TESTHUB ] Processing Request Kind TestRunFinished
13:51:03.638 [AppiumTest1@0] DEBUG c.browserstack.utils.LogReportingAPI - sendSync failed - driver not found
13:51:03.644 [main] DEBUG com.browserstack.testOps.Listener - [ TESTHUB ] Processing Request Kind LogCreated
13:51:03.645 [Thread-0] DEBUG c.browserstack.BrowserStackJavaAgent - Starting final execution
13:51:03.645 [Thread-0] DEBUG com.browserstack.testOps.Listener - Waiting to upload pending uploads
13:51:03.753 [Thread-0] DEBUG com.browserstack.testOps.Listener - Waiting to upload pending uploads
13:51:03.862 [Thread-0] DEBUG com.browserstack.testOps.Listener - Waiting to upload pending uploads
13:51:03.970 [Thread-0] DEBUG com.browserstack.testOps.Listener - Waiting to upload pending uploads
13:51:04.072 [pool-5-thread-1] DEBUG c.browserstack.testOps.RequestUtils - requestToTestOps: Response code: 200
13:51:04.073 [pool-5-thread-1] DEBUG c.browserstack.utils.LogReportingAPI - 
[2024-08-06T08:21:04.073317900Z][ TESTHUB ] Batch event successfull!

13:51:04.080 [Thread-0] DEBUG c.b.u.ObservabilityUtilityMethods - Processing batch requests with type: Global
13:51:04.081 [Thread-0] DEBUG c.browserstack.utils.LogReportingAPI - [2024-08-06T08:21:04.081216100Z][ OBSERVABILITY ] Processing stop observability
13:51:04.081 [pool-5-thread-1] DEBUG c.browserstack.utils.RequestBatcher - Processing Batch 3

13:51:04.081 [pool-5-thread-1] DEBUG c.browserstack.testOps.RequestUtils - [requestToTestOps] Sending Observability request: POST api/v1/batch with request size 6491
13:51:04.320 [pool-5-thread-1] DEBUG c.browserstack.testOps.RequestUtils - requestToTestOps: Response code: 200
13:51:04.320 [pool-5-thread-1] DEBUG c.browserstack.utils.LogReportingAPI - 
[2024-08-06T08:21:04.320818100Z][ TESTHUB ] Batch event successfull!

13:51:04.321 [Thread-0] DEBUG c.browserstack.testOps.RequestUtils - [ TESTHUB ] Processing Request Kind stopBuildUpstream
13:51:04.321 [Thread-0] DEBUG c.browserstack.testOps.RequestUtils - [requestToTestOps] Sending Observability request: PUT api/v1/builds/croirqrh5g3u9hbmfqikawm05firfix8dbe4bikw/stop with request size 65
13:51:04.578 [Thread-0] DEBUG c.browserstack.testOps.RequestUtils - requestToTestOps: Response code: 200
13:51:04.578 [Thread-0] DEBUG com.browserstack.testOps.Listener - Testhub stop response: 
13:51:06.891 [Thread-0] DEBUG com.browserstack.testOps.UsageStats - getFormattedData: Collecting data for TestObservability
13:51:06.892 [Thread-0] DEBUG com.browserstack.testOps.UsageStats - getEventStats: Getting event data for TestObservability
13:51:06.895 [Thread-0] DEBUG com.browserstack.testOps.UsageStats - [OBSERVABILITY] Failed to parse data from workers
13:51:06.951 [Thread-0] DEBUG c.b.utils.FunnelInstrumentation - Sending funnel data for SDKTestSuccessful with data: {"event_type":"SDKTestSuccessful","accessKey":"cdWAYU5meFd1rax23PEp","userName":"nayankumar_Rp0sMa","event_properties":{"product":"[app-automate, observability]","buildName":"browserstack build","os":"Windows 11","languageVersion":"18.0.2.1","appiumVersion":"9.0.0","frameworkDetectionInstrumentation":{"parseLoadClass":5,"ret-org.openqa.selenium.remote.RemoteWebDriver":272,"retransformClasses":272,"parseDependencies":14},"language":"java","sdkRunId":"ef8f501a-1045-49c7-bd4a-2a1a5b1af988","buildIdentifier":"#14","userFramework":"testng","testhub_uuid":"croirqrh5g3u9hbmfqikawm05firfix8dbe4bikw","detectedAppiumVersion":"null","detectedDependencies":"testng","productMap":{"app_automate":true,"accessibility":false,"automate":false,"percy":false,"observability":true},"referrer":"testng-javaagent\/1.20.2","hostname":"DESKTOP-13RHPFK","measures":{"local:start":4961,"sdk:setup":10004,"local:stop":2312},"language_framework":"java_testng","detectedFramework":"testng","productUsage":{"testObservability":{"buildHashedId":"croirqrh5g3u9hbmfqikawm05firfix8dbe4bikw","manuallySet":false,"enabled":true,"events":{"hookEvents":{"started":{"errors":[],"triggeredCount":1,"sentCount":1,"failedCount":0},"finished":{"triggeredCount":1,"failedCount":0,"errors":[],"sentCount":1},"failed":{"errors":[],"triggeredCount":1,"sentCount":1,"failedCount":0}},"logEvents":{"errors":[],"triggeredCount":12,"sentCount":12,"failedCount":0,"log":{"errors":[],"triggeredCount":12,"sentCount":12,"failedCount":0}},"testEvents":{"started":{"errors":[],"triggeredCount":4,"sentCount":4,"failedCount":0},"finished":{"triggeredCount":4,"failedCount":0,"errors":[],"sentCount":4},"skipped":{"errors":[],"triggeredCount":4,"sentCount":4,"failedCount":0}},"batchEvents":{"triggeredCount":3,"failedCount":0,"errors":[],"sentCount":3},"cbtSessionEvents":{"errors":[],"triggeredCount":0,"sentCount":0,"failedCount":0},"buildEvents":{"started":{"error":null,"status":"success","triggered":true},"finished":{"error":null,"status":"success","triggered":true}}}}},"detectedSeleniumVersion":"null","browserStackConfig":{"browserstackLocal":true,"percy":false,"logLevel":"info","staticWebDriver":true,"autoDetectFramework":true,"percyCaptureMode":"MANUAL","browserStackLocalOptions":{"localIdentifier":"06_Aug_1350_DESKTOP_13RHPFK_bw0E","key":"****"},"percyOptions":null,"testContextOptions":{"skipSessionStatus":false,"skipSessionName":false,"serenityOverridePlugin":false},"platforms":[{"capabilities":{"platformVersion":13.0,"platformName":"android","deviceName":"Samsung Galaxy S23"},"browserVersion":null,"browser":null,"device":"Samsung Galaxy S23","platformCaps":{"platformVersion":13.0,"platformName":"android","deviceName":"Samsung Galaxy S23"},"osVersion":null,"os":null,"platformString":"Samsung Galaxy S23, 13.0","customVariables":"****"}],"parallelsPerPlatform":1,"framework":"testng","accessibility":false,"accessibilityOptions":{},"turboScaleOptions":{},"disableAutoCaptureLogs":true,"testObservability":true,"browserstackAutomation":true,"turboScale":false,"testObservabilityOptions":{},"gradleMConfig":null,"proxySettings":null},"seleniumVersion":""}}
13:51:07.279 [Thread-0] DEBUG c.b.utils.FunnelInstrumentation - API Event SDKTestSuccessful response - {"message":"SDK Event recorded successfully"}
13:51:09.053 [Thread-0] DEBUG c.browserstack.utils.UtilityMethods - Browserstack Gradle-M Config File does not exist.
13:51:31.429 [main] DEBUG c.b.config.BrowserStackConfig - Cli Config passed - {}
13:51:31.784 [main] DEBUG c.b.logger.BrowserstackLoggerFactory - Log Level set to TRACE for logger com.browserstack
13:51:31.784 [main] DEBUG c.b.logger.BrowserstackLoggerFactory - Log Level set to INFO for logger stdoutPrinter
13:51:31.885 [main] DEBUG c.b.utils.FrameworkDetectionUtils - Java command - com.intellij.rt.testng.RemoteTestNGStarter -usedefaultlisteners false -socket56127 @w@C:\Users\Hp\AppData\Local\Temp\idea_working_dirs_testng.tmp -temp C:\Users\Hp\AppData\Local\Temp\idea_testng.tmp
13:51:31.887 [main] DEBUG c.b.utils.FrameworkDetectionUtils - Test classes detected: 
13:51:31.893 [main] DEBUG c.b.utils.FrameworkDetectionUtils - Runner: testng, Engine: none
13:51:31.909 [main] DEBUG c.b.utils.FrameworkDetectionUtils - Runner: testng, Engine: none from dependencies
13:51:31.909 [main] DEBUG c.b.utils.FrameworkDetectionUtils - Detected final framework as: testng
13:51:31.909 [main] DEBUG c.browserstack.BrowserStackJavaAgent - JavaAgent Version 1.20.2
13:51:31.911 [main] DEBUG c.b.utils.ExitSignalHandler - Registered handler for INT
13:51:31.912 [main] DEBUG c.b.utils.ExitSignalHandler - Registered handler for TERM
13:51:31.912 [main] DEBUG c.b.utils.ExitSignalHandler - Unable to attach signal handler for HUP Unknown signal: HUP
13:51:31.912 [main] DEBUG c.b.utils.ExitSignalHandler - Registered handler for ABRT
13:51:32.376 [Thread-1] DEBUG c.browserstack.utils.UtilityMethods - NEXT HUBS ARE: ["hub-aps.browserstack.com","hub-euw.browserstack.com","hub-apse.browserstack.com"]
13:51:32.655 [main] DEBUG c.browserstack.utils.UtilityMethods - EXECUTION TIME OF hub-aps.browserstack.com HUB IS: 276ms
13:51:33.544 [main] DEBUG c.browserstack.utils.UtilityMethods - EXECUTION TIME OF hub-euw.browserstack.com HUB IS: 875ms
13:51:34.481 [main] DEBUG c.browserstack.utils.UtilityMethods - EXECUTION TIME OF hub-apse.browserstack.com HUB IS: 935ms
13:51:34.484 [main] DEBUG c.browserstack.utils.UtilityMethods - NEAREST HUB ALLOCATED IS - hub-aps.browserstack.com
13:51:34.494 [main] DEBUG c.b.utils.FunnelInstrumentation - Sending funnel data for SDKTestAttempted with data: {"event_type":"SDKTestAttempted","accessKey":"cdWAYU5meFd1rax23PEp","userName":"nayankumar_Rp0sMa","event_properties":{"product":"[app-automate, observability]","buildName":"browserstack build","os":"Windows 11","languageVersion":"18.0.2.1","appiumVersion":"9.0.0","frameworkDetectionInstrumentation":{"parseLoadClass":6,"parseDependencies":16},"language":"java","sdkRunId":"05602b17-ad5e-42bf-9a07-74ff56cf9b5f","buildIdentifier":"#15","userFramework":"testng","testhub_uuid":"","detectedAppiumVersion":"null","detectedDependencies":"testng","productMap":{"app_automate":true,"accessibility":false,"automate":false,"percy":false,"observability":true},"referrer":"testng-javaagent\/1.20.2","hostname":"DESKTOP-13RHPFK","language_framework":"java_testng","detectedFramework":"testng","detectedSeleniumVersion":"null","seleniumVersion":""}}
13:51:34.887 [main] DEBUG c.b.utils.FunnelInstrumentation - API Event SDKTestAttempted response - {"message":"SDK Event recorded successfully"}
13:51:35.073 [main] DEBUG c.browserstack.testOps.RequestUtils - [ TESTHUB ] Processing Request Kind launchTestSession
13:51:35.073 [main] DEBUG c.browserstack.testOps.RequestUtils - [requestToTestOps] Sending Observability request: POST api/v2/builds with request size 1330
13:51:36.443 [main] DEBUG c.browserstack.testOps.RequestUtils - requestToTestOps: Response code: 200
13:51:36.444 [main] DEBUG com.browserstack.testOps.Listener - BROWSERSTACK_TESTHUB_UUID : vmzaoytvohdts8fuvlnve8wsm1m04a7qakj8mygl
13:51:36.444 [main] DEBUG com.browserstack.testOps.Listener - [ TESTHUB ] Build creation successfull
13:51:36.447 [main] DEBUG com.browserstack.LocalFactory - Starting BrowserStack Local with identifier 06_Aug_1351_DESKTOP_13RHPFK_Mw7o
13:51:41.952 [main] DEBUG c.b.t.XMLSuiteClassListener - Number of parallels - 1 and number of platforms - 1
13:51:42.266 [main] DEBUG com.browserstack.testOps.Listener - [ TESTHUB ] Processing Request Kind LogCreated
13:51:42.270 [main] DEBUG com.browserstack.testOps.Listener - [ TESTHUB ] Processing Request Kind LogCreated
13:51:42.275 [main] DEBUG com.browserstack.testOps.Listener - [ TESTHUB ] Processing Request Kind LogCreated
13:51:42.276 [main] DEBUG com.browserstack.testOps.Listener - [ TESTHUB ] Processing Request Kind LogCreated
13:51:42.276 [main] DEBUG com.browserstack.testOps.Listener - [ TESTHUB ] Processing Request Kind LogCreated
13:51:42.286 [main] DEBUG com.browserstack.testOps.Listener - [ TESTHUB ] Processing Request Kind LogCreated
13:51:42.286 [main] DEBUG com.browserstack.testOps.Listener - [ TESTHUB ] Processing Request Kind LogCreated
13:51:42.286 [main] DEBUG com.browserstack.testOps.Listener - [ TESTHUB ] Processing Request Kind LogCreated
13:51:42.287 [main] DEBUG com.browserstack.testOps.Listener - [ TESTHUB ] Processing Request Kind LogCreated
13:51:42.287 [main] DEBUG com.browserstack.testOps.Listener - [ TESTHUB ] Processing Request Kind LogCreated
13:51:42.295 [main] DEBUG com.browserstack.testOps.Listener - [ TESTHUB ] Processing Request Kind LogCreated
13:51:42.296 [main] DEBUG c.browserstack.utils.LogReportingAPI - [2024-08-06T08:21:42.296572100Z][ OBSERVABILITY ] Processing Logs patching stream
13:51:42.357 [configureAppium@0] DEBUG c.b.testNgListeners.TestNGUtils - [populateTestDataForBSTestOps] Event Type :: HookRunStarted, Method ClassName :: testBaseUtils.WFlashBeforeEachTestAndroid 
13:51:42.357 [configureAppium@0] DEBUG c.browserstack.utils.UtilityMethods - [findFileMatcher] Current Path is :: C:\Users\Hp\Documents\IntelliJ Projects\AppiumPOMProject, TestClass :: testBaseUtils\WFlashBeforeEachTestAndroid
13:51:42.381 [configureAppium@0] DEBUG c.b.testNgListeners.TestNGUtils - [populateTestDataForBSTestOps] The filename fetched :: C:\Users\Hp\Documents\IntelliJ Projects\AppiumPOMProject\src\test\java\testBaseUtils\WFlashBeforeEachTestAndroid.java, fileSeparator :: \, AbsolutePath :: C:\Users\Hp\Documents\IntelliJ Projects\AppiumPOMProject\., Normalized Path :: C:\Users\Hp\Documents\IntelliJ Projects\AppiumPOMProject, File.Separator :: \
13:51:42.381 [configureAppium@0] DEBUG c.b.testNgListeners.TestNGUtils - [populateTestDataForBSTestOps] Replaced File Name is :: AppiumPOMProject\src\test\java\testBaseUtils\WFlashBeforeEachTestAndroid.java, Absolute Path :: C:\Users\Hp\Documents\IntelliJ Projects\AppiumPOMProject\.., Normalized Path :: C:\Users\Hp\Documents\IntelliJ Projects 
13:51:42.384 [configureAppium@0] DEBUG com.browserstack.testOps.Listener - [ TESTHUB ] Processing Request Kind HookRunStarted
13:51:44.284 [pool-4-thread-1] DEBUG c.browserstack.utils.RequestBatcher - Time Since Last Batch Processed 1722932504284

13:51:44.288 [pool-5-thread-1] DEBUG c.browserstack.utils.RequestBatcher - Processing Batch 12

13:51:44.288 [pool-5-thread-1] DEBUG c.browserstack.testOps.RequestUtils - [requestToTestOps] Sending Observability request: POST api/v1/batch with request size 3436
13:51:44.535 [pool-5-thread-1] DEBUG c.browserstack.testOps.RequestUtils - requestToTestOps: Response code: 200
13:51:44.535 [pool-5-thread-1] DEBUG c.browserstack.utils.LogReportingAPI - 
[2024-08-06T08:21:44.535382700Z][ TESTHUB ] Batch event successfull!

13:51:48.275 [pool-4-thread-1] DEBUG c.browserstack.utils.RequestBatcher - Time Since Last Batch Processed 3990

13:51:52.270 [pool-4-thread-1] DEBUG c.browserstack.utils.RequestBatcher - Time Since Last Batch Processed 3995

13:51:54.282 [pool-4-thread-1] DEBUG c.browserstack.utils.RequestBatcher - Time Since Last Batch Processed 2012

13:51:58.283 [pool-4-thread-1] DEBUG c.browserstack.utils.RequestBatcher - Time Since Last Batch Processed 4001

13:52:02.284 [pool-4-thread-1] DEBUG c.browserstack.utils.RequestBatcher - Time Since Last Batch Processed 4001

13:52:02.490 [AppiumPOMProject-0@0] DEBUG c.b.testNgListeners.TestNGUtils - [populateTestDataForBSTestOps] Event Type :: TestRunStarted, Test ClassName :: GroupID.FlashTestClass
13:52:02.490 [AppiumPOMProject-0@0] DEBUG c.browserstack.utils.UtilityMethods - [findFileMatcher] Current Path is :: C:\Users\Hp\Documents\IntelliJ Projects\AppiumPOMProject, TestClass :: GroupID\FlashObjectOptimised
13:52:02.505 [AppiumPOMProject-0@0] DEBUG c.b.testNgListeners.TestNGUtils - [populateTestDataForBSTestOps] The filename fetched :: C:\Users\Hp\Documents\IntelliJ Projects\AppiumPOMProject\src\test\java\GroupID\FlashObjectOptimised.java, fileSeparator :: \, AbsolutePath :: C:\Users\Hp\Documents\IntelliJ Projects\AppiumPOMProject\., Normalized Path :: C:\Users\Hp\Documents\IntelliJ Projects\AppiumPOMProject, File.Separator :: \
13:52:02.506 [AppiumPOMProject-0@0] DEBUG c.b.testNgListeners.TestNGUtils - [populateTestDataForBSTestOps] Replaced File Name is :: AppiumPOMProject\src\test\java\GroupID\FlashObjectOptimised.java, Absolute Path :: C:\Users\Hp\Documents\IntelliJ Projects\AppiumPOMProject\.., Normalized Path :: C:\Users\Hp\Documents\IntelliJ Projects 
13:52:02.509 [AppiumPOMProject-0@0] DEBUG com.browserstack.testOps.Listener - [ TESTHUB ] Processing Request Kind TestRunStarted
13:52:02.510 [AppiumTest1@0] DEBUG c.b.testNgListeners.TestNGUtils - [populateTestDataForBSTestOps] Event Type :: HookRunFinished, Method ClassName :: testBaseUtils.WFlashBeforeEachTestAndroid 
13:52:02.511 [AppiumTest1@0] DEBUG c.browserstack.utils.UtilityMethods - [findFileMatcher] Current Path is :: C:\Users\Hp\Documents\IntelliJ Projects\AppiumPOMProject, TestClass :: testBaseUtils\WFlashBeforeEachTestAndroid
13:52:02.521 [AppiumTest1@0] DEBUG c.b.testNgListeners.TestNGUtils - [populateTestDataForBSTestOps] The filename fetched :: C:\Users\Hp\Documents\IntelliJ Projects\AppiumPOMProject\src\test\java\testBaseUtils\WFlashBeforeEachTestAndroid.java, fileSeparator :: \, AbsolutePath :: C:\Users\Hp\Documents\IntelliJ Projects\AppiumPOMProject\., Normalized Path :: C:\Users\Hp\Documents\IntelliJ Projects\AppiumPOMProject, File.Separator :: \
13:52:02.521 [AppiumTest1@0] DEBUG c.b.testNgListeners.TestNGUtils - [populateTestDataForBSTestOps] Replaced File Name is :: AppiumPOMProject\src\test\java\testBaseUtils\WFlashBeforeEachTestAndroid.java, Absolute Path :: C:\Users\Hp\Documents\IntelliJ Projects\AppiumPOMProject\.., Normalized Path :: C:\Users\Hp\Documents\IntelliJ Projects 
13:52:02.521 [AppiumTest1@0] DEBUG com.browserstack.testOps.Listener - [ TESTHUB ] Processing Request Kind HookRunFinished
13:52:02.521 [AppiumTest1@0] DEBUG c.b.testNgListeners.TestNGUtils - [populateTestDataForBSTestOps] Event Type :: TestRunSkipped, Test ClassName :: GroupID.FlashTestClass
13:52:02.521 [AppiumTest1@0] DEBUG c.browserstack.utils.UtilityMethods - [findFileMatcher] Current Path is :: C:\Users\Hp\Documents\IntelliJ Projects\AppiumPOMProject, TestClass :: GroupID\FlashObjectOptimised
13:52:02.533 [AppiumTest1@0] DEBUG c.b.testNgListeners.TestNGUtils - [populateTestDataForBSTestOps] The filename fetched :: C:\Users\Hp\Documents\IntelliJ Projects\AppiumPOMProject\src\test\java\GroupID\FlashObjectOptimised.java, fileSeparator :: \, AbsolutePath :: C:\Users\Hp\Documents\IntelliJ Projects\AppiumPOMProject\., Normalized Path :: C:\Users\Hp\Documents\IntelliJ Projects\AppiumPOMProject, File.Separator :: \
13:52:02.533 [AppiumTest1@0] DEBUG c.b.testNgListeners.TestNGUtils - [populateTestDataForBSTestOps] Replaced File Name is :: AppiumPOMProject\src\test\java\GroupID\FlashObjectOptimised.java, Absolute Path :: C:\Users\Hp\Documents\IntelliJ Projects\AppiumPOMProject\.., Normalized Path :: C:\Users\Hp\Documents\IntelliJ Projects 
13:52:02.538 [AppiumTest1@0] DEBUG com.browserstack.testOps.Listener - [ TESTHUB ] Processing Request Kind TestRunFinished
13:52:02.538 [AppiumTest1@0] DEBUG c.browserstack.utils.LogReportingAPI - sendSync failed - driver not found
13:52:02.541 [AppiumPOMProject-0@0] DEBUG c.b.testNgListeners.TestNGUtils - [populateTestDataForBSTestOps] Event Type :: TestRunStarted, Test ClassName :: GroupID.FlashTestClass
13:52:02.541 [AppiumPOMProject-0@0] DEBUG c.browserstack.utils.UtilityMethods - [findFileMatcher] Current Path is :: C:\Users\Hp\Documents\IntelliJ Projects\AppiumPOMProject, TestClass :: GroupID\FlashObjectOptimised
13:52:02.553 [AppiumPOMProject-0@0] DEBUG c.b.testNgListeners.TestNGUtils - [populateTestDataForBSTestOps] The filename fetched :: C:\Users\Hp\Documents\IntelliJ Projects\AppiumPOMProject\src\test\java\GroupID\FlashObjectOptimised.java, fileSeparator :: \, AbsolutePath :: C:\Users\Hp\Documents\IntelliJ Projects\AppiumPOMProject\., Normalized Path :: C:\Users\Hp\Documents\IntelliJ Projects\AppiumPOMProject, File.Separator :: \
13:52:02.553 [AppiumPOMProject-0@0] DEBUG c.b.testNgListeners.TestNGUtils - [populateTestDataForBSTestOps] Replaced File Name is :: AppiumPOMProject\src\test\java\GroupID\FlashObjectOptimised.java, Absolute Path :: C:\Users\Hp\Documents\IntelliJ Projects\AppiumPOMProject\.., Normalized Path :: C:\Users\Hp\Documents\IntelliJ Projects 
13:52:02.556 [AppiumPOMProject-0@0] DEBUG com.browserstack.testOps.Listener - [ TESTHUB ] Processing Request Kind TestRunStarted
13:52:02.557 [AppiumTest1@0] DEBUG c.b.testNgListeners.TestNGUtils - [populateTestDataForBSTestOps] Event Type :: TestRunSkipped, Test ClassName :: GroupID.FlashTestClass
13:52:02.558 [AppiumTest1@0] DEBUG c.browserstack.utils.UtilityMethods - [findFileMatcher] Current Path is :: C:\Users\Hp\Documents\IntelliJ Projects\AppiumPOMProject, TestClass :: GroupID\FlashObjectOptimised
13:52:02.570 [AppiumTest1@0] DEBUG c.b.testNgListeners.TestNGUtils - [populateTestDataForBSTestOps] The filename fetched :: C:\Users\Hp\Documents\IntelliJ Projects\AppiumPOMProject\src\test\java\GroupID\FlashObjectOptimised.java, fileSeparator :: \, AbsolutePath :: C:\Users\Hp\Documents\IntelliJ Projects\AppiumPOMProject\., Normalized Path :: C:\Users\Hp\Documents\IntelliJ Projects\AppiumPOMProject, File.Separator :: \
13:52:02.570 [AppiumTest1@0] DEBUG c.b.testNgListeners.TestNGUtils - [populateTestDataForBSTestOps] Replaced File Name is :: AppiumPOMProject\src\test\java\GroupID\FlashObjectOptimised.java, Absolute Path :: C:\Users\Hp\Documents\IntelliJ Projects\AppiumPOMProject\.., Normalized Path :: C:\Users\Hp\Documents\IntelliJ Projects 
13:52:02.573 [AppiumTest1@0] DEBUG com.browserstack.testOps.Listener - [ TESTHUB ] Processing Request Kind TestRunFinished
13:52:02.573 [AppiumTest1@0] DEBUG c.browserstack.utils.LogReportingAPI - sendSync failed - driver not found
13:52:02.576 [AppiumPOMProject-0@0] DEBUG c.b.testNgListeners.TestNGUtils - [populateTestDataForBSTestOps] Event Type :: TestRunStarted, Test ClassName :: GroupID.FlashTestClass
13:52:02.576 [AppiumPOMProject-0@0] DEBUG c.browserstack.utils.UtilityMethods - [findFileMatcher] Current Path is :: C:\Users\Hp\Documents\IntelliJ Projects\AppiumPOMProject, TestClass :: GroupID\FlashObjectOptimised
13:52:02.589 [AppiumPOMProject-0@0] DEBUG c.b.testNgListeners.TestNGUtils - [populateTestDataForBSTestOps] The filename fetched :: C:\Users\Hp\Documents\IntelliJ Projects\AppiumPOMProject\src\test\java\GroupID\FlashObjectOptimised.java, fileSeparator :: \, AbsolutePath :: C:\Users\Hp\Documents\IntelliJ Projects\AppiumPOMProject\., Normalized Path :: C:\Users\Hp\Documents\IntelliJ Projects\AppiumPOMProject, File.Separator :: \
13:52:02.589 [AppiumPOMProject-0@0] DEBUG c.b.testNgListeners.TestNGUtils - [populateTestDataForBSTestOps] Replaced File Name is :: AppiumPOMProject\src\test\java\GroupID\FlashObjectOptimised.java, Absolute Path :: C:\Users\Hp\Documents\IntelliJ Projects\AppiumPOMProject\.., Normalized Path :: C:\Users\Hp\Documents\IntelliJ Projects 
13:52:02.593 [AppiumPOMProject-0@0] DEBUG com.browserstack.testOps.Listener - [ TESTHUB ] Processing Request Kind TestRunStarted
13:52:02.595 [AppiumTest1@0] DEBUG c.b.testNgListeners.TestNGUtils - [populateTestDataForBSTestOps] Event Type :: TestRunSkipped, Test ClassName :: GroupID.FlashTestClass
13:52:02.595 [AppiumTest1@0] DEBUG c.browserstack.utils.UtilityMethods - [findFileMatcher] Current Path is :: C:\Users\Hp\Documents\IntelliJ Projects\AppiumPOMProject, TestClass :: GroupID\FlashObjectOptimised
13:52:02.606 [AppiumTest1@0] DEBUG c.b.testNgListeners.TestNGUtils - [populateTestDataForBSTestOps] The filename fetched :: C:\Users\Hp\Documents\IntelliJ Projects\AppiumPOMProject\src\test\java\GroupID\FlashObjectOptimised.java, fileSeparator :: \, AbsolutePath :: C:\Users\Hp\Documents\IntelliJ Projects\AppiumPOMProject\., Normalized Path :: C:\Users\Hp\Documents\IntelliJ Projects\AppiumPOMProject, File.Separator :: \
13:52:02.607 [AppiumTest1@0] DEBUG c.b.testNgListeners.TestNGUtils - [populateTestDataForBSTestOps] Replaced File Name is :: AppiumPOMProject\src\test\java\GroupID\FlashObjectOptimised.java, Absolute Path :: C:\Users\Hp\Documents\IntelliJ Projects\AppiumPOMProject\.., Normalized Path :: C:\Users\Hp\Documents\IntelliJ Projects 
13:52:02.610 [AppiumTest1@0] DEBUG com.browserstack.testOps.Listener - [ TESTHUB ] Processing Request Kind TestRunFinished
13:52:02.610 [AppiumTest1@0] DEBUG c.browserstack.utils.LogReportingAPI - sendSync failed - driver not found
13:52:02.613 [AppiumPOMProject-0@0] DEBUG c.b.testNgListeners.TestNGUtils - [populateTestDataForBSTestOps] Event Type :: TestRunStarted, Test ClassName :: GroupID.FlashTestClass
13:52:02.613 [AppiumPOMProject-0@0] DEBUG c.browserstack.utils.UtilityMethods - [findFileMatcher] Current Path is :: C:\Users\Hp\Documents\IntelliJ Projects\AppiumPOMProject, TestClass :: GroupID\FlashObjectOptimised
13:52:02.624 [AppiumPOMProject-0@0] DEBUG c.b.testNgListeners.TestNGUtils - [populateTestDataForBSTestOps] The filename fetched :: C:\Users\Hp\Documents\IntelliJ Projects\AppiumPOMProject\src\test\java\GroupID\FlashObjectOptimised.java, fileSeparator :: \, AbsolutePath :: C:\Users\Hp\Documents\IntelliJ Projects\AppiumPOMProject\., Normalized Path :: C:\Users\Hp\Documents\IntelliJ Projects\AppiumPOMProject, File.Separator :: \
13:52:02.624 [AppiumPOMProject-0@0] DEBUG c.b.testNgListeners.TestNGUtils - [populateTestDataForBSTestOps] Replaced File Name is :: AppiumPOMProject\src\test\java\GroupID\FlashObjectOptimised.java, Absolute Path :: C:\Users\Hp\Documents\IntelliJ Projects\AppiumPOMProject\.., Normalized Path :: C:\Users\Hp\Documents\IntelliJ Projects 
13:52:02.628 [AppiumPOMProject-0@0] DEBUG com.browserstack.testOps.Listener - [ TESTHUB ] Processing Request Kind TestRunStarted
13:52:02.629 [AppiumTest1@0] DEBUG c.b.testNgListeners.TestNGUtils - [populateTestDataForBSTestOps] Event Type :: TestRunSkipped, Test ClassName :: GroupID.FlashTestClass
13:52:02.629 [AppiumTest1@0] DEBUG c.browserstack.utils.UtilityMethods - [findFileMatcher] Current Path is :: C:\Users\Hp\Documents\IntelliJ Projects\AppiumPOMProject, TestClass :: GroupID\FlashObjectOptimised
13:52:02.639 [AppiumTest1@0] DEBUG c.b.testNgListeners.TestNGUtils - [populateTestDataForBSTestOps] The filename fetched :: C:\Users\Hp\Documents\IntelliJ Projects\AppiumPOMProject\src\test\java\GroupID\FlashObjectOptimised.java, fileSeparator :: \, AbsolutePath :: C:\Users\Hp\Documents\IntelliJ Projects\AppiumPOMProject\., Normalized Path :: C:\Users\Hp\Documents\IntelliJ Projects\AppiumPOMProject, File.Separator :: \
13:52:02.639 [AppiumTest1@0] DEBUG c.b.testNgListeners.TestNGUtils - [populateTestDataForBSTestOps] Replaced File Name is :: AppiumPOMProject\src\test\java\GroupID\FlashObjectOptimised.java, Absolute Path :: C:\Users\Hp\Documents\IntelliJ Projects\AppiumPOMProject\.., Normalized Path :: C:\Users\Hp\Documents\IntelliJ Projects 
13:52:02.642 [AppiumTest1@0] DEBUG com.browserstack.testOps.Listener - [ TESTHUB ] Processing Request Kind TestRunFinished
13:52:02.642 [AppiumTest1@0] DEBUG c.browserstack.utils.LogReportingAPI - sendSync failed - driver not found
13:52:02.650 [main] DEBUG com.browserstack.testOps.Listener - [ TESTHUB ] Processing Request Kind LogCreated
13:52:02.651 [Thread-0] DEBUG c.browserstack.BrowserStackJavaAgent - Starting final execution
13:52:02.652 [Thread-0] DEBUG c.b.u.ObservabilityUtilityMethods - Processing batch requests with type: Global
13:52:02.652 [Thread-0] DEBUG c.browserstack.utils.LogReportingAPI - [2024-08-06T08:22:02.652829400Z][ OBSERVABILITY ] Processing stop observability
13:52:02.658 [pool-5-thread-1] DEBUG c.browserstack.utils.RequestBatcher - Processing Batch 10

13:52:02.661 [pool-5-thread-1] DEBUG c.browserstack.testOps.RequestUtils - [requestToTestOps] Sending Observability request: POST api/v1/batch with request size 42374
13:52:03.143 [pool-5-thread-1] DEBUG c.browserstack.testOps.RequestUtils - requestToTestOps: Response code: 200
13:52:03.143 [pool-5-thread-1] DEBUG c.browserstack.utils.LogReportingAPI - 
[2024-08-06T08:22:03.143594600Z][ TESTHUB ] Batch event successfull!

13:52:03.143 [Thread-0] DEBUG c.browserstack.testOps.RequestUtils - [ TESTHUB ] Processing Request Kind stopBuildUpstream
13:52:03.143 [Thread-0] DEBUG c.browserstack.testOps.RequestUtils - [requestToTestOps] Sending Observability request: PUT api/v1/builds/vmzaoytvohdts8fuvlnve8wsm1m04a7qakj8mygl/stop with request size 65
13:52:03.390 [Thread-0] DEBUG c.browserstack.testOps.RequestUtils - requestToTestOps: Response code: 200
13:52:03.391 [Thread-0] DEBUG com.browserstack.testOps.Listener - Testhub stop response: 
13:52:05.662 [Thread-0] DEBUG com.browserstack.testOps.UsageStats - getFormattedData: Collecting data for TestObservability
13:52:05.663 [Thread-0] DEBUG com.browserstack.testOps.UsageStats - getEventStats: Getting event data for TestObservability
13:52:05.667 [Thread-0] DEBUG com.browserstack.testOps.UsageStats - [OBSERVABILITY] Failed to parse data from workers
13:52:05.760 [Thread-0] DEBUG c.b.utils.FunnelInstrumentation - Sending funnel data for SDKTestSuccessful with data: {"event_type":"SDKTestSuccessful","accessKey":"cdWAYU5meFd1rax23PEp","userName":"nayankumar_Rp0sMa","event_properties":{"product":"[app-automate, observability]","buildName":"browserstack build","os":"Windows 11","languageVersion":"18.0.2.1","appiumVersion":"9.0.0","frameworkDetectionInstrumentation":{"parseLoadClass":6,"ret-org.openqa.selenium.remote.RemoteWebDriver":397,"retransformClasses":398,"parseDependencies":16},"language":"java","sdkRunId":"05602b17-ad5e-42bf-9a07-74ff56cf9b5f","buildIdentifier":"#15","userFramework":"testng","testhub_uuid":"vmzaoytvohdts8fuvlnve8wsm1m04a7qakj8mygl","detectedAppiumVersion":"null","detectedDependencies":"testng","productMap":{"app_automate":true,"accessibility":false,"automate":false,"percy":false,"observability":true},"referrer":"testng-javaagent\/1.20.2","hostname":"DESKTOP-13RHPFK","measures":{"local:start":4872,"sdk:setup":10267,"local:stop":2269},"language_framework":"java_testng","detectedFramework":"testng","productUsage":{"testObservability":{"buildHashedId":"vmzaoytvohdts8fuvlnve8wsm1m04a7qakj8mygl","manuallySet":false,"enabled":true,"events":{"hookEvents":{"started":{"errors":[],"failedCount":0,"triggeredCount":1,"sentCount":1},"finished":{"triggeredCount":1,"failedCount":0,"errors":[],"sentCount":1},"failed":{"errors":[],"failedCount":0,"triggeredCount":1,"sentCount":1}},"logEvents":{"errors":[],"failedCount":0,"triggeredCount":12,"sentCount":12,"log":{"errors":[],"failedCount":0,"triggeredCount":12,"sentCount":12}},"testEvents":{"started":{"errors":[],"failedCount":0,"triggeredCount":4,"sentCount":4},"finished":{"triggeredCount":4,"failedCount":0,"errors":[],"sentCount":4},"skipped":{"errors":[],"failedCount":0,"triggeredCount":4,"sentCount":4}},"batchEvents":{"triggeredCount":2,"failedCount":0,"errors":[],"sentCount":2},"cbtSessionEvents":{"errors":[],"failedCount":0,"triggeredCount":0,"sentCount":0},"buildEvents":{"started":{"error":null,"triggered":true,"status":"success"},"finished":{"error":null,"triggered":true,"status":"success"}}}}},"detectedSeleniumVersion":"null","browserStackConfig":{"browserstackLocal":true,"percy":false,"logLevel":"info","staticWebDriver":true,"autoDetectFramework":true,"percyCaptureMode":"MANUAL","browserStackLocalOptions":{"localIdentifier":"06_Aug_1351_DESKTOP_13RHPFK_Mw7o","key":"****"},"percyOptions":null,"testContextOptions":{"skipSessionName":false,"serenityOverridePlugin":false,"skipSessionStatus":false},"platforms":[{"browserVersion":null,"device":"Samsung Galaxy S23","osVersion":null,"os":null,"browser":null,"capabilities":{"platformVersion":13.0,"platformName":"android","deviceName":"Samsung Galaxy S23"},"platformCaps":{"platformVersion":13.0,"platformName":"android","deviceName":"Samsung Galaxy S23"},"platformString":"Samsung Galaxy S23, 13.0","customVariables":"****"}],"parallelsPerPlatform":1,"framework":"testng","accessibility":false,"accessibilityOptions":{},"turboScaleOptions":{},"disableAutoCaptureLogs":true,"testObservability":true,"browserstackAutomation":true,"turboScale":false,"testObservabilityOptions":{},"gradleMConfig":null,"proxySettings":null},"seleniumVersion":""}}
13:52:06.073 [Thread-0] DEBUG c.b.utils.FunnelInstrumentation - API Event SDKTestSuccessful response - {"message":"SDK Event recorded successfully"}
13:52:07.934 [Thread-0] DEBUG c.browserstack.utils.UtilityMethods - Browserstack Gradle-M Config File does not exist.
13:52:31.929 [main] DEBUG c.b.config.BrowserStackConfig - Cli Config passed - {}
13:52:32.471 [main] DEBUG c.b.logger.BrowserstackLoggerFactory - Log Level set to TRACE for logger com.browserstack
13:52:32.471 [main] DEBUG c.b.logger.BrowserstackLoggerFactory - Log Level set to INFO for logger stdoutPrinter
13:52:32.566 [main] DEBUG c.b.utils.FrameworkDetectionUtils - Java command - com.intellij.rt.testng.RemoteTestNGStarter -usedefaultlisteners false -socket56293 @w@C:\Users\Hp\AppData\Local\Temp\idea_working_dirs_testng.tmp -temp C:\Users\Hp\AppData\Local\Temp\idea_testng.tmp
13:52:32.566 [main] DEBUG c.b.utils.FrameworkDetectionUtils - Test classes detected: 
13:52:32.573 [main] DEBUG c.b.utils.FrameworkDetectionUtils - Runner: testng, Engine: none
13:52:32.585 [main] DEBUG c.b.utils.FrameworkDetectionUtils - Runner: testng, Engine: none from dependencies
13:52:32.585 [main] DEBUG c.b.utils.FrameworkDetectionUtils - Detected final framework as: testng
13:52:32.585 [main] DEBUG c.browserstack.BrowserStackJavaAgent - JavaAgent Version 1.20.2
13:52:32.612 [main] DEBUG c.b.utils.ExitSignalHandler - Registered handler for INT
13:52:32.612 [main] DEBUG c.b.utils.ExitSignalHandler - Registered handler for TERM
13:52:32.612 [main] DEBUG c.b.utils.ExitSignalHandler - Unable to attach signal handler for HUP Unknown signal: HUP
13:52:32.612 [main] DEBUG c.b.utils.ExitSignalHandler - Registered handler for ABRT
13:52:33.191 [Thread-1] DEBUG c.browserstack.utils.UtilityMethods - NEXT HUBS ARE: ["hub-aps.browserstack.com","hub-euw.browserstack.com","hub-apse.browserstack.com"]
13:52:33.494 [main] DEBUG c.browserstack.utils.UtilityMethods - EXECUTION TIME OF hub-aps.browserstack.com HUB IS: 293ms
13:52:34.389 [main] DEBUG c.browserstack.utils.UtilityMethods - EXECUTION TIME OF hub-euw.browserstack.com HUB IS: 883ms
13:52:35.367 [main] DEBUG c.browserstack.utils.UtilityMethods - EXECUTION TIME OF hub-apse.browserstack.com HUB IS: 977ms
13:52:35.371 [main] DEBUG c.browserstack.utils.UtilityMethods - NEAREST HUB ALLOCATED IS - hub-aps.browserstack.com
13:52:35.382 [main] DEBUG c.b.utils.FunnelInstrumentation - Sending funnel data for SDKTestAttempted with data: {"event_type":"SDKTestAttempted","accessKey":"cdWAYU5meFd1rax23PEp","userName":"nayankumar_Rp0sMa","event_properties":{"product":"[app-automate, observability]","buildName":"browserstack build","os":"Windows 11","languageVersion":"18.0.2.1","appiumVersion":"9.0.0","frameworkDetectionInstrumentation":{"parseLoadClass":6,"parseDependencies":12},"language":"java","sdkRunId":"048fb364-38cd-4dcf-a95b-b54f8fdf30ca","buildIdentifier":"#16","userFramework":"testng","testhub_uuid":"","detectedAppiumVersion":"null","detectedDependencies":"testng","productMap":{"app_automate":true,"accessibility":false,"automate":false,"percy":false,"observability":true},"referrer":"testng-javaagent\/1.20.2","hostname":"DESKTOP-13RHPFK","language_framework":"java_testng","detectedFramework":"testng","detectedSeleniumVersion":"null","seleniumVersion":""}}
13:52:36.398 [main] DEBUG c.b.utils.FunnelInstrumentation - API Event SDKTestAttempted response - {"message":"SDK Event recorded successfully"}
13:52:36.642 [main] DEBUG c.browserstack.testOps.RequestUtils - [ TESTHUB ] Processing Request Kind launchTestSession
13:52:36.642 [main] DEBUG c.browserstack.testOps.RequestUtils - [requestToTestOps] Sending Observability request: POST api/v2/builds with request size 1330
13:52:38.016 [main] DEBUG c.browserstack.testOps.RequestUtils - requestToTestOps: Response code: 200
13:52:38.017 [main] DEBUG com.browserstack.testOps.Listener - BROWSERSTACK_TESTHUB_UUID : jnt8jkeeyjctmqqgnq4jtjwxyzbssozqudc5pshq
13:52:38.018 [main] DEBUG com.browserstack.testOps.Listener - [ TESTHUB ] Build creation successfull
13:52:38.021 [main] DEBUG com.browserstack.LocalFactory - Starting BrowserStack Local with identifier 06_Aug_1352_DESKTOP_13RHPFK_JAeO
13:52:43.218 [main] DEBUG c.b.t.XMLSuiteClassListener - Number of parallels - 1 and number of platforms - 1
13:52:43.505 [main] DEBUG com.browserstack.testOps.Listener - [ TESTHUB ] Processing Request Kind LogCreated
13:52:43.509 [main] DEBUG com.browserstack.testOps.Listener - [ TESTHUB ] Processing Request Kind LogCreated
13:52:43.514 [main] DEBUG com.browserstack.testOps.Listener - [ TESTHUB ] Processing Request Kind LogCreated
13:52:43.514 [main] DEBUG com.browserstack.testOps.Listener - [ TESTHUB ] Processing Request Kind LogCreated
13:52:43.514 [main] DEBUG com.browserstack.testOps.Listener - [ TESTHUB ] Processing Request Kind LogCreated
13:52:43.526 [main] DEBUG com.browserstack.testOps.Listener - [ TESTHUB ] Processing Request Kind LogCreated
13:52:43.526 [main] DEBUG com.browserstack.testOps.Listener - [ TESTHUB ] Processing Request Kind LogCreated
13:52:43.526 [main] DEBUG com.browserstack.testOps.Listener - [ TESTHUB ] Processing Request Kind LogCreated
13:52:43.526 [main] DEBUG com.browserstack.testOps.Listener - [ TESTHUB ] Processing Request Kind LogCreated
13:52:43.526 [main] DEBUG com.browserstack.testOps.Listener - [ TESTHUB ] Processing Request Kind LogCreated
13:52:43.535 [main] DEBUG com.browserstack.testOps.Listener - [ TESTHUB ] Processing Request Kind LogCreated
13:52:43.536 [main] DEBUG c.browserstack.utils.LogReportingAPI - [2024-08-06T08:22:43.536517500Z][ OBSERVABILITY ] Processing Logs patching stream
13:52:43.585 [configureAppium@0] DEBUG c.b.testNgListeners.TestNGUtils - [populateTestDataForBSTestOps] Event Type :: HookRunStarted, Method ClassName :: testBaseUtils.WFlashBeforeEachTestAndroid 
13:52:43.585 [configureAppium@0] DEBUG c.browserstack.utils.UtilityMethods - [findFileMatcher] Current Path is :: C:\Users\Hp\Documents\IntelliJ Projects\AppiumPOMProject, TestClass :: testBaseUtils\WFlashBeforeEachTestAndroid
13:52:43.600 [configureAppium@0] DEBUG c.b.testNgListeners.TestNGUtils - [populateTestDataForBSTestOps] The filename fetched :: C:\Users\Hp\Documents\IntelliJ Projects\AppiumPOMProject\src\test\java\testBaseUtils\WFlashBeforeEachTestAndroid.java, fileSeparator :: \, AbsolutePath :: C:\Users\Hp\Documents\IntelliJ Projects\AppiumPOMProject\., Normalized Path :: C:\Users\Hp\Documents\IntelliJ Projects\AppiumPOMProject, File.Separator :: \
13:52:43.601 [configureAppium@0] DEBUG c.b.testNgListeners.TestNGUtils - [populateTestDataForBSTestOps] Replaced File Name is :: AppiumPOMProject\src\test\java\testBaseUtils\WFlashBeforeEachTestAndroid.java, Absolute Path :: C:\Users\Hp\Documents\IntelliJ Projects\AppiumPOMProject\.., Normalized Path :: C:\Users\Hp\Documents\IntelliJ Projects 
13:52:43.603 [configureAppium@0] DEBUG com.browserstack.testOps.Listener - [ TESTHUB ] Processing Request Kind HookRunStarted
13:52:43.899 [configureAppium@0] DEBUG c.browserstack.utils.UtilityMethods - [Patch]: SDK enabled, patching remote server
13:52:43.903 [configureAppium@0] DEBUG c.b.selenium.SeleniumHandler - beforeDriverInit: SDK enabled. Thread ID: 43
13:52:43.908 [configureAppium@0] DEBUG c.browserstack.utils.UtilityMethods - [Patch]: SDK enabled, patching remote server
13:52:44.069 [AppiumPOMProject-0@0] DEBUG c.b.testNgListeners.TestNGUtils - [populateTestDataForBSTestOps] Event Type :: TestRunStarted, Test ClassName :: GroupID.FlashTestClass
13:52:44.069 [AppiumPOMProject-0@0] DEBUG c.browserstack.utils.UtilityMethods - [findFileMatcher] Current Path is :: C:\Users\Hp\Documents\IntelliJ Projects\AppiumPOMProject, TestClass :: GroupID\FlashObjectOptimised
13:52:44.082 [AppiumPOMProject-0@0] DEBUG c.b.testNgListeners.TestNGUtils - [populateTestDataForBSTestOps] The filename fetched :: C:\Users\Hp\Documents\IntelliJ Projects\AppiumPOMProject\src\test\java\GroupID\FlashObjectOptimised.java, fileSeparator :: \, AbsolutePath :: C:\Users\Hp\Documents\IntelliJ Projects\AppiumPOMProject\., Normalized Path :: C:\Users\Hp\Documents\IntelliJ Projects\AppiumPOMProject, File.Separator :: \
13:52:44.082 [AppiumPOMProject-0@0] DEBUG c.b.testNgListeners.TestNGUtils - [populateTestDataForBSTestOps] Replaced File Name is :: AppiumPOMProject\src\test\java\GroupID\FlashObjectOptimised.java, Absolute Path :: C:\Users\Hp\Documents\IntelliJ Projects\AppiumPOMProject\.., Normalized Path :: C:\Users\Hp\Documents\IntelliJ Projects 
13:52:44.086 [AppiumPOMProject-0@0] DEBUG com.browserstack.testOps.Listener - [ TESTHUB ] Processing Request Kind TestRunStarted
13:52:44.088 [AppiumTest1@0] DEBUG c.b.testNgListeners.TestNGUtils - [populateTestDataForBSTestOps] Event Type :: HookRunFinished, Method ClassName :: testBaseUtils.WFlashBeforeEachTestAndroid 
13:52:44.088 [AppiumTest1@0] DEBUG c.browserstack.utils.UtilityMethods - [findFileMatcher] Current Path is :: C:\Users\Hp\Documents\IntelliJ Projects\AppiumPOMProject, TestClass :: testBaseUtils\WFlashBeforeEachTestAndroid
13:52:44.101 [AppiumTest1@0] DEBUG c.b.testNgListeners.TestNGUtils - [populateTestDataForBSTestOps] The filename fetched :: C:\Users\Hp\Documents\IntelliJ Projects\AppiumPOMProject\src\test\java\testBaseUtils\WFlashBeforeEachTestAndroid.java, fileSeparator :: \, AbsolutePath :: C:\Users\Hp\Documents\IntelliJ Projects\AppiumPOMProject\., Normalized Path :: C:\Users\Hp\Documents\IntelliJ Projects\AppiumPOMProject, File.Separator :: \
13:52:44.101 [AppiumTest1@0] DEBUG c.b.testNgListeners.TestNGUtils - [populateTestDataForBSTestOps] Replaced File Name is :: AppiumPOMProject\src\test\java\testBaseUtils\WFlashBeforeEachTestAndroid.java, Absolute Path :: C:\Users\Hp\Documents\IntelliJ Projects\AppiumPOMProject\.., Normalized Path :: C:\Users\Hp\Documents\IntelliJ Projects 
13:52:44.102 [AppiumTest1@0] DEBUG com.browserstack.testOps.Listener - [ TESTHUB ] Processing Request Kind HookRunFinished
13:52:44.102 [AppiumTest1@0] DEBUG c.b.testNgListeners.TestNGUtils - [populateTestDataForBSTestOps] Event Type :: TestRunSkipped, Test ClassName :: GroupID.FlashTestClass
13:52:44.102 [AppiumTest1@0] DEBUG c.browserstack.utils.UtilityMethods - [findFileMatcher] Current Path is :: C:\Users\Hp\Documents\IntelliJ Projects\AppiumPOMProject, TestClass :: GroupID\FlashObjectOptimised
13:52:44.115 [AppiumTest1@0] DEBUG c.b.testNgListeners.TestNGUtils - [populateTestDataForBSTestOps] The filename fetched :: C:\Users\Hp\Documents\IntelliJ Projects\AppiumPOMProject\src\test\java\GroupID\FlashObjectOptimised.java, fileSeparator :: \, AbsolutePath :: C:\Users\Hp\Documents\IntelliJ Projects\AppiumPOMProject\., Normalized Path :: C:\Users\Hp\Documents\IntelliJ Projects\AppiumPOMProject, File.Separator :: \
13:52:44.115 [AppiumTest1@0] DEBUG c.b.testNgListeners.TestNGUtils - [populateTestDataForBSTestOps] Replaced File Name is :: AppiumPOMProject\src\test\java\GroupID\FlashObjectOptimised.java, Absolute Path :: C:\Users\Hp\Documents\IntelliJ Projects\AppiumPOMProject\.., Normalized Path :: C:\Users\Hp\Documents\IntelliJ Projects 
13:52:44.119 [AppiumTest1@0] DEBUG com.browserstack.testOps.Listener - [ TESTHUB ] Processing Request Kind TestRunFinished
13:52:44.119 [AppiumTest1@0] DEBUG c.browserstack.utils.LogReportingAPI - sendSync failed - driver not found
13:52:44.123 [AppiumPOMProject-0@0] DEBUG c.b.testNgListeners.TestNGUtils - [populateTestDataForBSTestOps] Event Type :: TestRunStarted, Test ClassName :: GroupID.FlashTestClass
13:52:44.123 [AppiumPOMProject-0@0] DEBUG c.browserstack.utils.UtilityMethods - [findFileMatcher] Current Path is :: C:\Users\Hp\Documents\IntelliJ Projects\AppiumPOMProject, TestClass :: GroupID\FlashObjectOptimised
13:52:44.136 [AppiumPOMProject-0@0] DEBUG c.b.testNgListeners.TestNGUtils - [populateTestDataForBSTestOps] The filename fetched :: C:\Users\Hp\Documents\IntelliJ Projects\AppiumPOMProject\src\test\java\GroupID\FlashObjectOptimised.java, fileSeparator :: \, AbsolutePath :: C:\Users\Hp\Documents\IntelliJ Projects\AppiumPOMProject\., Normalized Path :: C:\Users\Hp\Documents\IntelliJ Projects\AppiumPOMProject, File.Separator :: \
13:52:44.136 [AppiumPOMProject-0@0] DEBUG c.b.testNgListeners.TestNGUtils - [populateTestDataForBSTestOps] Replaced File Name is :: AppiumPOMProject\src\test\java\GroupID\FlashObjectOptimised.java, Absolute Path :: C:\Users\Hp\Documents\IntelliJ Projects\AppiumPOMProject\.., Normalized Path :: C:\Users\Hp\Documents\IntelliJ Projects 
13:52:44.140 [AppiumPOMProject-0@0] DEBUG com.browserstack.testOps.Listener - [ TESTHUB ] Processing Request Kind TestRunStarted
13:52:44.142 [AppiumTest1@0] DEBUG c.b.testNgListeners.TestNGUtils - [populateTestDataForBSTestOps] Event Type :: TestRunSkipped, Test ClassName :: GroupID.FlashTestClass
13:52:44.142 [AppiumTest1@0] DEBUG c.browserstack.utils.UtilityMethods - [findFileMatcher] Current Path is :: C:\Users\Hp\Documents\IntelliJ Projects\AppiumPOMProject, TestClass :: GroupID\FlashObjectOptimised
13:52:44.155 [AppiumTest1@0] DEBUG c.b.testNgListeners.TestNGUtils - [populateTestDataForBSTestOps] The filename fetched :: C:\Users\Hp\Documents\IntelliJ Projects\AppiumPOMProject\src\test\java\GroupID\FlashObjectOptimised.java, fileSeparator :: \, AbsolutePath :: C:\Users\Hp\Documents\IntelliJ Projects\AppiumPOMProject\., Normalized Path :: C:\Users\Hp\Documents\IntelliJ Projects\AppiumPOMProject, File.Separator :: \
13:52:44.155 [AppiumTest1@0] DEBUG c.b.testNgListeners.TestNGUtils - [populateTestDataForBSTestOps] Replaced File Name is :: AppiumPOMProject\src\test\java\GroupID\FlashObjectOptimised.java, Absolute Path :: C:\Users\Hp\Documents\IntelliJ Projects\AppiumPOMProject\.., Normalized Path :: C:\Users\Hp\Documents\IntelliJ Projects 
13:52:44.159 [AppiumTest1@0] DEBUG com.browserstack.testOps.Listener - [ TESTHUB ] Processing Request Kind TestRunFinished
13:52:44.160 [AppiumTest1@0] DEBUG c.browserstack.utils.LogReportingAPI - sendSync failed - driver not found
13:52:44.162 [AppiumPOMProject-0@0] DEBUG c.b.testNgListeners.TestNGUtils - [populateTestDataForBSTestOps] Event Type :: TestRunStarted, Test ClassName :: GroupID.FlashTestClass
13:52:44.162 [AppiumPOMProject-0@0] DEBUG c.browserstack.utils.UtilityMethods - [findFileMatcher] Current Path is :: C:\Users\Hp\Documents\IntelliJ Projects\AppiumPOMProject, TestClass :: GroupID\FlashObjectOptimised
13:52:44.175 [AppiumPOMProject-0@0] DEBUG c.b.testNgListeners.TestNGUtils - [populateTestDataForBSTestOps] The filename fetched :: C:\Users\Hp\Documents\IntelliJ Projects\AppiumPOMProject\src\test\java\GroupID\FlashObjectOptimised.java, fileSeparator :: \, AbsolutePath :: C:\Users\Hp\Documents\IntelliJ Projects\AppiumPOMProject\., Normalized Path :: C:\Users\Hp\Documents\IntelliJ Projects\AppiumPOMProject, File.Separator :: \
13:52:44.175 [AppiumPOMProject-0@0] DEBUG c.b.testNgListeners.TestNGUtils - [populateTestDataForBSTestOps] Replaced File Name is :: AppiumPOMProject\src\test\java\GroupID\FlashObjectOptimised.java, Absolute Path :: C:\Users\Hp\Documents\IntelliJ Projects\AppiumPOMProject\.., Normalized Path :: C:\Users\Hp\Documents\IntelliJ Projects 
13:52:44.178 [AppiumPOMProject-0@0] DEBUG com.browserstack.testOps.Listener - [ TESTHUB ] Processing Request Kind TestRunStarted
13:52:44.180 [AppiumTest1@0] DEBUG c.b.testNgListeners.TestNGUtils - [populateTestDataForBSTestOps] Event Type :: TestRunSkipped, Test ClassName :: GroupID.FlashTestClass
13:52:44.180 [AppiumTest1@0] DEBUG c.browserstack.utils.UtilityMethods - [findFileMatcher] Current Path is :: C:\Users\Hp\Documents\IntelliJ Projects\AppiumPOMProject, TestClass :: GroupID\FlashObjectOptimised
13:52:44.192 [AppiumTest1@0] DEBUG c.b.testNgListeners.TestNGUtils - [populateTestDataForBSTestOps] The filename fetched :: C:\Users\Hp\Documents\IntelliJ Projects\AppiumPOMProject\src\test\java\GroupID\FlashObjectOptimised.java, fileSeparator :: \, AbsolutePath :: C:\Users\Hp\Documents\IntelliJ Projects\AppiumPOMProject\., Normalized Path :: C:\Users\Hp\Documents\IntelliJ Projects\AppiumPOMProject, File.Separator :: \
13:52:44.192 [AppiumTest1@0] DEBUG c.b.testNgListeners.TestNGUtils - [populateTestDataForBSTestOps] Replaced File Name is :: AppiumPOMProject\src\test\java\GroupID\FlashObjectOptimised.java, Absolute Path :: C:\Users\Hp\Documents\IntelliJ Projects\AppiumPOMProject\.., Normalized Path :: C:\Users\Hp\Documents\IntelliJ Projects 
13:52:44.196 [AppiumTest1@0] DEBUG com.browserstack.testOps.Listener - [ TESTHUB ] Processing Request Kind TestRunFinished
13:52:44.196 [AppiumTest1@0] DEBUG c.browserstack.utils.LogReportingAPI - sendSync failed - driver not found
13:52:44.199 [AppiumPOMProject-0@0] DEBUG c.b.testNgListeners.TestNGUtils - [populateTestDataForBSTestOps] Event Type :: TestRunStarted, Test ClassName :: GroupID.FlashTestClass
13:52:44.200 [AppiumPOMProject-0@0] DEBUG c.browserstack.utils.UtilityMethods - [findFileMatcher] Current Path is :: C:\Users\Hp\Documents\IntelliJ Projects\AppiumPOMProject, TestClass :: GroupID\FlashObjectOptimised
13:52:44.213 [AppiumPOMProject-0@0] DEBUG c.b.testNgListeners.TestNGUtils - [populateTestDataForBSTestOps] The filename fetched :: C:\Users\Hp\Documents\IntelliJ Projects\AppiumPOMProject\src\test\java\GroupID\FlashObjectOptimised.java, fileSeparator :: \, AbsolutePath :: C:\Users\Hp\Documents\IntelliJ Projects\AppiumPOMProject\., Normalized Path :: C:\Users\Hp\Documents\IntelliJ Projects\AppiumPOMProject, File.Separator :: \
13:52:44.213 [AppiumPOMProject-0@0] DEBUG c.b.testNgListeners.TestNGUtils - [populateTestDataForBSTestOps] Replaced File Name is :: AppiumPOMProject\src\test\java\GroupID\FlashObjectOptimised.java, Absolute Path :: C:\Users\Hp\Documents\IntelliJ Projects\AppiumPOMProject\.., Normalized Path :: C:\Users\Hp\Documents\IntelliJ Projects 
13:52:44.216 [AppiumPOMProject-0@0] DEBUG com.browserstack.testOps.Listener - [ TESTHUB ] Processing Request Kind TestRunStarted
13:52:44.217 [AppiumTest1@0] DEBUG c.b.testNgListeners.TestNGUtils - [populateTestDataForBSTestOps] Event Type :: TestRunSkipped, Test ClassName :: GroupID.FlashTestClass
13:52:44.217 [AppiumTest1@0] DEBUG c.browserstack.utils.UtilityMethods - [findFileMatcher] Current Path is :: C:\Users\Hp\Documents\IntelliJ Projects\AppiumPOMProject, TestClass :: GroupID\FlashObjectOptimised
13:52:44.227 [AppiumTest1@0] DEBUG c.b.testNgListeners.TestNGUtils - [populateTestDataForBSTestOps] The filename fetched :: C:\Users\Hp\Documents\IntelliJ Projects\AppiumPOMProject\src\test\java\GroupID\FlashObjectOptimised.java, fileSeparator :: \, AbsolutePath :: C:\Users\Hp\Documents\IntelliJ Projects\AppiumPOMProject\., Normalized Path :: C:\Users\Hp\Documents\IntelliJ Projects\AppiumPOMProject, File.Separator :: \
13:52:44.227 [AppiumTest1@0] DEBUG c.b.testNgListeners.TestNGUtils - [populateTestDataForBSTestOps] Replaced File Name is :: AppiumPOMProject\src\test\java\GroupID\FlashObjectOptimised.java, Absolute Path :: C:\Users\Hp\Documents\IntelliJ Projects\AppiumPOMProject\.., Normalized Path :: C:\Users\Hp\Documents\IntelliJ Projects 
13:52:44.231 [AppiumTest1@0] DEBUG com.browserstack.testOps.Listener - [ TESTHUB ] Processing Request Kind TestRunFinished
13:52:44.231 [AppiumTest1@0] DEBUG c.browserstack.utils.LogReportingAPI - sendSync failed - driver not found
13:52:44.236 [main] DEBUG com.browserstack.testOps.Listener - [ TESTHUB ] Processing Request Kind LogCreated
13:52:44.237 [Thread-0] DEBUG c.browserstack.BrowserStackJavaAgent - Starting final execution
13:52:44.238 [Thread-0] DEBUG c.b.u.ObservabilityUtilityMethods - Processing batch requests with type: Global
13:52:44.238 [Thread-0] DEBUG c.browserstack.utils.LogReportingAPI - [2024-08-06T08:22:44.238869200Z][ OBSERVABILITY ] Processing stop observability
13:52:44.240 [pool-5-thread-1] DEBUG c.browserstack.utils.RequestBatcher - Processing Batch 22

13:52:44.243 [pool-5-thread-1] DEBUG c.browserstack.testOps.RequestUtils - [requestToTestOps] Sending Observability request: POST api/v1/batch with request size 33228
13:52:44.726 [pool-5-thread-1] DEBUG c.browserstack.testOps.RequestUtils - requestToTestOps: Response code: 200
13:52:44.726 [pool-5-thread-1] DEBUG c.browserstack.utils.LogReportingAPI - 
[2024-08-06T08:22:44.726689400Z][ TESTHUB ] Batch event successfull!

13:52:44.726 [Thread-0] DEBUG c.browserstack.testOps.RequestUtils - [ TESTHUB ] Processing Request Kind stopBuildUpstream
13:52:44.727 [Thread-0] DEBUG c.browserstack.testOps.RequestUtils - [requestToTestOps] Sending Observability request: PUT api/v1/builds/jnt8jkeeyjctmqqgnq4jtjwxyzbssozqudc5pshq/stop with request size 65
13:52:44.990 [Thread-0] DEBUG c.browserstack.testOps.RequestUtils - requestToTestOps: Response code: 200
13:52:44.991 [Thread-0] DEBUG com.browserstack.testOps.Listener - Testhub stop response: 
13:52:47.199 [Thread-0] DEBUG com.browserstack.testOps.UsageStats - getFormattedData: Collecting data for TestObservability
13:52:47.199 [Thread-0] DEBUG com.browserstack.testOps.UsageStats - getEventStats: Getting event data for TestObservability
13:52:47.201 [Thread-0] DEBUG com.browserstack.testOps.UsageStats - [OBSERVABILITY] Failed to parse data from workers
13:52:47.255 [Thread-0] DEBUG c.b.utils.FunnelInstrumentation - Sending funnel data for SDKTestSuccessful with data: {"event_type":"SDKTestSuccessful","accessKey":"cdWAYU5meFd1rax23PEp","userName":"nayankumar_Rp0sMa","event_properties":{"product":"[app-automate, observability]","buildName":"browserstack build","os":"Windows 11","languageVersion":"18.0.2.1","appiumVersion":"9.0.0","frameworkDetectionInstrumentation":{"parseLoadClass":6,"ret-org.openqa.selenium.remote.RemoteWebDriver":283,"retransformClasses":283,"parseDependencies":12},"language":"java","sdkRunId":"048fb364-38cd-4dcf-a95b-b54f8fdf30ca","buildIdentifier":"#16","userFramework":"testng","testhub_uuid":"jnt8jkeeyjctmqqgnq4jtjwxyzbssozqudc5pshq","detectedAppiumVersion":"null","detectedDependencies":"testng","productMap":{"app_automate":true,"accessibility":false,"automate":false,"percy":false,"observability":true},"referrer":"testng-javaagent\/1.20.2","hostname":"DESKTOP-13RHPFK","measures":{"local:start":4710,"sdk:setup":11317,"local:stop":2207},"language_framework":"java_testng","detectedFramework":"testng","productUsage":{"testObservability":{"buildHashedId":"jnt8jkeeyjctmqqgnq4jtjwxyzbssozqudc5pshq","manuallySet":false,"enabled":true,"events":{"hookEvents":{"started":{"errors":[],"sentCount":1,"triggeredCount":1,"failedCount":0},"finished":{"triggeredCount":1,"failedCount":0,"errors":[],"sentCount":1},"failed":{"errors":[],"sentCount":1,"triggeredCount":1,"failedCount":0}},"logEvents":{"errors":[],"sentCount":12,"triggeredCount":12,"failedCount":0,"log":{"errors":[],"sentCount":12,"triggeredCount":12,"failedCount":0}},"testEvents":{"started":{"errors":[],"sentCount":4,"triggeredCount":4,"failedCount":0},"finished":{"triggeredCount":4,"failedCount":0,"errors":[],"sentCount":4},"skipped":{"errors":[],"sentCount":4,"triggeredCount":4,"failedCount":0}},"batchEvents":{"triggeredCount":1,"failedCount":0,"errors":[],"sentCount":1},"cbtSessionEvents":{"errors":[],"sentCount":0,"triggeredCount":0,"failedCount":0},"buildEvents":{"started":{"error":null,"status":"success","triggered":true},"finished":{"error":null,"status":"success","triggered":true}}}}},"detectedSeleniumVersion":"null","browserStackConfig":{"browserstackLocal":true,"percy":false,"logLevel":"info","staticWebDriver":true,"autoDetectFramework":true,"percyCaptureMode":"MANUAL","browserStackLocalOptions":{"localIdentifier":"06_Aug_1352_DESKTOP_13RHPFK_JAeO","key":"****"},"percyOptions":null,"testContextOptions":{"skipSessionStatus":false,"skipSessionName":false,"serenityOverridePlugin":false},"platforms":[{"browser":null,"os":null,"browserVersion":null,"device":"Samsung Galaxy S23","capabilities":{"platformVersion":13.0,"platformName":"android","deviceName":"Samsung Galaxy S23"},"osVersion":null,"platformCaps":{"platformVersion":13.0,"platformName":"android","deviceName":"Samsung Galaxy S23"},"platformString":"Samsung Galaxy S23, 13.0","customVariables":"****"}],"parallelsPerPlatform":1,"framework":"testng","accessibility":false,"accessibilityOptions":{},"turboScaleOptions":{},"disableAutoCaptureLogs":true,"testObservability":true,"browserstackAutomation":true,"turboScale":false,"testObservabilityOptions":{},"gradleMConfig":null,"proxySettings":null},"seleniumVersion":""}}
13:52:47.587 [Thread-0] DEBUG c.b.utils.FunnelInstrumentation - API Event SDKTestSuccessful response - {"message":"SDK Event recorded successfully"}
13:52:49.480 [Thread-0] DEBUG c.browserstack.utils.UtilityMethods - Browserstack Gradle-M Config File does not exist.
14:01:11.106 [main] DEBUG c.b.config.BrowserStackConfig - Cli Config passed - {}
14:01:11.426 [main] DEBUG c.b.logger.BrowserstackLoggerFactory - Log Level set to TRACE for logger com.browserstack
14:01:11.426 [main] DEBUG c.b.logger.BrowserstackLoggerFactory - Log Level set to INFO for logger stdoutPrinter
14:01:11.525 [main] DEBUG c.b.utils.FrameworkDetectionUtils - Java command - com.intellij.rt.testng.RemoteTestNGStarter -usedefaultlisteners false -socket57232 @w@C:\Users\Hp\AppData\Local\Temp\idea_working_dirs_testng.tmp -temp C:\Users\Hp\AppData\Local\Temp\idea_testng.tmp
14:01:11.525 [main] DEBUG c.b.utils.FrameworkDetectionUtils - Test classes detected: 
14:01:11.532 [main] DEBUG c.b.utils.FrameworkDetectionUtils - Runner: testng, Engine: none
14:01:11.547 [main] DEBUG c.b.utils.FrameworkDetectionUtils - Runner: testng, Engine: none from dependencies
14:01:11.547 [main] DEBUG c.b.utils.FrameworkDetectionUtils - Detected final framework as: testng
14:01:11.547 [main] DEBUG c.browserstack.BrowserStackJavaAgent - JavaAgent Version 1.20.2
14:01:11.550 [main] DEBUG c.b.utils.ExitSignalHandler - Registered handler for INT
14:01:11.550 [main] DEBUG c.b.utils.ExitSignalHandler - Registered handler for TERM
14:01:11.550 [main] DEBUG c.b.utils.ExitSignalHandler - Unable to attach signal handler for HUP Unknown signal: HUP
14:01:11.550 [main] DEBUG c.b.utils.ExitSignalHandler - Registered handler for ABRT
14:01:11.957 [Thread-1] DEBUG c.browserstack.utils.UtilityMethods - NEXT HUBS ARE: ["hub-aps.browserstack.com","hub-euw.browserstack.com","hub-apse.browserstack.com"]
14:01:12.231 [main] DEBUG c.browserstack.utils.UtilityMethods - EXECUTION TIME OF hub-aps.browserstack.com HUB IS: 272ms
14:01:13.173 [main] DEBUG c.browserstack.utils.UtilityMethods - EXECUTION TIME OF hub-euw.browserstack.com HUB IS: 938ms
14:01:14.141 [main] DEBUG c.browserstack.utils.UtilityMethods - EXECUTION TIME OF hub-apse.browserstack.com HUB IS: 968ms
14:01:14.142 [main] DEBUG c.browserstack.utils.UtilityMethods - NEAREST HUB ALLOCATED IS - hub-aps.browserstack.com
14:01:14.161 [main] DEBUG c.b.utils.FunnelInstrumentation - Sending funnel data for SDKTestAttempted with data: {"event_type":"SDKTestAttempted","accessKey":"cdWAYU5meFd1rax23PEp","userName":"nayankumar_Rp0sMa","event_properties":{"product":"[app-automate, observability]","buildName":"browserstack build","os":"Windows 11","languageVersion":"18.0.2.1","appiumVersion":"9.0.0","frameworkDetectionInstrumentation":{"parseLoadClass":6,"parseDependencies":14},"language":"java","sdkRunId":"b5cfd7b1-04a7-448a-bfe0-63ff768b7c18","buildIdentifier":"#17","userFramework":"testng","testhub_uuid":"","detectedAppiumVersion":"null","detectedDependencies":"testng","productMap":{"app_automate":true,"accessibility":false,"automate":false,"percy":false,"observability":true},"referrer":"testng-javaagent\/1.20.2","hostname":"DESKTOP-13RHPFK","language_framework":"java_testng","detectedFramework":"testng","detectedSeleniumVersion":"null","seleniumVersion":""}}
14:01:14.584 [main] DEBUG c.b.utils.FunnelInstrumentation - API Event SDKTestAttempted response - {"message":"SDK Event recorded successfully"}
14:01:14.803 [main] DEBUG c.browserstack.testOps.RequestUtils - [ TESTHUB ] Processing Request Kind launchTestSession
14:01:14.803 [main] DEBUG c.browserstack.testOps.RequestUtils - [requestToTestOps] Sending Observability request: POST api/v2/builds with request size 1330
14:01:16.322 [main] DEBUG c.browserstack.testOps.RequestUtils - requestToTestOps: Response code: 200
14:01:16.323 [main] DEBUG com.browserstack.testOps.Listener - BROWSERSTACK_TESTHUB_UUID : lzqf48j29hgkge3zofioesd4q8ck5nac8qojdrvq
14:01:16.323 [main] DEBUG com.browserstack.testOps.Listener - [ TESTHUB ] Build creation successfull
14:01:16.327 [main] DEBUG com.browserstack.LocalFactory - Starting BrowserStack Local with identifier 06_Aug_141_DESKTOP_13RHPFK_BqmJ
14:01:22.290 [main] DEBUG c.b.t.XMLSuiteClassListener - Number of parallels - 1 and number of platforms - 1
14:01:22.607 [main] DEBUG com.browserstack.testOps.Listener - [ TESTHUB ] Processing Request Kind LogCreated
14:01:22.611 [main] DEBUG com.browserstack.testOps.Listener - [ TESTHUB ] Processing Request Kind LogCreated
14:01:22.615 [main] DEBUG com.browserstack.testOps.Listener - [ TESTHUB ] Processing Request Kind LogCreated
14:01:22.615 [main] DEBUG com.browserstack.testOps.Listener - [ TESTHUB ] Processing Request Kind LogCreated
14:01:22.615 [main] DEBUG com.browserstack.testOps.Listener - [ TESTHUB ] Processing Request Kind LogCreated
14:01:22.623 [main] DEBUG com.browserstack.testOps.Listener - [ TESTHUB ] Processing Request Kind LogCreated
14:01:22.623 [main] DEBUG com.browserstack.testOps.Listener - [ TESTHUB ] Processing Request Kind LogCreated
14:01:22.623 [main] DEBUG com.browserstack.testOps.Listener - [ TESTHUB ] Processing Request Kind LogCreated
14:01:22.624 [main] DEBUG com.browserstack.testOps.Listener - [ TESTHUB ] Processing Request Kind LogCreated
14:01:22.624 [main] DEBUG com.browserstack.testOps.Listener - [ TESTHUB ] Processing Request Kind LogCreated
14:01:22.630 [main] DEBUG com.browserstack.testOps.Listener - [ TESTHUB ] Processing Request Kind LogCreated
14:01:22.630 [main] DEBUG c.browserstack.utils.LogReportingAPI - [2024-08-06T08:31:22.630162900Z][ OBSERVABILITY ] Processing Logs patching stream
14:01:22.677 [configureAppium@0] DEBUG c.b.testNgListeners.TestNGUtils - [populateTestDataForBSTestOps] Event Type :: HookRunStarted, Method ClassName :: testBaseUtils.WFlashBeforeEachTestAndroid 
14:01:22.677 [configureAppium@0] DEBUG c.browserstack.utils.UtilityMethods - [findFileMatcher] Current Path is :: C:\Users\Hp\Documents\IntelliJ Projects\AppiumPOMProject, TestClass :: testBaseUtils\WFlashBeforeEachTestAndroid
14:01:22.701 [configureAppium@0] DEBUG c.b.testNgListeners.TestNGUtils - [populateTestDataForBSTestOps] The filename fetched :: C:\Users\Hp\Documents\IntelliJ Projects\AppiumPOMProject\src\test\java\testBaseUtils\WFlashBeforeEachTestAndroid.java, fileSeparator :: \, AbsolutePath :: C:\Users\Hp\Documents\IntelliJ Projects\AppiumPOMProject\., Normalized Path :: C:\Users\Hp\Documents\IntelliJ Projects\AppiumPOMProject, File.Separator :: \
14:01:22.701 [configureAppium@0] DEBUG c.b.testNgListeners.TestNGUtils - [populateTestDataForBSTestOps] Replaced File Name is :: AppiumPOMProject\src\test\java\testBaseUtils\WFlashBeforeEachTestAndroid.java, Absolute Path :: C:\Users\Hp\Documents\IntelliJ Projects\AppiumPOMProject\.., Normalized Path :: C:\Users\Hp\Documents\IntelliJ Projects 
14:01:22.703 [configureAppium@0] DEBUG com.browserstack.testOps.Listener - [ TESTHUB ] Processing Request Kind HookRunStarted
14:01:22.974 [configureAppium@0] DEBUG c.browserstack.utils.UtilityMethods - [Patch]: SDK enabled, patching remote server
14:01:22.977 [configureAppium@0] DEBUG c.b.selenium.SeleniumHandler - beforeDriverInit: SDK enabled. Thread ID: 43
14:01:22.982 [configureAppium@0] DEBUG c.browserstack.utils.UtilityMethods - [Patch]: SDK enabled, patching remote server
14:01:23.137 [AppiumPOMProject-0@0] DEBUG c.b.testNgListeners.TestNGUtils - [populateTestDataForBSTestOps] Event Type :: TestRunStarted, Test ClassName :: GroupID.FlashTestClass
14:01:23.138 [AppiumPOMProject-0@0] DEBUG c.browserstack.utils.UtilityMethods - [findFileMatcher] Current Path is :: C:\Users\Hp\Documents\IntelliJ Projects\AppiumPOMProject, TestClass :: GroupID\FlashObjectOptimised
14:01:23.150 [AppiumPOMProject-0@0] DEBUG c.b.testNgListeners.TestNGUtils - [populateTestDataForBSTestOps] The filename fetched :: C:\Users\Hp\Documents\IntelliJ Projects\AppiumPOMProject\src\test\java\GroupID\FlashObjectOptimised.java, fileSeparator :: \, AbsolutePath :: C:\Users\Hp\Documents\IntelliJ Projects\AppiumPOMProject\., Normalized Path :: C:\Users\Hp\Documents\IntelliJ Projects\AppiumPOMProject, File.Separator :: \
14:01:23.150 [AppiumPOMProject-0@0] DEBUG c.b.testNgListeners.TestNGUtils - [populateTestDataForBSTestOps] Replaced File Name is :: AppiumPOMProject\src\test\java\GroupID\FlashObjectOptimised.java, Absolute Path :: C:\Users\Hp\Documents\IntelliJ Projects\AppiumPOMProject\.., Normalized Path :: C:\Users\Hp\Documents\IntelliJ Projects 
14:01:23.155 [AppiumPOMProject-0@0] DEBUG com.browserstack.testOps.Listener - [ TESTHUB ] Processing Request Kind TestRunStarted
14:01:23.156 [AppiumTest1@0] DEBUG c.b.testNgListeners.TestNGUtils - [populateTestDataForBSTestOps] Event Type :: HookRunFinished, Method ClassName :: testBaseUtils.WFlashBeforeEachTestAndroid 
14:01:23.156 [AppiumTest1@0] DEBUG c.browserstack.utils.UtilityMethods - [findFileMatcher] Current Path is :: C:\Users\Hp\Documents\IntelliJ Projects\AppiumPOMProject, TestClass :: testBaseUtils\WFlashBeforeEachTestAndroid
14:01:23.167 [AppiumTest1@0] DEBUG c.b.testNgListeners.TestNGUtils - [populateTestDataForBSTestOps] The filename fetched :: C:\Users\Hp\Documents\IntelliJ Projects\AppiumPOMProject\src\test\java\testBaseUtils\WFlashBeforeEachTestAndroid.java, fileSeparator :: \, AbsolutePath :: C:\Users\Hp\Documents\IntelliJ Projects\AppiumPOMProject\., Normalized Path :: C:\Users\Hp\Documents\IntelliJ Projects\AppiumPOMProject, File.Separator :: \
14:01:23.168 [AppiumTest1@0] DEBUG c.b.testNgListeners.TestNGUtils - [populateTestDataForBSTestOps] Replaced File Name is :: AppiumPOMProject\src\test\java\testBaseUtils\WFlashBeforeEachTestAndroid.java, Absolute Path :: C:\Users\Hp\Documents\IntelliJ Projects\AppiumPOMProject\.., Normalized Path :: C:\Users\Hp\Documents\IntelliJ Projects 
14:01:23.168 [AppiumTest1@0] DEBUG com.browserstack.testOps.Listener - [ TESTHUB ] Processing Request Kind HookRunFinished
14:01:23.169 [AppiumTest1@0] DEBUG c.b.testNgListeners.TestNGUtils - [populateTestDataForBSTestOps] Event Type :: TestRunSkipped, Test ClassName :: GroupID.FlashTestClass
14:01:23.169 [AppiumTest1@0] DEBUG c.browserstack.utils.UtilityMethods - [findFileMatcher] Current Path is :: C:\Users\Hp\Documents\IntelliJ Projects\AppiumPOMProject, TestClass :: GroupID\FlashObjectOptimised
14:01:23.184 [AppiumTest1@0] DEBUG c.b.testNgListeners.TestNGUtils - [populateTestDataForBSTestOps] The filename fetched :: C:\Users\Hp\Documents\IntelliJ Projects\AppiumPOMProject\src\test\java\GroupID\FlashObjectOptimised.java, fileSeparator :: \, AbsolutePath :: C:\Users\Hp\Documents\IntelliJ Projects\AppiumPOMProject\., Normalized Path :: C:\Users\Hp\Documents\IntelliJ Projects\AppiumPOMProject, File.Separator :: \
14:01:23.184 [AppiumTest1@0] DEBUG c.b.testNgListeners.TestNGUtils - [populateTestDataForBSTestOps] Replaced File Name is :: AppiumPOMProject\src\test\java\GroupID\FlashObjectOptimised.java, Absolute Path :: C:\Users\Hp\Documents\IntelliJ Projects\AppiumPOMProject\.., Normalized Path :: C:\Users\Hp\Documents\IntelliJ Projects 
14:01:23.192 [AppiumTest1@0] DEBUG com.browserstack.testOps.Listener - [ TESTHUB ] Processing Request Kind TestRunFinished
14:01:23.192 [AppiumTest1@0] DEBUG c.browserstack.utils.LogReportingAPI - sendSync failed - driver not found
14:01:23.197 [AppiumPOMProject-0@0] DEBUG c.b.testNgListeners.TestNGUtils - [populateTestDataForBSTestOps] Event Type :: TestRunStarted, Test ClassName :: GroupID.FlashTestClass
14:01:23.197 [AppiumPOMProject-0@0] DEBUG c.browserstack.utils.UtilityMethods - [findFileMatcher] Current Path is :: C:\Users\Hp\Documents\IntelliJ Projects\AppiumPOMProject, TestClass :: GroupID\FlashObjectOptimised
14:01:23.209 [AppiumPOMProject-0@0] DEBUG c.b.testNgListeners.TestNGUtils - [populateTestDataForBSTestOps] The filename fetched :: C:\Users\Hp\Documents\IntelliJ Projects\AppiumPOMProject\src\test\java\GroupID\FlashObjectOptimised.java, fileSeparator :: \, AbsolutePath :: C:\Users\Hp\Documents\IntelliJ Projects\AppiumPOMProject\., Normalized Path :: C:\Users\Hp\Documents\IntelliJ Projects\AppiumPOMProject, File.Separator :: \
14:01:23.209 [AppiumPOMProject-0@0] DEBUG c.b.testNgListeners.TestNGUtils - [populateTestDataForBSTestOps] Replaced File Name is :: AppiumPOMProject\src\test\java\GroupID\FlashObjectOptimised.java, Absolute Path :: C:\Users\Hp\Documents\IntelliJ Projects\AppiumPOMProject\.., Normalized Path :: C:\Users\Hp\Documents\IntelliJ Projects 
14:01:23.214 [AppiumPOMProject-0@0] DEBUG com.browserstack.testOps.Listener - [ TESTHUB ] Processing Request Kind TestRunStarted
14:01:23.214 [AppiumTest1@0] DEBUG c.b.testNgListeners.TestNGUtils - [populateTestDataForBSTestOps] Event Type :: TestRunSkipped, Test ClassName :: GroupID.FlashTestClass
14:01:23.214 [AppiumTest1@0] DEBUG c.browserstack.utils.UtilityMethods - [findFileMatcher] Current Path is :: C:\Users\Hp\Documents\IntelliJ Projects\AppiumPOMProject, TestClass :: GroupID\FlashObjectOptimised
14:01:23.227 [AppiumTest1@0] DEBUG c.b.testNgListeners.TestNGUtils - [populateTestDataForBSTestOps] The filename fetched :: C:\Users\Hp\Documents\IntelliJ Projects\AppiumPOMProject\src\test\java\GroupID\FlashObjectOptimised.java, fileSeparator :: \, AbsolutePath :: C:\Users\Hp\Documents\IntelliJ Projects\AppiumPOMProject\., Normalized Path :: C:\Users\Hp\Documents\IntelliJ Projects\AppiumPOMProject, File.Separator :: \
14:01:23.227 [AppiumTest1@0] DEBUG c.b.testNgListeners.TestNGUtils - [populateTestDataForBSTestOps] Replaced File Name is :: AppiumPOMProject\src\test\java\GroupID\FlashObjectOptimised.java, Absolute Path :: C:\Users\Hp\Documents\IntelliJ Projects\AppiumPOMProject\.., Normalized Path :: C:\Users\Hp\Documents\IntelliJ Projects 
14:01:23.231 [AppiumTest1@0] DEBUG com.browserstack.testOps.Listener - [ TESTHUB ] Processing Request Kind TestRunFinished
14:01:23.231 [AppiumTest1@0] DEBUG c.browserstack.utils.LogReportingAPI - sendSync failed - driver not found
14:01:23.235 [AppiumPOMProject-0@0] DEBUG c.b.testNgListeners.TestNGUtils - [populateTestDataForBSTestOps] Event Type :: TestRunStarted, Test ClassName :: GroupID.FlashTestClass
14:01:23.235 [AppiumPOMProject-0@0] DEBUG c.browserstack.utils.UtilityMethods - [findFileMatcher] Current Path is :: C:\Users\Hp\Documents\IntelliJ Projects\AppiumPOMProject, TestClass :: GroupID\FlashObjectOptimised
14:01:23.246 [AppiumPOMProject-0@0] DEBUG c.b.testNgListeners.TestNGUtils - [populateTestDataForBSTestOps] The filename fetched :: C:\Users\Hp\Documents\IntelliJ Projects\AppiumPOMProject\src\test\java\GroupID\FlashObjectOptimised.java, fileSeparator :: \, AbsolutePath :: C:\Users\Hp\Documents\IntelliJ Projects\AppiumPOMProject\., Normalized Path :: C:\Users\Hp\Documents\IntelliJ Projects\AppiumPOMProject, File.Separator :: \
14:01:23.246 [AppiumPOMProject-0@0] DEBUG c.b.testNgListeners.TestNGUtils - [populateTestDataForBSTestOps] Replaced File Name is :: AppiumPOMProject\src\test\java\GroupID\FlashObjectOptimised.java, Absolute Path :: C:\Users\Hp\Documents\IntelliJ Projects\AppiumPOMProject\.., Normalized Path :: C:\Users\Hp\Documents\IntelliJ Projects 
14:01:23.249 [AppiumPOMProject-0@0] DEBUG com.browserstack.testOps.Listener - [ TESTHUB ] Processing Request Kind TestRunStarted
14:01:23.250 [AppiumTest1@0] DEBUG c.b.testNgListeners.TestNGUtils - [populateTestDataForBSTestOps] Event Type :: TestRunSkipped, Test ClassName :: GroupID.FlashTestClass
14:01:23.250 [AppiumTest1@0] DEBUG c.browserstack.utils.UtilityMethods - [findFileMatcher] Current Path is :: C:\Users\Hp\Documents\IntelliJ Projects\AppiumPOMProject, TestClass :: GroupID\FlashObjectOptimised
14:01:23.261 [AppiumTest1@0] DEBUG c.b.testNgListeners.TestNGUtils - [populateTestDataForBSTestOps] The filename fetched :: C:\Users\Hp\Documents\IntelliJ Projects\AppiumPOMProject\src\test\java\GroupID\FlashObjectOptimised.java, fileSeparator :: \, AbsolutePath :: C:\Users\Hp\Documents\IntelliJ Projects\AppiumPOMProject\., Normalized Path :: C:\Users\Hp\Documents\IntelliJ Projects\AppiumPOMProject, File.Separator :: \
14:01:23.261 [AppiumTest1@0] DEBUG c.b.testNgListeners.TestNGUtils - [populateTestDataForBSTestOps] Replaced File Name is :: AppiumPOMProject\src\test\java\GroupID\FlashObjectOptimised.java, Absolute Path :: C:\Users\Hp\Documents\IntelliJ Projects\AppiumPOMProject\.., Normalized Path :: C:\Users\Hp\Documents\IntelliJ Projects 
14:01:23.265 [AppiumTest1@0] DEBUG com.browserstack.testOps.Listener - [ TESTHUB ] Processing Request Kind TestRunFinished
14:01:23.265 [AppiumTest1@0] DEBUG c.browserstack.utils.LogReportingAPI - sendSync failed - driver not found
14:01:23.267 [AppiumPOMProject-0@0] DEBUG c.b.testNgListeners.TestNGUtils - [populateTestDataForBSTestOps] Event Type :: TestRunStarted, Test ClassName :: GroupID.FlashTestClass
14:01:23.267 [AppiumPOMProject-0@0] DEBUG c.browserstack.utils.UtilityMethods - [findFileMatcher] Current Path is :: C:\Users\Hp\Documents\IntelliJ Projects\AppiumPOMProject, TestClass :: GroupID\FlashObjectOptimised
14:01:23.279 [AppiumPOMProject-0@0] DEBUG c.b.testNgListeners.TestNGUtils - [populateTestDataForBSTestOps] The filename fetched :: C:\Users\Hp\Documents\IntelliJ Projects\AppiumPOMProject\src\test\java\GroupID\FlashObjectOptimised.java, fileSeparator :: \, AbsolutePath :: C:\Users\Hp\Documents\IntelliJ Projects\AppiumPOMProject\., Normalized Path :: C:\Users\Hp\Documents\IntelliJ Projects\AppiumPOMProject, File.Separator :: \
14:01:23.279 [AppiumPOMProject-0@0] DEBUG c.b.testNgListeners.TestNGUtils - [populateTestDataForBSTestOps] Replaced File Name is :: AppiumPOMProject\src\test\java\GroupID\FlashObjectOptimised.java, Absolute Path :: C:\Users\Hp\Documents\IntelliJ Projects\AppiumPOMProject\.., Normalized Path :: C:\Users\Hp\Documents\IntelliJ Projects 
14:01:23.282 [AppiumPOMProject-0@0] DEBUG com.browserstack.testOps.Listener - [ TESTHUB ] Processing Request Kind TestRunStarted
14:01:23.283 [AppiumTest1@0] DEBUG c.b.testNgListeners.TestNGUtils - [populateTestDataForBSTestOps] Event Type :: TestRunSkipped, Test ClassName :: GroupID.FlashTestClass
14:01:23.283 [AppiumTest1@0] DEBUG c.browserstack.utils.UtilityMethods - [findFileMatcher] Current Path is :: C:\Users\Hp\Documents\IntelliJ Projects\AppiumPOMProject, TestClass :: GroupID\FlashObjectOptimised
14:01:23.294 [AppiumTest1@0] DEBUG c.b.testNgListeners.TestNGUtils - [populateTestDataForBSTestOps] The filename fetched :: C:\Users\Hp\Documents\IntelliJ Projects\AppiumPOMProject\src\test\java\GroupID\FlashObjectOptimised.java, fileSeparator :: \, AbsolutePath :: C:\Users\Hp\Documents\IntelliJ Projects\AppiumPOMProject\., Normalized Path :: C:\Users\Hp\Documents\IntelliJ Projects\AppiumPOMProject, File.Separator :: \
14:01:23.294 [AppiumTest1@0] DEBUG c.b.testNgListeners.TestNGUtils - [populateTestDataForBSTestOps] Replaced File Name is :: AppiumPOMProject\src\test\java\GroupID\FlashObjectOptimised.java, Absolute Path :: C:\Users\Hp\Documents\IntelliJ Projects\AppiumPOMProject\.., Normalized Path :: C:\Users\Hp\Documents\IntelliJ Projects 
14:01:23.297 [AppiumTest1@0] DEBUG com.browserstack.testOps.Listener - [ TESTHUB ] Processing Request Kind TestRunFinished
14:01:23.297 [AppiumTest1@0] DEBUG c.browserstack.utils.LogReportingAPI - sendSync failed - driver not found
14:01:23.302 [main] DEBUG com.browserstack.testOps.Listener - [ TESTHUB ] Processing Request Kind LogCreated
14:01:23.303 [Thread-0] DEBUG c.browserstack.BrowserStackJavaAgent - Starting final execution
14:01:23.303 [Thread-0] DEBUG c.b.u.ObservabilityUtilityMethods - Processing batch requests with type: Global
14:01:23.303 [Thread-0] DEBUG c.browserstack.utils.LogReportingAPI - [2024-08-06T08:31:23.303794600Z][ OBSERVABILITY ] Processing stop observability
14:01:23.307 [pool-5-thread-1] DEBUG c.browserstack.utils.RequestBatcher - Processing Batch 22

14:01:23.309 [pool-5-thread-1] DEBUG c.browserstack.testOps.RequestUtils - [requestToTestOps] Sending Observability request: POST api/v1/batch with request size 33227
14:01:23.784 [pool-5-thread-1] DEBUG c.browserstack.testOps.RequestUtils - requestToTestOps: Response code: 200
14:01:23.784 [pool-5-thread-1] DEBUG c.browserstack.utils.LogReportingAPI - 
[2024-08-06T08:31:23.784396700Z][ TESTHUB ] Batch event successfull!

14:01:23.784 [Thread-0] DEBUG c.browserstack.testOps.RequestUtils - [ TESTHUB ] Processing Request Kind stopBuildUpstream
14:01:23.785 [Thread-0] DEBUG c.browserstack.testOps.RequestUtils - [requestToTestOps] Sending Observability request: PUT api/v1/builds/lzqf48j29hgkge3zofioesd4q8ck5nac8qojdrvq/stop with request size 65
14:01:24.023 [Thread-0] DEBUG c.browserstack.testOps.RequestUtils - requestToTestOps: Response code: 200
14:01:24.024 [Thread-0] DEBUG com.browserstack.testOps.Listener - Testhub stop response: 
14:01:26.264 [Thread-0] DEBUG com.browserstack.testOps.UsageStats - getFormattedData: Collecting data for TestObservability
14:01:26.264 [Thread-0] DEBUG com.browserstack.testOps.UsageStats - getEventStats: Getting event data for TestObservability
14:01:26.286 [Thread-0] DEBUG com.browserstack.testOps.UsageStats - [OBSERVABILITY] Failed to parse data from workers
14:01:26.345 [Thread-0] DEBUG c.b.utils.FunnelInstrumentation - Sending funnel data for SDKTestSuccessful with data: {"event_type":"SDKTestSuccessful","accessKey":"cdWAYU5meFd1rax23PEp","userName":"nayankumar_Rp0sMa","event_properties":{"product":"[app-automate, observability]","buildName":"browserstack build","os":"Windows 11","languageVersion":"18.0.2.1","appiumVersion":"9.0.0","frameworkDetectionInstrumentation":{"parseLoadClass":6,"ret-org.openqa.selenium.remote.RemoteWebDriver":325,"retransformClasses":326,"parseDependencies":14},"language":"java","sdkRunId":"b5cfd7b1-04a7-448a-bfe0-63ff768b7c18","buildIdentifier":"#17","userFramework":"testng","testhub_uuid":"lzqf48j29hgkge3zofioesd4q8ck5nac8qojdrvq","detectedAppiumVersion":"null","detectedDependencies":"testng","productMap":{"app_automate":true,"accessibility":false,"automate":false,"percy":false,"observability":true},"referrer":"testng-javaagent\/1.20.2","hostname":"DESKTOP-13RHPFK","measures":{"local:start":5359,"sdk:setup":11021,"local:stop":2237},"language_framework":"java_testng","detectedFramework":"testng","productUsage":{"testObservability":{"buildHashedId":"lzqf48j29hgkge3zofioesd4q8ck5nac8qojdrvq","manuallySet":false,"enabled":true,"events":{"hookEvents":{"started":{"errors":[],"triggeredCount":1,"failedCount":0,"sentCount":1},"finished":{"triggeredCount":1,"failedCount":0,"errors":[],"sentCount":1},"failed":{"errors":[],"triggeredCount":1,"failedCount":0,"sentCount":1}},"logEvents":{"errors":[],"triggeredCount":12,"failedCount":0,"sentCount":12,"log":{"errors":[],"triggeredCount":12,"failedCount":0,"sentCount":12}},"testEvents":{"started":{"errors":[],"triggeredCount":4,"failedCount":0,"sentCount":4},"finished":{"triggeredCount":4,"failedCount":0,"errors":[],"sentCount":4},"skipped":{"errors":[],"triggeredCount":4,"failedCount":0,"sentCount":4}},"batchEvents":{"triggeredCount":1,"failedCount":0,"errors":[],"sentCount":1},"cbtSessionEvents":{"errors":[],"triggeredCount":0,"failedCount":0,"sentCount":0},"buildEvents":{"started":{"error":null,"status":"success","triggered":true},"finished":{"error":null,"status":"success","triggered":true}}}}},"detectedSeleniumVersion":"null","browserStackConfig":{"browserstackLocal":true,"percy":false,"logLevel":"info","staticWebDriver":true,"autoDetectFramework":true,"percyCaptureMode":"MANUAL","browserStackLocalOptions":{"localIdentifier":"06_Aug_141_DESKTOP_13RHPFK_BqmJ","key":"****"},"percyOptions":null,"testContextOptions":{"skipSessionName":false,"skipSessionStatus":false,"serenityOverridePlugin":false},"platforms":[{"capabilities":{"platformVersion":13.0,"platformName":"android","deviceName":"Samsung Galaxy S23"},"os":null,"osVersion":null,"platformCaps":{"platformVersion":13.0,"platformName":"android","deviceName":"Samsung Galaxy S23"},"browser":null,"device":"Samsung Galaxy S23","browserVersion":null,"platformString":"Samsung Galaxy S23, 13.0","customVariables":"****"}],"parallelsPerPlatform":1,"framework":"testng","accessibility":false,"accessibilityOptions":{},"turboScaleOptions":{},"disableAutoCaptureLogs":true,"testObservability":true,"browserstackAutomation":true,"turboScale":false,"testObservabilityOptions":{},"gradleMConfig":null,"proxySettings":null},"seleniumVersion":""}}
14:01:27.297 [Thread-0] DEBUG c.b.utils.FunnelInstrumentation - API Event SDKTestSuccessful response - {"message":"SDK Event recorded successfully"}
14:01:29.099 [Thread-0] DEBUG c.browserstack.utils.UtilityMethods - Browserstack Gradle-M Config File does not exist.
14:02:01.924 [main] DEBUG c.b.config.BrowserStackConfig - Cli Config passed - {}
14:02:02.219 [main] DEBUG c.b.logger.BrowserstackLoggerFactory - Log Level set to TRACE for logger com.browserstack
14:02:02.219 [main] DEBUG c.b.logger.BrowserstackLoggerFactory - Log Level set to INFO for logger stdoutPrinter
14:02:02.324 [main] DEBUG c.b.utils.FrameworkDetectionUtils - Java command - com.intellij.rt.testng.RemoteTestNGStarter -usedefaultlisteners false -socket57326 @w@C:\Users\Hp\AppData\Local\Temp\idea_working_dirs_testng.tmp -temp C:\Users\Hp\AppData\Local\Temp\idea_testng.tmp
14:02:02.324 [main] DEBUG c.b.utils.FrameworkDetectionUtils - Test classes detected: 
14:02:02.330 [main] DEBUG c.b.utils.FrameworkDetectionUtils - Runner: testng, Engine: none
14:02:02.343 [main] DEBUG c.b.utils.FrameworkDetectionUtils - Runner: testng, Engine: none from dependencies
14:02:02.343 [main] DEBUG c.b.utils.FrameworkDetectionUtils - Detected final framework as: testng
14:02:02.343 [main] DEBUG c.browserstack.BrowserStackJavaAgent - JavaAgent Version 1.20.2
14:02:02.347 [main] DEBUG c.b.utils.ExitSignalHandler - Registered handler for INT
14:02:02.347 [main] DEBUG c.b.utils.ExitSignalHandler - Registered handler for TERM
14:02:02.347 [main] DEBUG c.b.utils.ExitSignalHandler - Unable to attach signal handler for HUP Unknown signal: HUP
14:02:02.347 [main] DEBUG c.b.utils.ExitSignalHandler - Registered handler for ABRT
14:02:02.733 [Thread-1] DEBUG c.browserstack.utils.UtilityMethods - NEXT HUBS ARE: ["hub-aps.browserstack.com","hub-euw.browserstack.com","hub-apse.browserstack.com"]
14:02:02.977 [main] DEBUG c.browserstack.utils.UtilityMethods - EXECUTION TIME OF hub-aps.browserstack.com HUB IS: 241ms
14:02:03.843 [main] DEBUG c.browserstack.utils.UtilityMethods - EXECUTION TIME OF hub-euw.browserstack.com HUB IS: 863ms
14:02:04.791 [main] DEBUG c.browserstack.utils.UtilityMethods - EXECUTION TIME OF hub-apse.browserstack.com HUB IS: 947ms
14:02:04.792 [main] DEBUG c.browserstack.utils.UtilityMethods - NEAREST HUB ALLOCATED IS - hub-aps.browserstack.com
14:02:04.802 [main] DEBUG c.b.utils.FunnelInstrumentation - Sending funnel data for SDKTestAttempted with data: {"event_type":"SDKTestAttempted","accessKey":"cdWAYU5meFd1rax23PEp","userName":"nayankumar_Rp0sMa","event_properties":{"product":"[app-automate, observability]","buildName":"browserstack build","os":"Windows 11","languageVersion":"18.0.2.1","appiumVersion":"9.0.0","frameworkDetectionInstrumentation":{"parseLoadClass":5,"parseDependencies":13},"language":"java","sdkRunId":"014bdae8-44ee-44ef-82be-d23d8007004a","buildIdentifier":"#18","userFramework":"testng","testhub_uuid":"","detectedAppiumVersion":"null","detectedDependencies":"testng","productMap":{"app_automate":true,"accessibility":false,"automate":false,"percy":false,"observability":true},"referrer":"testng-javaagent\/1.20.2","hostname":"DESKTOP-13RHPFK","language_framework":"java_testng","detectedFramework":"testng","detectedSeleniumVersion":"null","seleniumVersion":""}}
14:02:05.169 [main] DEBUG c.b.utils.FunnelInstrumentation - API Event SDKTestAttempted response - {"message":"SDK Event recorded successfully"}
14:02:05.368 [main] DEBUG c.browserstack.testOps.RequestUtils - [ TESTHUB ] Processing Request Kind launchTestSession
14:02:05.369 [main] DEBUG c.browserstack.testOps.RequestUtils - [requestToTestOps] Sending Observability request: POST api/v2/builds with request size 1330
14:02:06.679 [main] DEBUG c.browserstack.testOps.RequestUtils - requestToTestOps: Response code: 200
14:02:06.679 [main] DEBUG com.browserstack.testOps.Listener - BROWSERSTACK_TESTHUB_UUID : twep8saehgkbxhrv8bjgwrqrkhjddnwun0rouykb
14:02:06.679 [main] DEBUG com.browserstack.testOps.Listener - [ TESTHUB ] Build creation successfull
14:02:06.682 [main] DEBUG com.browserstack.LocalFactory - Starting BrowserStack Local with identifier 06_Aug_142_DESKTOP_13RHPFK_COWo
14:02:12.547 [main] DEBUG c.b.t.XMLSuiteClassListener - Number of parallels - 1 and number of platforms - 1
14:02:12.815 [main] DEBUG com.browserstack.testOps.Listener - [ TESTHUB ] Processing Request Kind LogCreated
14:02:12.820 [main] DEBUG com.browserstack.testOps.Listener - [ TESTHUB ] Processing Request Kind LogCreated
14:02:12.823 [main] DEBUG com.browserstack.testOps.Listener - [ TESTHUB ] Processing Request Kind LogCreated
14:02:12.823 [main] DEBUG com.browserstack.testOps.Listener - [ TESTHUB ] Processing Request Kind LogCreated
14:02:12.824 [main] DEBUG com.browserstack.testOps.Listener - [ TESTHUB ] Processing Request Kind LogCreated
14:02:12.830 [main] DEBUG com.browserstack.testOps.Listener - [ TESTHUB ] Processing Request Kind LogCreated
14:02:12.830 [main] DEBUG com.browserstack.testOps.Listener - [ TESTHUB ] Processing Request Kind LogCreated
14:02:12.830 [main] DEBUG com.browserstack.testOps.Listener - [ TESTHUB ] Processing Request Kind LogCreated
14:02:12.832 [main] DEBUG com.browserstack.testOps.Listener - [ TESTHUB ] Processing Request Kind LogCreated
14:02:12.832 [main] DEBUG com.browserstack.testOps.Listener - [ TESTHUB ] Processing Request Kind LogCreated
14:02:12.838 [main] DEBUG com.browserstack.testOps.Listener - [ TESTHUB ] Processing Request Kind LogCreated
14:02:12.838 [main] DEBUG c.browserstack.utils.LogReportingAPI - [2024-08-06T08:32:12.838020200Z][ OBSERVABILITY ] Processing Logs patching stream
14:02:12.885 [configureAppium@0] DEBUG c.b.testNgListeners.TestNGUtils - [populateTestDataForBSTestOps] Event Type :: HookRunStarted, Method ClassName :: testBaseUtils.WFlashBeforeEachTestAndroid 
14:02:12.885 [configureAppium@0] DEBUG c.browserstack.utils.UtilityMethods - [findFileMatcher] Current Path is :: C:\Users\Hp\Documents\IntelliJ Projects\AppiumPOMProject, TestClass :: testBaseUtils\WFlashBeforeEachTestAndroid
14:02:12.901 [configureAppium@0] DEBUG c.b.testNgListeners.TestNGUtils - [populateTestDataForBSTestOps] The filename fetched :: C:\Users\Hp\Documents\IntelliJ Projects\AppiumPOMProject\src\test\java\testBaseUtils\WFlashBeforeEachTestAndroid.java, fileSeparator :: \, AbsolutePath :: C:\Users\Hp\Documents\IntelliJ Projects\AppiumPOMProject\., Normalized Path :: C:\Users\Hp\Documents\IntelliJ Projects\AppiumPOMProject, File.Separator :: \
14:02:12.901 [configureAppium@0] DEBUG c.b.testNgListeners.TestNGUtils - [populateTestDataForBSTestOps] Replaced File Name is :: AppiumPOMProject\src\test\java\testBaseUtils\WFlashBeforeEachTestAndroid.java, Absolute Path :: C:\Users\Hp\Documents\IntelliJ Projects\AppiumPOMProject\.., Normalized Path :: C:\Users\Hp\Documents\IntelliJ Projects 
14:02:12.903 [configureAppium@0] DEBUG com.browserstack.testOps.Listener - [ TESTHUB ] Processing Request Kind HookRunStarted
14:02:13.110 [configureAppium@0] DEBUG c.browserstack.utils.UtilityMethods - [Patch]: SDK enabled, patching remote server
14:02:13.114 [configureAppium@0] DEBUG c.b.selenium.SeleniumHandler - beforeDriverInit: SDK enabled. Thread ID: 43
14:02:13.118 [configureAppium@0] DEBUG c.browserstack.utils.UtilityMethods - [Patch]: SDK enabled, patching remote server
14:02:13.243 [AppiumPOMProject-0@0] DEBUG c.b.testNgListeners.TestNGUtils - [populateTestDataForBSTestOps] Event Type :: TestRunStarted, Test ClassName :: GroupID.FlashTestClass
14:02:13.243 [AppiumPOMProject-0@0] DEBUG c.browserstack.utils.UtilityMethods - [findFileMatcher] Current Path is :: C:\Users\Hp\Documents\IntelliJ Projects\AppiumPOMProject, TestClass :: GroupID\FlashObjectOptimised
14:02:13.253 [AppiumPOMProject-0@0] DEBUG c.b.testNgListeners.TestNGUtils - [populateTestDataForBSTestOps] The filename fetched :: C:\Users\Hp\Documents\IntelliJ Projects\AppiumPOMProject\src\test\java\GroupID\FlashObjectOptimised.java, fileSeparator :: \, AbsolutePath :: C:\Users\Hp\Documents\IntelliJ Projects\AppiumPOMProject\., Normalized Path :: C:\Users\Hp\Documents\IntelliJ Projects\AppiumPOMProject, File.Separator :: \
14:02:13.253 [AppiumPOMProject-0@0] DEBUG c.b.testNgListeners.TestNGUtils - [populateTestDataForBSTestOps] Replaced File Name is :: AppiumPOMProject\src\test\java\GroupID\FlashObjectOptimised.java, Absolute Path :: C:\Users\Hp\Documents\IntelliJ Projects\AppiumPOMProject\.., Normalized Path :: C:\Users\Hp\Documents\IntelliJ Projects 
14:02:13.258 [AppiumPOMProject-0@0] DEBUG com.browserstack.testOps.Listener - [ TESTHUB ] Processing Request Kind TestRunStarted
14:02:13.260 [AppiumTest1@0] DEBUG c.b.testNgListeners.TestNGUtils - [populateTestDataForBSTestOps] Event Type :: HookRunFinished, Method ClassName :: testBaseUtils.WFlashBeforeEachTestAndroid 
14:02:13.260 [AppiumTest1@0] DEBUG c.browserstack.utils.UtilityMethods - [findFileMatcher] Current Path is :: C:\Users\Hp\Documents\IntelliJ Projects\AppiumPOMProject, TestClass :: testBaseUtils\WFlashBeforeEachTestAndroid
14:02:13.271 [AppiumTest1@0] DEBUG c.b.testNgListeners.TestNGUtils - [populateTestDataForBSTestOps] The filename fetched :: C:\Users\Hp\Documents\IntelliJ Projects\AppiumPOMProject\src\test\java\testBaseUtils\WFlashBeforeEachTestAndroid.java, fileSeparator :: \, AbsolutePath :: C:\Users\Hp\Documents\IntelliJ Projects\AppiumPOMProject\., Normalized Path :: C:\Users\Hp\Documents\IntelliJ Projects\AppiumPOMProject, File.Separator :: \
14:02:13.271 [AppiumTest1@0] DEBUG c.b.testNgListeners.TestNGUtils - [populateTestDataForBSTestOps] Replaced File Name is :: AppiumPOMProject\src\test\java\testBaseUtils\WFlashBeforeEachTestAndroid.java, Absolute Path :: C:\Users\Hp\Documents\IntelliJ Projects\AppiumPOMProject\.., Normalized Path :: C:\Users\Hp\Documents\IntelliJ Projects 
14:02:13.271 [AppiumTest1@0] DEBUG com.browserstack.testOps.Listener - [ TESTHUB ] Processing Request Kind HookRunFinished
14:02:13.271 [AppiumTest1@0] DEBUG c.b.testNgListeners.TestNGUtils - [populateTestDataForBSTestOps] Event Type :: TestRunSkipped, Test ClassName :: GroupID.FlashTestClass
14:02:13.271 [AppiumTest1@0] DEBUG c.browserstack.utils.UtilityMethods - [findFileMatcher] Current Path is :: C:\Users\Hp\Documents\IntelliJ Projects\AppiumPOMProject, TestClass :: GroupID\FlashObjectOptimised
14:02:13.283 [AppiumTest1@0] DEBUG c.b.testNgListeners.TestNGUtils - [populateTestDataForBSTestOps] The filename fetched :: C:\Users\Hp\Documents\IntelliJ Projects\AppiumPOMProject\src\test\java\GroupID\FlashObjectOptimised.java, fileSeparator :: \, AbsolutePath :: C:\Users\Hp\Documents\IntelliJ Projects\AppiumPOMProject\., Normalized Path :: C:\Users\Hp\Documents\IntelliJ Projects\AppiumPOMProject, File.Separator :: \
14:02:13.283 [AppiumTest1@0] DEBUG c.b.testNgListeners.TestNGUtils - [populateTestDataForBSTestOps] Replaced File Name is :: AppiumPOMProject\src\test\java\GroupID\FlashObjectOptimised.java, Absolute Path :: C:\Users\Hp\Documents\IntelliJ Projects\AppiumPOMProject\.., Normalized Path :: C:\Users\Hp\Documents\IntelliJ Projects 
14:02:13.288 [AppiumTest1@0] DEBUG com.browserstack.testOps.Listener - [ TESTHUB ] Processing Request Kind TestRunFinished
14:02:13.288 [AppiumTest1@0] DEBUG c.browserstack.utils.LogReportingAPI - sendSync failed - driver not found
14:02:13.293 [AppiumPOMProject-0@0] DEBUG c.b.testNgListeners.TestNGUtils - [populateTestDataForBSTestOps] Event Type :: TestRunStarted, Test ClassName :: GroupID.FlashTestClass
14:02:13.293 [AppiumPOMProject-0@0] DEBUG c.browserstack.utils.UtilityMethods - [findFileMatcher] Current Path is :: C:\Users\Hp\Documents\IntelliJ Projects\AppiumPOMProject, TestClass :: GroupID\FlashObjectOptimised
14:02:13.304 [AppiumPOMProject-0@0] DEBUG c.b.testNgListeners.TestNGUtils - [populateTestDataForBSTestOps] The filename fetched :: C:\Users\Hp\Documents\IntelliJ Projects\AppiumPOMProject\src\test\java\GroupID\FlashObjectOptimised.java, fileSeparator :: \, AbsolutePath :: C:\Users\Hp\Documents\IntelliJ Projects\AppiumPOMProject\., Normalized Path :: C:\Users\Hp\Documents\IntelliJ Projects\AppiumPOMProject, File.Separator :: \
14:02:13.304 [AppiumPOMProject-0@0] DEBUG c.b.testNgListeners.TestNGUtils - [populateTestDataForBSTestOps] Replaced File Name is :: AppiumPOMProject\src\test\java\GroupID\FlashObjectOptimised.java, Absolute Path :: C:\Users\Hp\Documents\IntelliJ Projects\AppiumPOMProject\.., Normalized Path :: C:\Users\Hp\Documents\IntelliJ Projects 
14:02:13.308 [AppiumPOMProject-0@0] DEBUG com.browserstack.testOps.Listener - [ TESTHUB ] Processing Request Kind TestRunStarted
14:02:13.309 [AppiumTest1@0] DEBUG c.b.testNgListeners.TestNGUtils - [populateTestDataForBSTestOps] Event Type :: TestRunSkipped, Test ClassName :: GroupID.FlashTestClass
14:02:13.309 [AppiumTest1@0] DEBUG c.browserstack.utils.UtilityMethods - [findFileMatcher] Current Path is :: C:\Users\Hp\Documents\IntelliJ Projects\AppiumPOMProject, TestClass :: GroupID\FlashObjectOptimised
14:02:13.321 [AppiumTest1@0] DEBUG c.b.testNgListeners.TestNGUtils - [populateTestDataForBSTestOps] The filename fetched :: C:\Users\Hp\Documents\IntelliJ Projects\AppiumPOMProject\src\test\java\GroupID\FlashObjectOptimised.java, fileSeparator :: \, AbsolutePath :: C:\Users\Hp\Documents\IntelliJ Projects\AppiumPOMProject\., Normalized Path :: C:\Users\Hp\Documents\IntelliJ Projects\AppiumPOMProject, File.Separator :: \
14:02:13.323 [AppiumTest1@0] DEBUG c.b.testNgListeners.TestNGUtils - [populateTestDataForBSTestOps] Replaced File Name is :: AppiumPOMProject\src\test\java\GroupID\FlashObjectOptimised.java, Absolute Path :: C:\Users\Hp\Documents\IntelliJ Projects\AppiumPOMProject\.., Normalized Path :: C:\Users\Hp\Documents\IntelliJ Projects 
14:02:13.327 [AppiumTest1@0] DEBUG com.browserstack.testOps.Listener - [ TESTHUB ] Processing Request Kind TestRunFinished
14:02:13.327 [AppiumTest1@0] DEBUG c.browserstack.utils.LogReportingAPI - sendSync failed - driver not found
14:02:13.331 [AppiumPOMProject-0@0] DEBUG c.b.testNgListeners.TestNGUtils - [populateTestDataForBSTestOps] Event Type :: TestRunStarted, Test ClassName :: GroupID.FlashTestClass
14:02:13.331 [AppiumPOMProject-0@0] DEBUG c.browserstack.utils.UtilityMethods - [findFileMatcher] Current Path is :: C:\Users\Hp\Documents\IntelliJ Projects\AppiumPOMProject, TestClass :: GroupID\FlashObjectOptimised
14:02:13.342 [AppiumPOMProject-0@0] DEBUG c.b.testNgListeners.TestNGUtils - [populateTestDataForBSTestOps] The filename fetched :: C:\Users\Hp\Documents\IntelliJ Projects\AppiumPOMProject\src\test\java\GroupID\FlashObjectOptimised.java, fileSeparator :: \, AbsolutePath :: C:\Users\Hp\Documents\IntelliJ Projects\AppiumPOMProject\., Normalized Path :: C:\Users\Hp\Documents\IntelliJ Projects\AppiumPOMProject, File.Separator :: \
14:02:13.342 [AppiumPOMProject-0@0] DEBUG c.b.testNgListeners.TestNGUtils - [populateTestDataForBSTestOps] Replaced File Name is :: AppiumPOMProject\src\test\java\GroupID\FlashObjectOptimised.java, Absolute Path :: C:\Users\Hp\Documents\IntelliJ Projects\AppiumPOMProject\.., Normalized Path :: C:\Users\Hp\Documents\IntelliJ Projects 
14:02:13.346 [AppiumPOMProject-0@0] DEBUG com.browserstack.testOps.Listener - [ TESTHUB ] Processing Request Kind TestRunStarted
14:02:13.346 [AppiumTest1@0] DEBUG c.b.testNgListeners.TestNGUtils - [populateTestDataForBSTestOps] Event Type :: TestRunSkipped, Test ClassName :: GroupID.FlashTestClass
14:02:13.346 [AppiumTest1@0] DEBUG c.browserstack.utils.UtilityMethods - [findFileMatcher] Current Path is :: C:\Users\Hp\Documents\IntelliJ Projects\AppiumPOMProject, TestClass :: GroupID\FlashObjectOptimised
14:02:13.362 [AppiumTest1@0] DEBUG c.b.testNgListeners.TestNGUtils - [populateTestDataForBSTestOps] The filename fetched :: C:\Users\Hp\Documents\IntelliJ Projects\AppiumPOMProject\src\test\java\GroupID\FlashObjectOptimised.java, fileSeparator :: \, AbsolutePath :: C:\Users\Hp\Documents\IntelliJ Projects\AppiumPOMProject\., Normalized Path :: C:\Users\Hp\Documents\IntelliJ Projects\AppiumPOMProject, File.Separator :: \
14:02:13.362 [AppiumTest1@0] DEBUG c.b.testNgListeners.TestNGUtils - [populateTestDataForBSTestOps] Replaced File Name is :: AppiumPOMProject\src\test\java\GroupID\FlashObjectOptimised.java, Absolute Path :: C:\Users\Hp\Documents\IntelliJ Projects\AppiumPOMProject\.., Normalized Path :: C:\Users\Hp\Documents\IntelliJ Projects 
14:02:13.367 [AppiumTest1@0] DEBUG com.browserstack.testOps.Listener - [ TESTHUB ] Processing Request Kind TestRunFinished
14:02:13.367 [AppiumTest1@0] DEBUG c.browserstack.utils.LogReportingAPI - sendSync failed - driver not found
14:02:13.370 [AppiumPOMProject-0@0] DEBUG c.b.testNgListeners.TestNGUtils - [populateTestDataForBSTestOps] Event Type :: TestRunStarted, Test ClassName :: GroupID.FlashTestClass
14:02:13.371 [AppiumPOMProject-0@0] DEBUG c.browserstack.utils.UtilityMethods - [findFileMatcher] Current Path is :: C:\Users\Hp\Documents\IntelliJ Projects\AppiumPOMProject, TestClass :: GroupID\FlashObjectOptimised
14:02:13.381 [AppiumPOMProject-0@0] DEBUG c.b.testNgListeners.TestNGUtils - [populateTestDataForBSTestOps] The filename fetched :: C:\Users\Hp\Documents\IntelliJ Projects\AppiumPOMProject\src\test\java\GroupID\FlashObjectOptimised.java, fileSeparator :: \, AbsolutePath :: C:\Users\Hp\Documents\IntelliJ Projects\AppiumPOMProject\., Normalized Path :: C:\Users\Hp\Documents\IntelliJ Projects\AppiumPOMProject, File.Separator :: \
14:02:13.382 [AppiumPOMProject-0@0] DEBUG c.b.testNgListeners.TestNGUtils - [populateTestDataForBSTestOps] Replaced File Name is :: AppiumPOMProject\src\test\java\GroupID\FlashObjectOptimised.java, Absolute Path :: C:\Users\Hp\Documents\IntelliJ Projects\AppiumPOMProject\.., Normalized Path :: C:\Users\Hp\Documents\IntelliJ Projects 
14:02:13.385 [AppiumPOMProject-0@0] DEBUG com.browserstack.testOps.Listener - [ TESTHUB ] Processing Request Kind TestRunStarted
14:02:13.386 [AppiumTest1@0] DEBUG c.b.testNgListeners.TestNGUtils - [populateTestDataForBSTestOps] Event Type :: TestRunSkipped, Test ClassName :: GroupID.FlashTestClass
14:02:13.386 [AppiumTest1@0] DEBUG c.browserstack.utils.UtilityMethods - [findFileMatcher] Current Path is :: C:\Users\Hp\Documents\IntelliJ Projects\AppiumPOMProject, TestClass :: GroupID\FlashObjectOptimised
14:02:13.397 [AppiumTest1@0] DEBUG c.b.testNgListeners.TestNGUtils - [populateTestDataForBSTestOps] The filename fetched :: C:\Users\Hp\Documents\IntelliJ Projects\AppiumPOMProject\src\test\java\GroupID\FlashObjectOptimised.java, fileSeparator :: \, AbsolutePath :: C:\Users\Hp\Documents\IntelliJ Projects\AppiumPOMProject\., Normalized Path :: C:\Users\Hp\Documents\IntelliJ Projects\AppiumPOMProject, File.Separator :: \
14:02:13.397 [AppiumTest1@0] DEBUG c.b.testNgListeners.TestNGUtils - [populateTestDataForBSTestOps] Replaced File Name is :: AppiumPOMProject\src\test\java\GroupID\FlashObjectOptimised.java, Absolute Path :: C:\Users\Hp\Documents\IntelliJ Projects\AppiumPOMProject\.., Normalized Path :: C:\Users\Hp\Documents\IntelliJ Projects 
14:02:13.400 [AppiumTest1@0] DEBUG com.browserstack.testOps.Listener - [ TESTHUB ] Processing Request Kind TestRunFinished
14:02:13.400 [AppiumTest1@0] DEBUG c.browserstack.utils.LogReportingAPI - sendSync failed - driver not found
14:02:13.405 [main] DEBUG com.browserstack.testOps.Listener - [ TESTHUB ] Processing Request Kind LogCreated
14:02:13.406 [Thread-0] DEBUG c.browserstack.BrowserStackJavaAgent - Starting final execution
14:02:13.406 [Thread-0] DEBUG c.b.u.ObservabilityUtilityMethods - Processing batch requests with type: Global
14:02:13.406 [Thread-0] DEBUG c.browserstack.utils.LogReportingAPI - [2024-08-06T08:32:13.406769300Z][ OBSERVABILITY ] Processing stop observability
14:02:13.409 [pool-5-thread-1] DEBUG c.browserstack.utils.RequestBatcher - Processing Batch 22

14:02:13.410 [pool-5-thread-1] DEBUG c.browserstack.testOps.RequestUtils - [requestToTestOps] Sending Observability request: POST api/v1/batch with request size 33228
14:02:13.884 [pool-5-thread-1] DEBUG c.browserstack.testOps.RequestUtils - requestToTestOps: Response code: 200
14:02:13.884 [pool-5-thread-1] DEBUG c.browserstack.utils.LogReportingAPI - 
[2024-08-06T08:32:13.884613600Z][ TESTHUB ] Batch event successfull!

14:02:13.886 [Thread-0] DEBUG c.browserstack.testOps.RequestUtils - [ TESTHUB ] Processing Request Kind stopBuildUpstream
14:02:13.886 [Thread-0] DEBUG c.browserstack.testOps.RequestUtils - [requestToTestOps] Sending Observability request: PUT api/v1/builds/twep8saehgkbxhrv8bjgwrqrkhjddnwun0rouykb/stop with request size 65
14:02:14.116 [Thread-0] DEBUG c.browserstack.testOps.RequestUtils - requestToTestOps: Response code: 200
14:02:14.116 [Thread-0] DEBUG com.browserstack.testOps.Listener - Testhub stop response: 
14:02:16.386 [Thread-0] DEBUG com.browserstack.testOps.UsageStats - getFormattedData: Collecting data for TestObservability
14:02:16.386 [Thread-0] DEBUG com.browserstack.testOps.UsageStats - getEventStats: Getting event data for TestObservability
14:02:16.389 [Thread-0] DEBUG com.browserstack.testOps.UsageStats - [OBSERVABILITY] Failed to parse data from workers
14:02:16.443 [Thread-0] DEBUG c.b.utils.FunnelInstrumentation - Sending funnel data for SDKTestSuccessful with data: {"event_type":"SDKTestSuccessful","accessKey":"cdWAYU5meFd1rax23PEp","userName":"nayankumar_Rp0sMa","event_properties":{"product":"[app-automate, observability]","buildName":"browserstack build","os":"Windows 11","languageVersion":"18.0.2.1","appiumVersion":"9.0.0","frameworkDetectionInstrumentation":{"parseLoadClass":5,"ret-org.openqa.selenium.remote.RemoteWebDriver":308,"retransformClasses":308,"parseDependencies":13},"language":"java","sdkRunId":"014bdae8-44ee-44ef-82be-d23d8007004a","buildIdentifier":"#18","userFramework":"testng","testhub_uuid":"twep8saehgkbxhrv8bjgwrqrkhjddnwun0rouykb","detectedAppiumVersion":"null","detectedDependencies":"testng","productMap":{"app_automate":true,"accessibility":false,"automate":false,"percy":false,"observability":true},"referrer":"testng-javaagent\/1.20.2","hostname":"DESKTOP-13RHPFK","measures":{"local:start":5359,"sdk:setup":10442,"local:stop":2268},"language_framework":"java_testng","detectedFramework":"testng","productUsage":{"testObservability":{"buildHashedId":"twep8saehgkbxhrv8bjgwrqrkhjddnwun0rouykb","manuallySet":false,"enabled":true,"events":{"hookEvents":{"started":{"errors":[],"failedCount":0,"sentCount":1,"triggeredCount":1},"finished":{"triggeredCount":1,"failedCount":0,"errors":[],"sentCount":1},"failed":{"errors":[],"failedCount":0,"sentCount":1,"triggeredCount":1}},"logEvents":{"errors":[],"failedCount":0,"sentCount":12,"triggeredCount":12,"log":{"errors":[],"failedCount":0,"sentCount":12,"triggeredCount":12}},"testEvents":{"started":{"errors":[],"failedCount":0,"sentCount":4,"triggeredCount":4},"finished":{"triggeredCount":4,"failedCount":0,"errors":[],"sentCount":4},"skipped":{"errors":[],"failedCount":0,"sentCount":4,"triggeredCount":4}},"batchEvents":{"triggeredCount":1,"failedCount":0,"errors":[],"sentCount":1},"cbtSessionEvents":{"errors":[],"failedCount":0,"sentCount":0,"triggeredCount":0},"buildEvents":{"started":{"error":null,"triggered":true,"status":"success"},"finished":{"error":null,"triggered":true,"status":"success"}}}}},"detectedSeleniumVersion":"null","browserStackConfig":{"browserstackLocal":true,"percy":false,"logLevel":"info","staticWebDriver":true,"autoDetectFramework":true,"percyCaptureMode":"MANUAL","browserStackLocalOptions":{"localIdentifier":"06_Aug_142_DESKTOP_13RHPFK_COWo","key":"****"},"percyOptions":null,"testContextOptions":{"serenityOverridePlugin":false,"skipSessionStatus":false,"skipSessionName":false},"platforms":[{"capabilities":{"platformVersion":13.0,"platformName":"android","deviceName":"Samsung Galaxy S23"},"osVersion":null,"os":null,"browser":null,"browserVersion":null,"device":"Samsung Galaxy S23","platformCaps":{"platformVersion":13.0,"platformName":"android","deviceName":"Samsung Galaxy S23"},"platformString":"Samsung Galaxy S23, 13.0","customVariables":"****"}],"parallelsPerPlatform":1,"framework":"testng","accessibility":false,"accessibilityOptions":{},"turboScaleOptions":{},"disableAutoCaptureLogs":true,"testObservability":true,"browserstackAutomation":true,"turboScale":false,"testObservabilityOptions":{},"gradleMConfig":null,"proxySettings":null},"seleniumVersion":""}}
14:02:17.373 [Thread-0] DEBUG c.b.utils.FunnelInstrumentation - API Event SDKTestSuccessful response - {"message":"SDK Event recorded successfully"}
14:02:19.401 [Thread-0] DEBUG c.browserstack.utils.UtilityMethods - Browserstack Gradle-M Config File does not exist.
14:03:12.476 [main] DEBUG c.b.config.BrowserStackConfig - Cli Config passed - {}
14:03:12.790 [main] DEBUG c.b.logger.BrowserstackLoggerFactory - Log Level set to TRACE for logger com.browserstack
14:03:12.790 [main] DEBUG c.b.logger.BrowserstackLoggerFactory - Log Level set to INFO for logger stdoutPrinter
14:03:12.882 [main] DEBUG c.b.utils.FrameworkDetectionUtils - Java command - com.intellij.rt.testng.RemoteTestNGStarter -usedefaultlisteners false -socket57432 @w@C:\Users\Hp\AppData\Local\Temp\idea_working_dirs_testng.tmp -temp C:\Users\Hp\AppData\Local\Temp\idea_testng.tmp
14:03:12.883 [main] DEBUG c.b.utils.FrameworkDetectionUtils - Test classes detected: 
14:03:12.890 [main] DEBUG c.b.utils.FrameworkDetectionUtils - Runner: testng, Engine: none
14:03:12.904 [main] DEBUG c.b.utils.FrameworkDetectionUtils - Runner: testng, Engine: none from dependencies
14:03:12.904 [main] DEBUG c.b.utils.FrameworkDetectionUtils - Detected final framework as: testng
14:03:12.904 [main] DEBUG c.browserstack.BrowserStackJavaAgent - JavaAgent Version 1.20.2
14:03:12.908 [main] DEBUG c.b.utils.ExitSignalHandler - Registered handler for INT
14:03:12.908 [main] DEBUG c.b.utils.ExitSignalHandler - Registered handler for TERM
14:03:12.908 [main] DEBUG c.b.utils.ExitSignalHandler - Unable to attach signal handler for HUP Unknown signal: HUP
14:03:12.908 [main] DEBUG c.b.utils.ExitSignalHandler - Registered handler for ABRT
14:03:13.308 [Thread-1] DEBUG c.browserstack.utils.UtilityMethods - NEXT HUBS ARE: ["hub-aps.browserstack.com","hub-euw.browserstack.com","hub-apse.browserstack.com"]
14:03:13.575 [main] DEBUG c.browserstack.utils.UtilityMethods - EXECUTION TIME OF hub-aps.browserstack.com HUB IS: 265ms
14:03:14.457 [main] DEBUG c.browserstack.utils.UtilityMethods - EXECUTION TIME OF hub-euw.browserstack.com HUB IS: 878ms
14:03:15.402 [main] DEBUG c.browserstack.utils.UtilityMethods - EXECUTION TIME OF hub-apse.browserstack.com HUB IS: 944ms
14:03:15.403 [main] DEBUG c.browserstack.utils.UtilityMethods - NEAREST HUB ALLOCATED IS - hub-aps.browserstack.com
14:03:15.415 [main] DEBUG c.b.utils.FunnelInstrumentation - Sending funnel data for SDKTestAttempted with data: {"event_type":"SDKTestAttempted","accessKey":"cdWAYU5meFd1rax23PEp","userName":"nayankumar_Rp0sMa","event_properties":{"product":"[app-automate, observability]","buildName":"browserstack build","os":"Windows 11","languageVersion":"18.0.2.1","appiumVersion":"9.0.0","frameworkDetectionInstrumentation":{"parseLoadClass":6,"parseDependencies":14},"language":"java","sdkRunId":"7ab558f5-5330-4af2-b952-97844d09574e","buildIdentifier":"#19","userFramework":"testng","testhub_uuid":"","detectedAppiumVersion":"null","detectedDependencies":"testng","productMap":{"app_automate":true,"accessibility":false,"automate":false,"percy":false,"observability":true},"referrer":"testng-javaagent\/1.20.2","hostname":"DESKTOP-13RHPFK","language_framework":"java_testng","detectedFramework":"testng","detectedSeleniumVersion":"null","seleniumVersion":""}}
14:03:15.780 [main] DEBUG c.b.utils.FunnelInstrumentation - API Event SDKTestAttempted response - {"message":"SDK Event recorded successfully"}
14:03:15.980 [main] DEBUG c.browserstack.testOps.RequestUtils - [ TESTHUB ] Processing Request Kind launchTestSession
14:03:15.980 [main] DEBUG c.browserstack.testOps.RequestUtils - [requestToTestOps] Sending Observability request: POST api/v2/builds with request size 1330
14:03:17.370 [main] DEBUG c.browserstack.testOps.RequestUtils - requestToTestOps: Response code: 200
14:03:17.370 [main] DEBUG com.browserstack.testOps.Listener - BROWSERSTACK_TESTHUB_UUID : vzosvwadpouzntjipyju5edogis4urul7xddbtn3
14:03:17.370 [main] DEBUG com.browserstack.testOps.Listener - [ TESTHUB ] Build creation successfull
14:03:17.375 [main] DEBUG com.browserstack.LocalFactory - Starting BrowserStack Local with identifier 06_Aug_143_DESKTOP_13RHPFK_H7qm
14:03:22.619 [main] DEBUG c.b.t.XMLSuiteClassListener - Number of parallels - 1 and number of platforms - 1
14:03:22.900 [main] DEBUG com.browserstack.testOps.Listener - [ TESTHUB ] Processing Request Kind LogCreated
14:03:22.903 [main] DEBUG com.browserstack.testOps.Listener - [ TESTHUB ] Processing Request Kind LogCreated
14:03:22.907 [main] DEBUG com.browserstack.testOps.Listener - [ TESTHUB ] Processing Request Kind LogCreated
14:03:22.907 [main] DEBUG com.browserstack.testOps.Listener - [ TESTHUB ] Processing Request Kind LogCreated
14:03:22.907 [main] DEBUG com.browserstack.testOps.Listener - [ TESTHUB ] Processing Request Kind LogCreated
14:03:22.914 [main] DEBUG com.browserstack.testOps.Listener - [ TESTHUB ] Processing Request Kind LogCreated
14:03:22.914 [main] DEBUG com.browserstack.testOps.Listener - [ TESTHUB ] Processing Request Kind LogCreated
14:03:22.914 [main] DEBUG com.browserstack.testOps.Listener - [ TESTHUB ] Processing Request Kind LogCreated
14:03:22.915 [main] DEBUG com.browserstack.testOps.Listener - [ TESTHUB ] Processing Request Kind LogCreated
14:03:22.915 [main] DEBUG com.browserstack.testOps.Listener - [ TESTHUB ] Processing Request Kind LogCreated
14:03:22.921 [main] DEBUG com.browserstack.testOps.Listener - [ TESTHUB ] Processing Request Kind LogCreated
14:03:22.922 [main] DEBUG c.browserstack.utils.LogReportingAPI - [2024-08-06T08:33:22.922700100Z][ OBSERVABILITY ] Processing Logs patching stream
14:03:22.966 [configureAppium@0] DEBUG c.b.testNgListeners.TestNGUtils - [populateTestDataForBSTestOps] Event Type :: HookRunStarted, Method ClassName :: testBaseUtils.WFlashBeforeEachTestAndroid 
14:03:22.966 [configureAppium@0] DEBUG c.browserstack.utils.UtilityMethods - [findFileMatcher] Current Path is :: C:\Users\Hp\Documents\IntelliJ Projects\AppiumPOMProject, TestClass :: testBaseUtils\WFlashBeforeEachTestAndroid
14:03:22.982 [configureAppium@0] DEBUG c.b.testNgListeners.TestNGUtils - [populateTestDataForBSTestOps] The filename fetched :: C:\Users\Hp\Documents\IntelliJ Projects\AppiumPOMProject\src\test\java\testBaseUtils\WFlashBeforeEachTestAndroid.java, fileSeparator :: \, AbsolutePath :: C:\Users\Hp\Documents\IntelliJ Projects\AppiumPOMProject\., Normalized Path :: C:\Users\Hp\Documents\IntelliJ Projects\AppiumPOMProject, File.Separator :: \
14:03:22.983 [configureAppium@0] DEBUG c.b.testNgListeners.TestNGUtils - [populateTestDataForBSTestOps] Replaced File Name is :: AppiumPOMProject\src\test\java\testBaseUtils\WFlashBeforeEachTestAndroid.java, Absolute Path :: C:\Users\Hp\Documents\IntelliJ Projects\AppiumPOMProject\.., Normalized Path :: C:\Users\Hp\Documents\IntelliJ Projects 
14:03:22.985 [configureAppium@0] DEBUG com.browserstack.testOps.Listener - [ TESTHUB ] Processing Request Kind HookRunStarted
14:03:23.217 [configureAppium@0] DEBUG c.browserstack.utils.UtilityMethods - [Patch]: SDK enabled, patching remote server
14:03:23.218 [configureAppium@0] DEBUG c.b.selenium.SeleniumHandler - beforeDriverInit: SDK enabled. Thread ID: 43
14:03:23.223 [configureAppium@0] DEBUG c.browserstack.utils.UtilityMethods - [Patch]: SDK enabled, patching remote server
14:03:23.351 [AppiumPOMProject-0@0] DEBUG c.b.testNgListeners.TestNGUtils - [populateTestDataForBSTestOps] Event Type :: TestRunStarted, Test ClassName :: GroupID.FlashTestClass
14:03:23.351 [AppiumPOMProject-0@0] DEBUG c.browserstack.utils.UtilityMethods - [findFileMatcher] Current Path is :: C:\Users\Hp\Documents\IntelliJ Projects\AppiumPOMProject, TestClass :: GroupID\FlashObjectOptimised
14:03:23.362 [AppiumPOMProject-0@0] DEBUG c.b.testNgListeners.TestNGUtils - [populateTestDataForBSTestOps] The filename fetched :: C:\Users\Hp\Documents\IntelliJ Projects\AppiumPOMProject\src\test\java\GroupID\FlashObjectOptimised.java, fileSeparator :: \, AbsolutePath :: C:\Users\Hp\Documents\IntelliJ Projects\AppiumPOMProject\., Normalized Path :: C:\Users\Hp\Documents\IntelliJ Projects\AppiumPOMProject, File.Separator :: \
14:03:23.362 [AppiumPOMProject-0@0] DEBUG c.b.testNgListeners.TestNGUtils - [populateTestDataForBSTestOps] Replaced File Name is :: AppiumPOMProject\src\test\java\GroupID\FlashObjectOptimised.java, Absolute Path :: C:\Users\Hp\Documents\IntelliJ Projects\AppiumPOMProject\.., Normalized Path :: C:\Users\Hp\Documents\IntelliJ Projects 
14:03:23.366 [AppiumPOMProject-0@0] DEBUG com.browserstack.testOps.Listener - [ TESTHUB ] Processing Request Kind TestRunStarted
14:03:23.367 [AppiumTest1@0] DEBUG c.b.testNgListeners.TestNGUtils - [populateTestDataForBSTestOps] Event Type :: HookRunFinished, Method ClassName :: testBaseUtils.WFlashBeforeEachTestAndroid 
14:03:23.367 [AppiumTest1@0] DEBUG c.browserstack.utils.UtilityMethods - [findFileMatcher] Current Path is :: C:\Users\Hp\Documents\IntelliJ Projects\AppiumPOMProject, TestClass :: testBaseUtils\WFlashBeforeEachTestAndroid
14:03:23.379 [AppiumTest1@0] DEBUG c.b.testNgListeners.TestNGUtils - [populateTestDataForBSTestOps] The filename fetched :: C:\Users\Hp\Documents\IntelliJ Projects\AppiumPOMProject\src\test\java\testBaseUtils\WFlashBeforeEachTestAndroid.java, fileSeparator :: \, AbsolutePath :: C:\Users\Hp\Documents\IntelliJ Projects\AppiumPOMProject\., Normalized Path :: C:\Users\Hp\Documents\IntelliJ Projects\AppiumPOMProject, File.Separator :: \
14:03:23.379 [AppiumTest1@0] DEBUG c.b.testNgListeners.TestNGUtils - [populateTestDataForBSTestOps] Replaced File Name is :: AppiumPOMProject\src\test\java\testBaseUtils\WFlashBeforeEachTestAndroid.java, Absolute Path :: C:\Users\Hp\Documents\IntelliJ Projects\AppiumPOMProject\.., Normalized Path :: C:\Users\Hp\Documents\IntelliJ Projects 
14:03:23.380 [AppiumTest1@0] DEBUG com.browserstack.testOps.Listener - [ TESTHUB ] Processing Request Kind HookRunFinished
14:03:23.381 [AppiumTest1@0] DEBUG c.b.testNgListeners.TestNGUtils - [populateTestDataForBSTestOps] Event Type :: TestRunSkipped, Test ClassName :: GroupID.FlashTestClass
14:03:23.381 [AppiumTest1@0] DEBUG c.browserstack.utils.UtilityMethods - [findFileMatcher] Current Path is :: C:\Users\Hp\Documents\IntelliJ Projects\AppiumPOMProject, TestClass :: GroupID\FlashObjectOptimised
14:03:23.390 [AppiumTest1@0] DEBUG c.b.testNgListeners.TestNGUtils - [populateTestDataForBSTestOps] The filename fetched :: C:\Users\Hp\Documents\IntelliJ Projects\AppiumPOMProject\src\test\java\GroupID\FlashObjectOptimised.java, fileSeparator :: \, AbsolutePath :: C:\Users\Hp\Documents\IntelliJ Projects\AppiumPOMProject\., Normalized Path :: C:\Users\Hp\Documents\IntelliJ Projects\AppiumPOMProject, File.Separator :: \
14:03:23.390 [AppiumTest1@0] DEBUG c.b.testNgListeners.TestNGUtils - [populateTestDataForBSTestOps] Replaced File Name is :: AppiumPOMProject\src\test\java\GroupID\FlashObjectOptimised.java, Absolute Path :: C:\Users\Hp\Documents\IntelliJ Projects\AppiumPOMProject\.., Normalized Path :: C:\Users\Hp\Documents\IntelliJ Projects 
14:03:23.395 [AppiumTest1@0] DEBUG com.browserstack.testOps.Listener - [ TESTHUB ] Processing Request Kind TestRunFinished
14:03:23.395 [AppiumTest1@0] DEBUG c.browserstack.utils.LogReportingAPI - sendSync failed - driver not found
14:03:23.400 [AppiumPOMProject-0@0] DEBUG c.b.testNgListeners.TestNGUtils - [populateTestDataForBSTestOps] Event Type :: TestRunStarted, Test ClassName :: GroupID.FlashTestClass
14:03:23.400 [AppiumPOMProject-0@0] DEBUG c.browserstack.utils.UtilityMethods - [findFileMatcher] Current Path is :: C:\Users\Hp\Documents\IntelliJ Projects\AppiumPOMProject, TestClass :: GroupID\FlashObjectOptimised
14:03:23.415 [AppiumPOMProject-0@0] DEBUG c.b.testNgListeners.TestNGUtils - [populateTestDataForBSTestOps] The filename fetched :: C:\Users\Hp\Documents\IntelliJ Projects\AppiumPOMProject\src\test\java\GroupID\FlashObjectOptimised.java, fileSeparator :: \, AbsolutePath :: C:\Users\Hp\Documents\IntelliJ Projects\AppiumPOMProject\., Normalized Path :: C:\Users\Hp\Documents\IntelliJ Projects\AppiumPOMProject, File.Separator :: \
14:03:23.415 [AppiumPOMProject-0@0] DEBUG c.b.testNgListeners.TestNGUtils - [populateTestDataForBSTestOps] Replaced File Name is :: AppiumPOMProject\src\test\java\GroupID\FlashObjectOptimised.java, Absolute Path :: C:\Users\Hp\Documents\IntelliJ Projects\AppiumPOMProject\.., Normalized Path :: C:\Users\Hp\Documents\IntelliJ Projects 
14:03:23.419 [AppiumPOMProject-0@0] DEBUG com.browserstack.testOps.Listener - [ TESTHUB ] Processing Request Kind TestRunStarted
14:03:23.420 [AppiumTest1@0] DEBUG c.b.testNgListeners.TestNGUtils - [populateTestDataForBSTestOps] Event Type :: TestRunSkipped, Test ClassName :: GroupID.FlashTestClass
14:03:23.420 [AppiumTest1@0] DEBUG c.browserstack.utils.UtilityMethods - [findFileMatcher] Current Path is :: C:\Users\Hp\Documents\IntelliJ Projects\AppiumPOMProject, TestClass :: GroupID\FlashObjectOptimised
14:03:23.432 [AppiumTest1@0] DEBUG c.b.testNgListeners.TestNGUtils - [populateTestDataForBSTestOps] The filename fetched :: C:\Users\Hp\Documents\IntelliJ Projects\AppiumPOMProject\src\test\java\GroupID\FlashObjectOptimised.java, fileSeparator :: \, AbsolutePath :: C:\Users\Hp\Documents\IntelliJ Projects\AppiumPOMProject\., Normalized Path :: C:\Users\Hp\Documents\IntelliJ Projects\AppiumPOMProject, File.Separator :: \
14:03:23.432 [AppiumTest1@0] DEBUG c.b.testNgListeners.TestNGUtils - [populateTestDataForBSTestOps] Replaced File Name is :: AppiumPOMProject\src\test\java\GroupID\FlashObjectOptimised.java, Absolute Path :: C:\Users\Hp\Documents\IntelliJ Projects\AppiumPOMProject\.., Normalized Path :: C:\Users\Hp\Documents\IntelliJ Projects 
14:03:23.436 [AppiumTest1@0] DEBUG com.browserstack.testOps.Listener - [ TESTHUB ] Processing Request Kind TestRunFinished
14:03:23.436 [AppiumTest1@0] DEBUG c.browserstack.utils.LogReportingAPI - sendSync failed - driver not found
14:03:23.439 [AppiumPOMProject-0@0] DEBUG c.b.testNgListeners.TestNGUtils - [populateTestDataForBSTestOps] Event Type :: TestRunStarted, Test ClassName :: GroupID.FlashTestClass
14:03:23.439 [AppiumPOMProject-0@0] DEBUG c.browserstack.utils.UtilityMethods - [findFileMatcher] Current Path is :: C:\Users\Hp\Documents\IntelliJ Projects\AppiumPOMProject, TestClass :: GroupID\FlashObjectOptimised
14:03:23.453 [AppiumPOMProject-0@0] DEBUG c.b.testNgListeners.TestNGUtils - [populateTestDataForBSTestOps] The filename fetched :: C:\Users\Hp\Documents\IntelliJ Projects\AppiumPOMProject\src\test\java\GroupID\FlashObjectOptimised.java, fileSeparator :: \, AbsolutePath :: C:\Users\Hp\Documents\IntelliJ Projects\AppiumPOMProject\., Normalized Path :: C:\Users\Hp\Documents\IntelliJ Projects\AppiumPOMProject, File.Separator :: \
14:03:23.453 [AppiumPOMProject-0@0] DEBUG c.b.testNgListeners.TestNGUtils - [populateTestDataForBSTestOps] Replaced File Name is :: AppiumPOMProject\src\test\java\GroupID\FlashObjectOptimised.java, Absolute Path :: C:\Users\Hp\Documents\IntelliJ Projects\AppiumPOMProject\.., Normalized Path :: C:\Users\Hp\Documents\IntelliJ Projects 
14:03:23.456 [AppiumPOMProject-0@0] DEBUG com.browserstack.testOps.Listener - [ TESTHUB ] Processing Request Kind TestRunStarted
14:03:23.457 [AppiumTest1@0] DEBUG c.b.testNgListeners.TestNGUtils - [populateTestDataForBSTestOps] Event Type :: TestRunSkipped, Test ClassName :: GroupID.FlashTestClass
14:03:23.457 [AppiumTest1@0] DEBUG c.browserstack.utils.UtilityMethods - [findFileMatcher] Current Path is :: C:\Users\Hp\Documents\IntelliJ Projects\AppiumPOMProject, TestClass :: GroupID\FlashObjectOptimised
14:03:23.468 [AppiumTest1@0] DEBUG c.b.testNgListeners.TestNGUtils - [populateTestDataForBSTestOps] The filename fetched :: C:\Users\Hp\Documents\IntelliJ Projects\AppiumPOMProject\src\test\java\GroupID\FlashObjectOptimised.java, fileSeparator :: \, AbsolutePath :: C:\Users\Hp\Documents\IntelliJ Projects\AppiumPOMProject\., Normalized Path :: C:\Users\Hp\Documents\IntelliJ Projects\AppiumPOMProject, File.Separator :: \
14:03:23.469 [AppiumTest1@0] DEBUG c.b.testNgListeners.TestNGUtils - [populateTestDataForBSTestOps] Replaced File Name is :: AppiumPOMProject\src\test\java\GroupID\FlashObjectOptimised.java, Absolute Path :: C:\Users\Hp\Documents\IntelliJ Projects\AppiumPOMProject\.., Normalized Path :: C:\Users\Hp\Documents\IntelliJ Projects 
14:03:23.473 [AppiumTest1@0] DEBUG com.browserstack.testOps.Listener - [ TESTHUB ] Processing Request Kind TestRunFinished
14:03:23.474 [AppiumTest1@0] DEBUG c.browserstack.utils.LogReportingAPI - sendSync failed - driver not found
14:03:23.477 [AppiumPOMProject-0@0] DEBUG c.b.testNgListeners.TestNGUtils - [populateTestDataForBSTestOps] Event Type :: TestRunStarted, Test ClassName :: GroupID.FlashTestClass
14:03:23.477 [AppiumPOMProject-0@0] DEBUG c.browserstack.utils.UtilityMethods - [findFileMatcher] Current Path is :: C:\Users\Hp\Documents\IntelliJ Projects\AppiumPOMProject, TestClass :: GroupID\FlashObjectOptimised
14:03:23.488 [AppiumPOMProject-0@0] DEBUG c.b.testNgListeners.TestNGUtils - [populateTestDataForBSTestOps] The filename fetched :: C:\Users\Hp\Documents\IntelliJ Projects\AppiumPOMProject\src\test\java\GroupID\FlashObjectOptimised.java, fileSeparator :: \, AbsolutePath :: C:\Users\Hp\Documents\IntelliJ Projects\AppiumPOMProject\., Normalized Path :: C:\Users\Hp\Documents\IntelliJ Projects\AppiumPOMProject, File.Separator :: \
14:03:23.488 [AppiumPOMProject-0@0] DEBUG c.b.testNgListeners.TestNGUtils - [populateTestDataForBSTestOps] Replaced File Name is :: AppiumPOMProject\src\test\java\GroupID\FlashObjectOptimised.java, Absolute Path :: C:\Users\Hp\Documents\IntelliJ Projects\AppiumPOMProject\.., Normalized Path :: C:\Users\Hp\Documents\IntelliJ Projects 
14:03:23.491 [AppiumPOMProject-0@0] DEBUG com.browserstack.testOps.Listener - [ TESTHUB ] Processing Request Kind TestRunStarted
14:03:23.492 [AppiumTest1@0] DEBUG c.b.testNgListeners.TestNGUtils - [populateTestDataForBSTestOps] Event Type :: TestRunSkipped, Test ClassName :: GroupID.FlashTestClass
14:03:23.492 [AppiumTest1@0] DEBUG c.browserstack.utils.UtilityMethods - [findFileMatcher] Current Path is :: C:\Users\Hp\Documents\IntelliJ Projects\AppiumPOMProject, TestClass :: GroupID\FlashObjectOptimised
14:03:23.503 [AppiumTest1@0] DEBUG c.b.testNgListeners.TestNGUtils - [populateTestDataForBSTestOps] The filename fetched :: C:\Users\Hp\Documents\IntelliJ Projects\AppiumPOMProject\src\test\java\GroupID\FlashObjectOptimised.java, fileSeparator :: \, AbsolutePath :: C:\Users\Hp\Documents\IntelliJ Projects\AppiumPOMProject\., Normalized Path :: C:\Users\Hp\Documents\IntelliJ Projects\AppiumPOMProject, File.Separator :: \
14:03:23.503 [AppiumTest1@0] DEBUG c.b.testNgListeners.TestNGUtils - [populateTestDataForBSTestOps] Replaced File Name is :: AppiumPOMProject\src\test\java\GroupID\FlashObjectOptimised.java, Absolute Path :: C:\Users\Hp\Documents\IntelliJ Projects\AppiumPOMProject\.., Normalized Path :: C:\Users\Hp\Documents\IntelliJ Projects 
14:03:23.506 [AppiumTest1@0] DEBUG com.browserstack.testOps.Listener - [ TESTHUB ] Processing Request Kind TestRunFinished
14:03:23.507 [AppiumTest1@0] DEBUG c.browserstack.utils.LogReportingAPI - sendSync failed - driver not found
14:03:23.512 [main] DEBUG com.browserstack.testOps.Listener - [ TESTHUB ] Processing Request Kind LogCreated
14:03:23.514 [Thread-0] DEBUG c.browserstack.BrowserStackJavaAgent - Starting final execution
14:03:23.515 [Thread-0] DEBUG c.b.u.ObservabilityUtilityMethods - Processing batch requests with type: Global
14:03:23.515 [Thread-0] DEBUG c.browserstack.utils.LogReportingAPI - [2024-08-06T08:33:23.515420700Z][ OBSERVABILITY ] Processing stop observability
14:03:23.517 [pool-5-thread-1] DEBUG c.browserstack.utils.RequestBatcher - Processing Batch 22

14:03:23.518 [pool-5-thread-1] DEBUG c.browserstack.testOps.RequestUtils - [requestToTestOps] Sending Observability request: POST api/v1/batch with request size 33225
14:03:24.012 [pool-5-thread-1] DEBUG c.browserstack.testOps.RequestUtils - requestToTestOps: Response code: 200
14:03:24.013 [pool-5-thread-1] DEBUG c.browserstack.utils.LogReportingAPI - 
[2024-08-06T08:33:24.013031300Z][ TESTHUB ] Batch event successfull!

14:03:24.013 [Thread-0] DEBUG c.browserstack.testOps.RequestUtils - [ TESTHUB ] Processing Request Kind stopBuildUpstream
14:03:24.013 [Thread-0] DEBUG c.browserstack.testOps.RequestUtils - [requestToTestOps] Sending Observability request: PUT api/v1/builds/vzosvwadpouzntjipyju5edogis4urul7xddbtn3/stop with request size 65
14:03:24.267 [Thread-0] DEBUG c.browserstack.testOps.RequestUtils - requestToTestOps: Response code: 200
14:03:24.267 [Thread-0] DEBUG com.browserstack.testOps.Listener - Testhub stop response: 
14:03:26.520 [Thread-0] DEBUG com.browserstack.testOps.UsageStats - getFormattedData: Collecting data for TestObservability
14:03:26.520 [Thread-0] DEBUG com.browserstack.testOps.UsageStats - getEventStats: Getting event data for TestObservability
14:03:26.523 [Thread-0] DEBUG com.browserstack.testOps.UsageStats - [OBSERVABILITY] Failed to parse data from workers
14:03:26.577 [Thread-0] DEBUG c.b.utils.FunnelInstrumentation - Sending funnel data for SDKTestSuccessful with data: {"event_type":"SDKTestSuccessful","accessKey":"cdWAYU5meFd1rax23PEp","userName":"nayankumar_Rp0sMa","event_properties":{"product":"[app-automate, observability]","buildName":"browserstack build","os":"Windows 11","languageVersion":"18.0.2.1","appiumVersion":"9.0.0","frameworkDetectionInstrumentation":{"parseLoadClass":6,"ret-org.openqa.selenium.remote.RemoteWebDriver":285,"retransformClasses":285,"parseDependencies":14},"language":"java","sdkRunId":"7ab558f5-5330-4af2-b952-97844d09574e","buildIdentifier":"#19","userFramework":"testng","testhub_uuid":"vzosvwadpouzntjipyju5edogis4urul7xddbtn3","detectedAppiumVersion":"null","detectedDependencies":"testng","productMap":{"app_automate":true,"accessibility":false,"automate":false,"percy":false,"observability":true},"referrer":"testng-javaagent\/1.20.2","hostname":"DESKTOP-13RHPFK","measures":{"local:start":4759,"sdk:setup":9982,"local:stop":2251},"language_framework":"java_testng","detectedFramework":"testng","productUsage":{"testObservability":{"buildHashedId":"vzosvwadpouzntjipyju5edogis4urul7xddbtn3","manuallySet":false,"enabled":true,"events":{"hookEvents":{"started":{"errors":[],"triggeredCount":1,"sentCount":1,"failedCount":0},"finished":{"triggeredCount":1,"failedCount":0,"errors":[],"sentCount":1},"failed":{"errors":[],"triggeredCount":1,"sentCount":1,"failedCount":0}},"logEvents":{"errors":[],"triggeredCount":12,"sentCount":12,"failedCount":0,"log":{"errors":[],"triggeredCount":12,"sentCount":12,"failedCount":0}},"testEvents":{"started":{"errors":[],"triggeredCount":4,"sentCount":4,"failedCount":0},"finished":{"triggeredCount":4,"failedCount":0,"errors":[],"sentCount":4},"skipped":{"errors":[],"triggeredCount":4,"sentCount":4,"failedCount":0}},"batchEvents":{"triggeredCount":1,"failedCount":0,"errors":[],"sentCount":1},"cbtSessionEvents":{"errors":[],"triggeredCount":0,"sentCount":0,"failedCount":0},"buildEvents":{"started":{"error":null,"status":"success","triggered":true},"finished":{"error":null,"status":"success","triggered":true}}}}},"detectedSeleniumVersion":"null","browserStackConfig":{"browserstackLocal":true,"percy":false,"logLevel":"info","staticWebDriver":true,"autoDetectFramework":true,"percyCaptureMode":"MANUAL","browserStackLocalOptions":{"localIdentifier":"06_Aug_143_DESKTOP_13RHPFK_H7qm","key":"****"},"percyOptions":null,"testContextOptions":{"serenityOverridePlugin":false,"skipSessionName":false,"skipSessionStatus":false},"platforms":[{"platformString":"Samsung Galaxy S23, 13.0","platformCaps":{"platformVersion":13.0,"platformName":"android","deviceName":"Samsung Galaxy S23"},"os":null,"device":"Samsung Galaxy S23","capabilities":{"platformVersion":13.0,"platformName":"android","deviceName":"Samsung Galaxy S23"},"osVersion":null,"browser":null,"browserVersion":null,"customVariables":"****"}],"parallelsPerPlatform":1,"framework":"testng","accessibility":false,"accessibilityOptions":{},"turboScaleOptions":{},"disableAutoCaptureLogs":true,"testObservability":true,"browserstackAutomation":true,"turboScale":false,"testObservabilityOptions":{},"gradleMConfig":null,"proxySettings":null},"seleniumVersion":""}}
14:03:26.887 [Thread-0] DEBUG c.b.utils.FunnelInstrumentation - API Event SDKTestSuccessful response - {"message":"SDK Event recorded successfully"}
14:03:28.735 [Thread-0] DEBUG c.browserstack.utils.UtilityMethods - Browserstack Gradle-M Config File does not exist.
14:04:13.309 [main] DEBUG c.b.config.BrowserStackConfig - Cli Config passed - {}
14:04:13.606 [main] DEBUG c.b.logger.BrowserstackLoggerFactory - Log Level set to TRACE for logger com.browserstack
14:04:13.606 [main] DEBUG c.b.logger.BrowserstackLoggerFactory - Log Level set to INFO for logger stdoutPrinter
14:04:13.711 [main] DEBUG c.b.utils.FrameworkDetectionUtils - Java command - com.intellij.rt.testng.RemoteTestNGStarter -usedefaultlisteners false -socket57530 @w@C:\Users\Hp\AppData\Local\Temp\idea_working_dirs_testng.tmp -temp C:\Users\Hp\AppData\Local\Temp\idea_testng.tmp
14:04:13.711 [main] DEBUG c.b.utils.FrameworkDetectionUtils - Test classes detected: 
14:04:13.718 [main] DEBUG c.b.utils.FrameworkDetectionUtils - Runner: testng, Engine: none
14:04:13.731 [main] DEBUG c.b.utils.FrameworkDetectionUtils - Runner: testng, Engine: none from dependencies
14:04:13.731 [main] DEBUG c.b.utils.FrameworkDetectionUtils - Detected final framework as: testng
14:04:13.732 [main] DEBUG c.browserstack.BrowserStackJavaAgent - JavaAgent Version 1.20.2
14:04:13.735 [main] DEBUG c.b.utils.ExitSignalHandler - Registered handler for INT
14:04:13.735 [main] DEBUG c.b.utils.ExitSignalHandler - Registered handler for TERM
14:04:13.735 [main] DEBUG c.b.utils.ExitSignalHandler - Unable to attach signal handler for HUP Unknown signal: HUP
14:04:13.735 [main] DEBUG c.b.utils.ExitSignalHandler - Registered handler for ABRT
14:04:14.404 [Thread-1] DEBUG c.browserstack.utils.UtilityMethods - NEXT HUBS ARE: ["hub-aps.browserstack.com","hub-euw.browserstack.com","hub-apse.browserstack.com"]
14:04:14.689 [main] DEBUG c.browserstack.utils.UtilityMethods - EXECUTION TIME OF hub-aps.browserstack.com HUB IS: 283ms
14:04:18.344 [main] DEBUG c.browserstack.utils.UtilityMethods - EXECUTION TIME OF hub-euw.browserstack.com HUB IS: 3647ms
14:04:19.312 [main] DEBUG c.browserstack.utils.UtilityMethods - EXECUTION TIME OF hub-apse.browserstack.com HUB IS: 967ms
14:04:19.313 [main] DEBUG c.browserstack.utils.UtilityMethods - NEAREST HUB ALLOCATED IS - hub-aps.browserstack.com
14:04:19.327 [main] DEBUG c.b.utils.FunnelInstrumentation - Sending funnel data for SDKTestAttempted with data: {"event_type":"SDKTestAttempted","accessKey":"cdWAYU5meFd1rax23PEp","userName":"nayankumar_Rp0sMa","event_properties":{"product":"[app-automate, observability]","buildName":"browserstack build","os":"Windows 11","languageVersion":"18.0.2.1","appiumVersion":"9.0.0","frameworkDetectionInstrumentation":{"parseLoadClass":6,"parseDependencies":13},"language":"java","sdkRunId":"69af374f-5aaf-4048-9e72-f6ae5fe7a660","buildIdentifier":"#20","userFramework":"testng","testhub_uuid":"","detectedAppiumVersion":"null","detectedDependencies":"testng","productMap":{"app_automate":true,"accessibility":false,"automate":false,"percy":false,"observability":true},"referrer":"testng-javaagent\/1.20.2","hostname":"DESKTOP-13RHPFK","language_framework":"java_testng","detectedFramework":"testng","detectedSeleniumVersion":"null","seleniumVersion":""}}
14:04:19.679 [main] DEBUG c.b.utils.FunnelInstrumentation - API Event SDKTestAttempted response - {"message":"SDK Event recorded successfully"}
14:04:19.884 [main] DEBUG c.browserstack.testOps.RequestUtils - [ TESTHUB ] Processing Request Kind launchTestSession
14:04:19.884 [main] DEBUG c.browserstack.testOps.RequestUtils - [requestToTestOps] Sending Observability request: POST api/v2/builds with request size 1330
14:04:21.259 [main] DEBUG c.browserstack.testOps.RequestUtils - requestToTestOps: Response code: 200
14:04:21.264 [main] DEBUG com.browserstack.testOps.Listener - BROWSERSTACK_TESTHUB_UUID : lw23g3ulefvnuwmxhle1ovvgbpdd1hylyyzwo2ya
14:04:21.264 [main] DEBUG com.browserstack.testOps.Listener - [ TESTHUB ] Build creation successfull
14:04:21.267 [main] DEBUG com.browserstack.LocalFactory - Starting BrowserStack Local with identifier 06_Aug_144_DESKTOP_13RHPFK_Rtcg
14:04:27.159 [main] DEBUG c.b.t.XMLSuiteClassListener - Number of parallels - 1 and number of platforms - 1
14:04:27.421 [main] DEBUG com.browserstack.testOps.Listener - [ TESTHUB ] Processing Request Kind LogCreated
14:04:27.424 [main] DEBUG com.browserstack.testOps.Listener - [ TESTHUB ] Processing Request Kind LogCreated
14:04:27.426 [main] DEBUG com.browserstack.testOps.Listener - [ TESTHUB ] Processing Request Kind LogCreated
14:04:27.426 [main] DEBUG com.browserstack.testOps.Listener - [ TESTHUB ] Processing Request Kind LogCreated
14:04:27.426 [main] DEBUG com.browserstack.testOps.Listener - [ TESTHUB ] Processing Request Kind LogCreated
14:04:27.433 [main] DEBUG com.browserstack.testOps.Listener - [ TESTHUB ] Processing Request Kind LogCreated
14:04:27.434 [main] DEBUG com.browserstack.testOps.Listener - [ TESTHUB ] Processing Request Kind LogCreated
14:04:27.434 [main] DEBUG com.browserstack.testOps.Listener - [ TESTHUB ] Processing Request Kind LogCreated
14:04:27.434 [main] DEBUG com.browserstack.testOps.Listener - [ TESTHUB ] Processing Request Kind LogCreated
14:04:27.434 [main] DEBUG com.browserstack.testOps.Listener - [ TESTHUB ] Processing Request Kind LogCreated
14:04:27.440 [main] DEBUG com.browserstack.testOps.Listener - [ TESTHUB ] Processing Request Kind LogCreated
14:04:27.441 [main] DEBUG c.browserstack.utils.LogReportingAPI - [2024-08-06T08:34:27.441671400Z][ OBSERVABILITY ] Processing Logs patching stream
14:04:27.480 [configureAppium@0] DEBUG c.b.testNgListeners.TestNGUtils - [populateTestDataForBSTestOps] Event Type :: HookRunStarted, Method ClassName :: testBaseUtils.WFlashBeforeEachTestAndroid 
14:04:27.480 [configureAppium@0] DEBUG c.browserstack.utils.UtilityMethods - [findFileMatcher] Current Path is :: C:\Users\Hp\Documents\IntelliJ Projects\AppiumPOMProject, TestClass :: testBaseUtils\WFlashBeforeEachTestAndroid
14:04:27.495 [configureAppium@0] DEBUG c.b.testNgListeners.TestNGUtils - [populateTestDataForBSTestOps] The filename fetched :: C:\Users\Hp\Documents\IntelliJ Projects\AppiumPOMProject\src\test\java\testBaseUtils\WFlashBeforeEachTestAndroid.java, fileSeparator :: \, AbsolutePath :: C:\Users\Hp\Documents\IntelliJ Projects\AppiumPOMProject\., Normalized Path :: C:\Users\Hp\Documents\IntelliJ Projects\AppiumPOMProject, File.Separator :: \
14:04:27.496 [configureAppium@0] DEBUG c.b.testNgListeners.TestNGUtils - [populateTestDataForBSTestOps] Replaced File Name is :: AppiumPOMProject\src\test\java\testBaseUtils\WFlashBeforeEachTestAndroid.java, Absolute Path :: C:\Users\Hp\Documents\IntelliJ Projects\AppiumPOMProject\.., Normalized Path :: C:\Users\Hp\Documents\IntelliJ Projects 
14:04:27.498 [configureAppium@0] DEBUG com.browserstack.testOps.Listener - [ TESTHUB ] Processing Request Kind HookRunStarted
14:04:29.425 [pool-4-thread-1] DEBUG c.browserstack.utils.RequestBatcher - Time Since Last Batch Processed 1722933269425

14:04:29.428 [pool-5-thread-1] DEBUG c.browserstack.utils.RequestBatcher - Processing Batch 12

14:04:29.429 [pool-5-thread-1] DEBUG c.browserstack.testOps.RequestUtils - [requestToTestOps] Sending Observability request: POST api/v1/batch with request size 3436
14:04:29.680 [pool-5-thread-1] DEBUG c.browserstack.testOps.RequestUtils - requestToTestOps: Response code: 200
14:04:29.680 [pool-5-thread-1] DEBUG c.browserstack.utils.LogReportingAPI - 
[2024-08-06T08:34:29.680602100Z][ TESTHUB ] Batch event successfull!

14:04:29.795 [configureAppium@0] DEBUG c.browserstack.utils.UtilityMethods - [Patch]: SDK enabled, patching remote server
14:04:29.798 [configureAppium@0] DEBUG c.b.selenium.SeleniumHandler - beforeDriverInit: SDK enabled. Thread ID: 43
14:04:29.801 [configureAppium@0] DEBUG c.browserstack.utils.UtilityMethods - [Patch]: SDK enabled, patching remote server
14:04:29.933 [AppiumPOMProject-0@0] DEBUG c.b.testNgListeners.TestNGUtils - [populateTestDataForBSTestOps] Event Type :: TestRunStarted, Test ClassName :: GroupID.FlashTestClass
14:04:29.933 [AppiumPOMProject-0@0] DEBUG c.browserstack.utils.UtilityMethods - [findFileMatcher] Current Path is :: C:\Users\Hp\Documents\IntelliJ Projects\AppiumPOMProject, TestClass :: GroupID\FlashObjectOptimised
14:04:29.944 [AppiumPOMProject-0@0] DEBUG c.b.testNgListeners.TestNGUtils - [populateTestDataForBSTestOps] The filename fetched :: C:\Users\Hp\Documents\IntelliJ Projects\AppiumPOMProject\src\test\java\GroupID\FlashObjectOptimised.java, fileSeparator :: \, AbsolutePath :: C:\Users\Hp\Documents\IntelliJ Projects\AppiumPOMProject\., Normalized Path :: C:\Users\Hp\Documents\IntelliJ Projects\AppiumPOMProject, File.Separator :: \
14:04:29.944 [AppiumPOMProject-0@0] DEBUG c.b.testNgListeners.TestNGUtils - [populateTestDataForBSTestOps] Replaced File Name is :: AppiumPOMProject\src\test\java\GroupID\FlashObjectOptimised.java, Absolute Path :: C:\Users\Hp\Documents\IntelliJ Projects\AppiumPOMProject\.., Normalized Path :: C:\Users\Hp\Documents\IntelliJ Projects 
14:04:29.949 [AppiumPOMProject-0@0] DEBUG com.browserstack.testOps.Listener - [ TESTHUB ] Processing Request Kind TestRunStarted
14:04:29.950 [AppiumTest1@0] DEBUG c.b.testNgListeners.TestNGUtils - [populateTestDataForBSTestOps] Event Type :: HookRunFinished, Method ClassName :: testBaseUtils.WFlashBeforeEachTestAndroid 
14:04:29.950 [AppiumTest1@0] DEBUG c.browserstack.utils.UtilityMethods - [findFileMatcher] Current Path is :: C:\Users\Hp\Documents\IntelliJ Projects\AppiumPOMProject, TestClass :: testBaseUtils\WFlashBeforeEachTestAndroid
14:04:29.961 [AppiumTest1@0] DEBUG c.b.testNgListeners.TestNGUtils - [populateTestDataForBSTestOps] The filename fetched :: C:\Users\Hp\Documents\IntelliJ Projects\AppiumPOMProject\src\test\java\testBaseUtils\WFlashBeforeEachTestAndroid.java, fileSeparator :: \, AbsolutePath :: C:\Users\Hp\Documents\IntelliJ Projects\AppiumPOMProject\., Normalized Path :: C:\Users\Hp\Documents\IntelliJ Projects\AppiumPOMProject, File.Separator :: \
14:04:29.961 [AppiumTest1@0] DEBUG c.b.testNgListeners.TestNGUtils - [populateTestDataForBSTestOps] Replaced File Name is :: AppiumPOMProject\src\test\java\testBaseUtils\WFlashBeforeEachTestAndroid.java, Absolute Path :: C:\Users\Hp\Documents\IntelliJ Projects\AppiumPOMProject\.., Normalized Path :: C:\Users\Hp\Documents\IntelliJ Projects 
14:04:29.961 [AppiumTest1@0] DEBUG com.browserstack.testOps.Listener - [ TESTHUB ] Processing Request Kind HookRunFinished
14:04:29.962 [AppiumTest1@0] DEBUG c.b.testNgListeners.TestNGUtils - [populateTestDataForBSTestOps] Event Type :: TestRunSkipped, Test ClassName :: GroupID.FlashTestClass
14:04:29.962 [AppiumTest1@0] DEBUG c.browserstack.utils.UtilityMethods - [findFileMatcher] Current Path is :: C:\Users\Hp\Documents\IntelliJ Projects\AppiumPOMProject, TestClass :: GroupID\FlashObjectOptimised
14:04:29.972 [AppiumTest1@0] DEBUG c.b.testNgListeners.TestNGUtils - [populateTestDataForBSTestOps] The filename fetched :: C:\Users\Hp\Documents\IntelliJ Projects\AppiumPOMProject\src\test\java\GroupID\FlashObjectOptimised.java, fileSeparator :: \, AbsolutePath :: C:\Users\Hp\Documents\IntelliJ Projects\AppiumPOMProject\., Normalized Path :: C:\Users\Hp\Documents\IntelliJ Projects\AppiumPOMProject, File.Separator :: \
14:04:29.972 [AppiumTest1@0] DEBUG c.b.testNgListeners.TestNGUtils - [populateTestDataForBSTestOps] Replaced File Name is :: AppiumPOMProject\src\test\java\GroupID\FlashObjectOptimised.java, Absolute Path :: C:\Users\Hp\Documents\IntelliJ Projects\AppiumPOMProject\.., Normalized Path :: C:\Users\Hp\Documents\IntelliJ Projects 
14:04:29.976 [AppiumTest1@0] DEBUG com.browserstack.testOps.Listener - [ TESTHUB ] Processing Request Kind TestRunFinished
14:04:29.976 [AppiumTest1@0] DEBUG c.browserstack.utils.LogReportingAPI - sendSync failed - driver not found
14:04:29.978 [AppiumPOMProject-0@0] DEBUG c.b.testNgListeners.TestNGUtils - [populateTestDataForBSTestOps] Event Type :: TestRunStarted, Test ClassName :: GroupID.FlashTestClass
14:04:29.978 [AppiumPOMProject-0@0] DEBUG c.browserstack.utils.UtilityMethods - [findFileMatcher] Current Path is :: C:\Users\Hp\Documents\IntelliJ Projects\AppiumPOMProject, TestClass :: GroupID\FlashObjectOptimised
14:04:29.990 [AppiumPOMProject-0@0] DEBUG c.b.testNgListeners.TestNGUtils - [populateTestDataForBSTestOps] The filename fetched :: C:\Users\Hp\Documents\IntelliJ Projects\AppiumPOMProject\src\test\java\GroupID\FlashObjectOptimised.java, fileSeparator :: \, AbsolutePath :: C:\Users\Hp\Documents\IntelliJ Projects\AppiumPOMProject\., Normalized Path :: C:\Users\Hp\Documents\IntelliJ Projects\AppiumPOMProject, File.Separator :: \
14:04:29.990 [AppiumPOMProject-0@0] DEBUG c.b.testNgListeners.TestNGUtils - [populateTestDataForBSTestOps] Replaced File Name is :: AppiumPOMProject\src\test\java\GroupID\FlashObjectOptimised.java, Absolute Path :: C:\Users\Hp\Documents\IntelliJ Projects\AppiumPOMProject\.., Normalized Path :: C:\Users\Hp\Documents\IntelliJ Projects 
14:04:29.994 [AppiumPOMProject-0@0] DEBUG com.browserstack.testOps.Listener - [ TESTHUB ] Processing Request Kind TestRunStarted
14:04:29.994 [AppiumTest1@0] DEBUG c.b.testNgListeners.TestNGUtils - [populateTestDataForBSTestOps] Event Type :: TestRunSkipped, Test ClassName :: GroupID.FlashTestClass
14:04:29.996 [AppiumTest1@0] DEBUG c.browserstack.utils.UtilityMethods - [findFileMatcher] Current Path is :: C:\Users\Hp\Documents\IntelliJ Projects\AppiumPOMProject, TestClass :: GroupID\FlashObjectOptimised
14:04:30.006 [AppiumTest1@0] DEBUG c.b.testNgListeners.TestNGUtils - [populateTestDataForBSTestOps] The filename fetched :: C:\Users\Hp\Documents\IntelliJ Projects\AppiumPOMProject\src\test\java\GroupID\FlashObjectOptimised.java, fileSeparator :: \, AbsolutePath :: C:\Users\Hp\Documents\IntelliJ Projects\AppiumPOMProject\., Normalized Path :: C:\Users\Hp\Documents\IntelliJ Projects\AppiumPOMProject, File.Separator :: \
14:04:30.006 [AppiumTest1@0] DEBUG c.b.testNgListeners.TestNGUtils - [populateTestDataForBSTestOps] Replaced File Name is :: AppiumPOMProject\src\test\java\GroupID\FlashObjectOptimised.java, Absolute Path :: C:\Users\Hp\Documents\IntelliJ Projects\AppiumPOMProject\.., Normalized Path :: C:\Users\Hp\Documents\IntelliJ Projects 
14:04:30.011 [AppiumTest1@0] DEBUG com.browserstack.testOps.Listener - [ TESTHUB ] Processing Request Kind TestRunFinished
14:04:30.011 [AppiumTest1@0] DEBUG c.browserstack.utils.LogReportingAPI - sendSync failed - driver not found
14:04:30.014 [AppiumPOMProject-0@0] DEBUG c.b.testNgListeners.TestNGUtils - [populateTestDataForBSTestOps] Event Type :: TestRunStarted, Test ClassName :: GroupID.FlashTestClass
14:04:30.015 [AppiumPOMProject-0@0] DEBUG c.browserstack.utils.UtilityMethods - [findFileMatcher] Current Path is :: C:\Users\Hp\Documents\IntelliJ Projects\AppiumPOMProject, TestClass :: GroupID\FlashObjectOptimised
14:04:30.024 [AppiumPOMProject-0@0] DEBUG c.b.testNgListeners.TestNGUtils - [populateTestDataForBSTestOps] The filename fetched :: C:\Users\Hp\Documents\IntelliJ Projects\AppiumPOMProject\src\test\java\GroupID\FlashObjectOptimised.java, fileSeparator :: \, AbsolutePath :: C:\Users\Hp\Documents\IntelliJ Projects\AppiumPOMProject\., Normalized Path :: C:\Users\Hp\Documents\IntelliJ Projects\AppiumPOMProject, File.Separator :: \
14:04:30.024 [AppiumPOMProject-0@0] DEBUG c.b.testNgListeners.TestNGUtils - [populateTestDataForBSTestOps] Replaced File Name is :: AppiumPOMProject\src\test\java\GroupID\FlashObjectOptimised.java, Absolute Path :: C:\Users\Hp\Documents\IntelliJ Projects\AppiumPOMProject\.., Normalized Path :: C:\Users\Hp\Documents\IntelliJ Projects 
14:04:30.027 [AppiumPOMProject-0@0] DEBUG com.browserstack.testOps.Listener - [ TESTHUB ] Processing Request Kind TestRunStarted
14:04:30.027 [AppiumTest1@0] DEBUG c.b.testNgListeners.TestNGUtils - [populateTestDataForBSTestOps] Event Type :: TestRunSkipped, Test ClassName :: GroupID.FlashTestClass
14:04:30.028 [AppiumTest1@0] DEBUG c.browserstack.utils.UtilityMethods - [findFileMatcher] Current Path is :: C:\Users\Hp\Documents\IntelliJ Projects\AppiumPOMProject, TestClass :: GroupID\FlashObjectOptimised
14:04:30.038 [AppiumTest1@0] DEBUG c.b.testNgListeners.TestNGUtils - [populateTestDataForBSTestOps] The filename fetched :: C:\Users\Hp\Documents\IntelliJ Projects\AppiumPOMProject\src\test\java\GroupID\FlashObjectOptimised.java, fileSeparator :: \, AbsolutePath :: C:\Users\Hp\Documents\IntelliJ Projects\AppiumPOMProject\., Normalized Path :: C:\Users\Hp\Documents\IntelliJ Projects\AppiumPOMProject, File.Separator :: \
14:04:30.038 [AppiumTest1@0] DEBUG c.b.testNgListeners.TestNGUtils - [populateTestDataForBSTestOps] Replaced File Name is :: AppiumPOMProject\src\test\java\GroupID\FlashObjectOptimised.java, Absolute Path :: C:\Users\Hp\Documents\IntelliJ Projects\AppiumPOMProject\.., Normalized Path :: C:\Users\Hp\Documents\IntelliJ Projects 
14:04:30.042 [AppiumTest1@0] DEBUG com.browserstack.testOps.Listener - [ TESTHUB ] Processing Request Kind TestRunFinished
14:04:30.042 [AppiumTest1@0] DEBUG c.browserstack.utils.LogReportingAPI - sendSync failed - driver not found
14:04:30.044 [AppiumPOMProject-0@0] DEBUG c.b.testNgListeners.TestNGUtils - [populateTestDataForBSTestOps] Event Type :: TestRunStarted, Test ClassName :: GroupID.FlashTestClass
14:04:30.044 [AppiumPOMProject-0@0] DEBUG c.browserstack.utils.UtilityMethods - [findFileMatcher] Current Path is :: C:\Users\Hp\Documents\IntelliJ Projects\AppiumPOMProject, TestClass :: GroupID\FlashObjectOptimised
14:04:30.053 [AppiumPOMProject-0@0] DEBUG c.b.testNgListeners.TestNGUtils - [populateTestDataForBSTestOps] The filename fetched :: C:\Users\Hp\Documents\IntelliJ Projects\AppiumPOMProject\src\test\java\GroupID\FlashObjectOptimised.java, fileSeparator :: \, AbsolutePath :: C:\Users\Hp\Documents\IntelliJ Projects\AppiumPOMProject\., Normalized Path :: C:\Users\Hp\Documents\IntelliJ Projects\AppiumPOMProject, File.Separator :: \
14:04:30.053 [AppiumPOMProject-0@0] DEBUG c.b.testNgListeners.TestNGUtils - [populateTestDataForBSTestOps] Replaced File Name is :: AppiumPOMProject\src\test\java\GroupID\FlashObjectOptimised.java, Absolute Path :: C:\Users\Hp\Documents\IntelliJ Projects\AppiumPOMProject\.., Normalized Path :: C:\Users\Hp\Documents\IntelliJ Projects 
14:04:30.056 [AppiumPOMProject-0@0] DEBUG com.browserstack.testOps.Listener - [ TESTHUB ] Processing Request Kind TestRunStarted
14:04:30.056 [AppiumTest1@0] DEBUG c.b.testNgListeners.TestNGUtils - [populateTestDataForBSTestOps] Event Type :: TestRunSkipped, Test ClassName :: GroupID.FlashTestClass
14:04:30.057 [AppiumTest1@0] DEBUG c.browserstack.utils.UtilityMethods - [findFileMatcher] Current Path is :: C:\Users\Hp\Documents\IntelliJ Projects\AppiumPOMProject, TestClass :: GroupID\FlashObjectOptimised
14:04:30.065 [AppiumTest1@0] DEBUG c.b.testNgListeners.TestNGUtils - [populateTestDataForBSTestOps] The filename fetched :: C:\Users\Hp\Documents\IntelliJ Projects\AppiumPOMProject\src\test\java\GroupID\FlashObjectOptimised.java, fileSeparator :: \, AbsolutePath :: C:\Users\Hp\Documents\IntelliJ Projects\AppiumPOMProject\., Normalized Path :: C:\Users\Hp\Documents\IntelliJ Projects\AppiumPOMProject, File.Separator :: \
14:04:30.066 [AppiumTest1@0] DEBUG c.b.testNgListeners.TestNGUtils - [populateTestDataForBSTestOps] Replaced File Name is :: AppiumPOMProject\src\test\java\GroupID\FlashObjectOptimised.java, Absolute Path :: C:\Users\Hp\Documents\IntelliJ Projects\AppiumPOMProject\.., Normalized Path :: C:\Users\Hp\Documents\IntelliJ Projects 
14:04:30.069 [AppiumTest1@0] DEBUG com.browserstack.testOps.Listener - [ TESTHUB ] Processing Request Kind TestRunFinished
14:04:30.069 [AppiumTest1@0] DEBUG c.browserstack.utils.LogReportingAPI - sendSync failed - driver not found
14:04:30.075 [main] DEBUG com.browserstack.testOps.Listener - [ TESTHUB ] Processing Request Kind LogCreated
14:04:30.076 [Thread-0] DEBUG c.browserstack.BrowserStackJavaAgent - Starting final execution
14:04:30.076 [Thread-0] DEBUG c.b.u.ObservabilityUtilityMethods - Processing batch requests with type: Global
14:04:30.076 [Thread-0] DEBUG c.browserstack.utils.LogReportingAPI - [2024-08-06T08:34:30.076422Z][ OBSERVABILITY ] Processing stop observability
14:04:30.077 [pool-5-thread-1] DEBUG c.browserstack.utils.RequestBatcher - Processing Batch 10

14:04:30.078 [pool-5-thread-1] DEBUG c.browserstack.testOps.RequestUtils - [requestToTestOps] Sending Observability request: POST api/v1/batch with request size 29787
14:04:30.623 [pool-5-thread-1] DEBUG c.browserstack.testOps.RequestUtils - requestToTestOps: Response code: 200
14:04:30.625 [pool-5-thread-1] DEBUG c.browserstack.utils.LogReportingAPI - 
[2024-08-06T08:34:30.623991600Z][ TESTHUB ] Batch event successfull!

14:04:30.625 [Thread-0] DEBUG c.browserstack.testOps.RequestUtils - [ TESTHUB ] Processing Request Kind stopBuildUpstream
14:04:30.625 [Thread-0] DEBUG c.browserstack.testOps.RequestUtils - [requestToTestOps] Sending Observability request: PUT api/v1/builds/lw23g3ulefvnuwmxhle1ovvgbpdd1hylyyzwo2ya/stop with request size 65
14:04:30.878 [Thread-0] DEBUG c.browserstack.testOps.RequestUtils - requestToTestOps: Response code: 200
14:04:30.878 [Thread-0] DEBUG com.browserstack.testOps.Listener - Testhub stop response: 
14:04:33.146 [Thread-0] DEBUG com.browserstack.testOps.UsageStats - getFormattedData: Collecting data for TestObservability
14:04:33.146 [Thread-0] DEBUG com.browserstack.testOps.UsageStats - getEventStats: Getting event data for TestObservability
14:04:33.149 [Thread-0] DEBUG com.browserstack.testOps.UsageStats - [OBSERVABILITY] Failed to parse data from workers
14:04:33.199 [Thread-0] DEBUG c.b.utils.FunnelInstrumentation - Sending funnel data for SDKTestSuccessful with data: {"event_type":"SDKTestSuccessful","accessKey":"cdWAYU5meFd1rax23PEp","userName":"nayankumar_Rp0sMa","event_properties":{"product":"[app-automate, observability]","buildName":"browserstack build","os":"Windows 11","languageVersion":"18.0.2.1","appiumVersion":"9.0.0","frameworkDetectionInstrumentation":{"parseLoadClass":6,"ret-org.openqa.selenium.remote.RemoteWebDriver":312,"retransformClasses":312,"parseDependencies":13},"language":"java","sdkRunId":"69af374f-5aaf-4048-9e72-f6ae5fe7a660","buildIdentifier":"#20","userFramework":"testng","testhub_uuid":"lw23g3ulefvnuwmxhle1ovvgbpdd1hylyyzwo2ya","detectedAppiumVersion":"null","detectedDependencies":"testng","productMap":{"app_automate":true,"accessibility":false,"automate":false,"percy":false,"observability":true},"referrer":"testng-javaagent\/1.20.2","hostname":"DESKTOP-13RHPFK","measures":{"local:start":5363,"sdk:setup":13655,"local:stop":2266},"language_framework":"java_testng","detectedFramework":"testng","productUsage":{"testObservability":{"buildHashedId":"lw23g3ulefvnuwmxhle1ovvgbpdd1hylyyzwo2ya","manuallySet":false,"enabled":true,"events":{"hookEvents":{"started":{"errors":[],"sentCount":1,"triggeredCount":1,"failedCount":0},"finished":{"triggeredCount":1,"failedCount":0,"errors":[],"sentCount":1},"failed":{"errors":[],"sentCount":1,"triggeredCount":1,"failedCount":0}},"logEvents":{"errors":[],"sentCount":12,"triggeredCount":12,"failedCount":0,"log":{"errors":[],"sentCount":12,"triggeredCount":12,"failedCount":0}},"testEvents":{"started":{"errors":[],"sentCount":4,"triggeredCount":4,"failedCount":0},"finished":{"triggeredCount":4,"failedCount":0,"errors":[],"sentCount":4},"skipped":{"errors":[],"sentCount":4,"triggeredCount":4,"failedCount":0}},"batchEvents":{"triggeredCount":2,"failedCount":0,"errors":[],"sentCount":2},"cbtSessionEvents":{"errors":[],"sentCount":0,"triggeredCount":0,"failedCount":0},"buildEvents":{"started":{"error":null,"status":"success","triggered":true},"finished":{"error":null,"status":"success","triggered":true}}}}},"detectedSeleniumVersion":"null","browserStackConfig":{"browserstackLocal":true,"percy":false,"logLevel":"info","staticWebDriver":true,"autoDetectFramework":true,"percyCaptureMode":"MANUAL","browserStackLocalOptions":{"localIdentifier":"06_Aug_144_DESKTOP_13RHPFK_Rtcg","key":"****"},"percyOptions":null,"testContextOptions":{"skipSessionName":false,"skipSessionStatus":false,"serenityOverridePlugin":false},"platforms":[{"browser":null,"browserVersion":null,"device":"Samsung Galaxy S23","capabilities":{"platformVersion":13.0,"platformName":"android","deviceName":"Samsung Galaxy S23"},"os":null,"osVersion":null,"platformCaps":{"platformVersion":13.0,"platformName":"android","deviceName":"Samsung Galaxy S23"},"platformString":"Samsung Galaxy S23, 13.0","customVariables":"****"}],"parallelsPerPlatform":1,"framework":"testng","accessibility":false,"accessibilityOptions":{},"turboScaleOptions":{},"disableAutoCaptureLogs":true,"testObservability":true,"browserstackAutomation":true,"turboScale":false,"testObservabilityOptions":{},"gradleMConfig":null,"proxySettings":null},"seleniumVersion":""}}
14:04:33.505 [Thread-0] DEBUG c.b.utils.FunnelInstrumentation - API Event SDKTestSuccessful response - {"message":"SDK Event recorded successfully"}
14:04:35.730 [Thread-0] DEBUG c.browserstack.utils.UtilityMethods - Browserstack Gradle-M Config File does not exist.
14:10:31.980 [main] DEBUG c.b.config.BrowserStackConfig - Cli Config passed - {}
14:10:32.393 [main] DEBUG c.b.logger.BrowserstackLoggerFactory - Log Level set to TRACE for logger com.browserstack
14:10:32.393 [main] DEBUG c.b.logger.BrowserstackLoggerFactory - Log Level set to INFO for logger stdoutPrinter
14:10:32.493 [main] DEBUG c.b.utils.FrameworkDetectionUtils - Java command - com.intellij.rt.testng.RemoteTestNGStarter -usedefaultlisteners false -socket58052 @w@C:\Users\Hp\AppData\Local\Temp\idea_working_dirs_testng.tmp -temp C:\Users\Hp\AppData\Local\Temp\idea_testng.tmp
14:10:32.494 [main] DEBUG c.b.utils.FrameworkDetectionUtils - Test classes detected: 
14:10:32.500 [main] DEBUG c.b.utils.FrameworkDetectionUtils - Runner: testng, Engine: none
14:10:32.515 [main] DEBUG c.b.utils.FrameworkDetectionUtils - Runner: testng, Engine: none from dependencies
14:10:32.515 [main] DEBUG c.b.utils.FrameworkDetectionUtils - Detected final framework as: testng
14:10:32.515 [main] DEBUG c.browserstack.BrowserStackJavaAgent - JavaAgent Version 1.20.2
14:10:32.520 [main] DEBUG c.b.utils.ExitSignalHandler - Registered handler for INT
14:10:32.520 [main] DEBUG c.b.utils.ExitSignalHandler - Registered handler for TERM
14:10:32.520 [main] DEBUG c.b.utils.ExitSignalHandler - Unable to attach signal handler for HUP Unknown signal: HUP
14:10:32.520 [main] DEBUG c.b.utils.ExitSignalHandler - Registered handler for ABRT
14:10:33.054 [Thread-1] DEBUG c.browserstack.utils.UtilityMethods - NEXT HUBS ARE: ["hub-aps.browserstack.com","hub-euw.browserstack.com","hub-apse.browserstack.com"]
14:10:33.342 [main] DEBUG c.browserstack.utils.UtilityMethods - EXECUTION TIME OF hub-aps.browserstack.com HUB IS: 285ms
14:10:34.322 [main] DEBUG c.browserstack.utils.UtilityMethods - EXECUTION TIME OF hub-euw.browserstack.com HUB IS: 960ms
14:10:35.344 [main] DEBUG c.browserstack.utils.UtilityMethods - EXECUTION TIME OF hub-apse.browserstack.com HUB IS: 1022ms
14:10:35.345 [main] DEBUG c.browserstack.utils.UtilityMethods - NEAREST HUB ALLOCATED IS - hub-aps.browserstack.com
14:10:35.360 [main] DEBUG c.b.utils.FunnelInstrumentation - Sending funnel data for SDKTestAttempted with data: {"event_type":"SDKTestAttempted","accessKey":"cdWAYU5meFd1rax23PEp","userName":"nayankumar_Rp0sMa","event_properties":{"product":"[app-automate, observability]","buildName":"browserstack build","os":"Windows 11","languageVersion":"18.0.2.1","appiumVersion":"9.0.0","frameworkDetectionInstrumentation":{"parseLoadClass":5,"parseDependencies":15},"language":"java","sdkRunId":"a0b89fbd-0680-4162-b056-94a31950b599","buildIdentifier":"#21","userFramework":"testng","testhub_uuid":"","detectedAppiumVersion":"null","detectedDependencies":"testng","productMap":{"app_automate":true,"accessibility":false,"automate":false,"percy":false,"observability":true},"referrer":"testng-javaagent\/1.20.2","hostname":"DESKTOP-13RHPFK","language_framework":"java_testng","detectedFramework":"testng","detectedSeleniumVersion":"null","seleniumVersion":""}}
14:10:36.391 [main] DEBUG c.b.utils.FunnelInstrumentation - API Event SDKTestAttempted response - {"message":"SDK Event recorded successfully"}
14:10:36.666 [main] DEBUG c.browserstack.testOps.RequestUtils - [ TESTHUB ] Processing Request Kind launchTestSession
14:10:36.666 [main] DEBUG c.browserstack.testOps.RequestUtils - [requestToTestOps] Sending Observability request: POST api/v2/builds with request size 1330
14:10:38.265 [main] DEBUG c.browserstack.testOps.RequestUtils - requestToTestOps: Response code: 200
14:10:38.266 [main] DEBUG com.browserstack.testOps.Listener - BROWSERSTACK_TESTHUB_UUID : tjikrp8hn61b0idogtwndao2c9uxw8ezgykoolrn
14:10:38.266 [main] DEBUG com.browserstack.testOps.Listener - [ TESTHUB ] Build creation successfull
14:10:38.283 [main] DEBUG com.browserstack.LocalFactory - Starting BrowserStack Local with identifier 06_Aug_1410_DESKTOP_13RHPFK_O3a1
14:10:44.103 [main] DEBUG c.b.t.XMLSuiteClassListener - Number of parallels - 1 and number of platforms - 1
14:10:44.402 [main] DEBUG com.browserstack.testOps.Listener - [ TESTHUB ] Processing Request Kind LogCreated
14:10:44.406 [main] DEBUG com.browserstack.testOps.Listener - [ TESTHUB ] Processing Request Kind LogCreated
14:10:44.411 [main] DEBUG com.browserstack.testOps.Listener - [ TESTHUB ] Processing Request Kind LogCreated
14:10:44.411 [main] DEBUG com.browserstack.testOps.Listener - [ TESTHUB ] Processing Request Kind LogCreated
14:10:44.412 [main] DEBUG com.browserstack.testOps.Listener - [ TESTHUB ] Processing Request Kind LogCreated
14:10:44.422 [main] DEBUG com.browserstack.testOps.Listener - [ TESTHUB ] Processing Request Kind LogCreated
14:10:44.423 [main] DEBUG com.browserstack.testOps.Listener - [ TESTHUB ] Processing Request Kind LogCreated
14:10:44.423 [main] DEBUG com.browserstack.testOps.Listener - [ TESTHUB ] Processing Request Kind LogCreated
14:10:44.423 [main] DEBUG com.browserstack.testOps.Listener - [ TESTHUB ] Processing Request Kind LogCreated
14:10:44.423 [main] DEBUG com.browserstack.testOps.Listener - [ TESTHUB ] Processing Request Kind LogCreated
14:10:44.429 [main] DEBUG com.browserstack.testOps.Listener - [ TESTHUB ] Processing Request Kind LogCreated
14:10:44.430 [main] DEBUG c.browserstack.utils.LogReportingAPI - [2024-08-06T08:40:44.430693700Z][ OBSERVABILITY ] Processing Logs patching stream
14:10:44.477 [configureAppium@0] DEBUG c.b.testNgListeners.TestNGUtils - [populateTestDataForBSTestOps] Event Type :: HookRunStarted, Method ClassName :: testBaseUtils.WFlashBeforeEachTestAndroid 
14:10:44.477 [configureAppium@0] DEBUG c.browserstack.utils.UtilityMethods - [findFileMatcher] Current Path is :: C:\Users\Hp\Documents\IntelliJ Projects\AppiumPOMProject, TestClass :: testBaseUtils\WFlashBeforeEachTestAndroid
14:10:44.493 [configureAppium@0] DEBUG c.b.testNgListeners.TestNGUtils - [populateTestDataForBSTestOps] The filename fetched :: C:\Users\Hp\Documents\IntelliJ Projects\AppiumPOMProject\src\test\java\testBaseUtils\WFlashBeforeEachTestAndroid.java, fileSeparator :: \, AbsolutePath :: C:\Users\Hp\Documents\IntelliJ Projects\AppiumPOMProject\., Normalized Path :: C:\Users\Hp\Documents\IntelliJ Projects\AppiumPOMProject, File.Separator :: \
14:10:44.493 [configureAppium@0] DEBUG c.b.testNgListeners.TestNGUtils - [populateTestDataForBSTestOps] Replaced File Name is :: AppiumPOMProject\src\test\java\testBaseUtils\WFlashBeforeEachTestAndroid.java, Absolute Path :: C:\Users\Hp\Documents\IntelliJ Projects\AppiumPOMProject\.., Normalized Path :: C:\Users\Hp\Documents\IntelliJ Projects 
14:10:44.495 [configureAppium@0] DEBUG com.browserstack.testOps.Listener - [ TESTHUB ] Processing Request Kind HookRunStarted
14:10:46.417 [pool-4-thread-1] DEBUG c.browserstack.utils.RequestBatcher - Time Since Last Batch Processed 1722933646417

14:10:46.419 [pool-5-thread-1] DEBUG c.browserstack.utils.RequestBatcher - Processing Batch 12

14:10:46.419 [pool-5-thread-1] DEBUG c.browserstack.testOps.RequestUtils - [requestToTestOps] Sending Observability request: POST api/v1/batch with request size 3434
14:10:46.687 [pool-5-thread-1] DEBUG c.browserstack.testOps.RequestUtils - requestToTestOps: Response code: 200
14:10:46.687 [pool-5-thread-1] DEBUG c.browserstack.utils.LogReportingAPI - 
[2024-08-06T08:40:46.687472400Z][ TESTHUB ] Batch event successfull!

14:10:48.420 [pool-4-thread-1] DEBUG c.browserstack.utils.RequestBatcher - Time Since Last Batch Processed 2003

14:10:52.417 [pool-4-thread-1] DEBUG c.browserstack.utils.RequestBatcher - Time Since Last Batch Processed 3997

14:10:56.407 [pool-4-thread-1] DEBUG c.browserstack.utils.RequestBatcher - Time Since Last Batch Processed 3990

14:10:58.417 [pool-4-thread-1] DEBUG c.browserstack.utils.RequestBatcher - Time Since Last Batch Processed 2010

14:11:02.409 [pool-4-thread-1] DEBUG c.browserstack.utils.RequestBatcher - Time Since Last Batch Processed 3992

14:11:04.419 [pool-4-thread-1] DEBUG c.browserstack.utils.RequestBatcher - Time Since Last Batch Processed 2010

14:11:04.578 [AppiumPOMProject-0@0] DEBUG c.b.testNgListeners.TestNGUtils - [populateTestDataForBSTestOps] Event Type :: TestRunStarted, Test ClassName :: GroupID.FlashTestClass
14:11:04.578 [AppiumPOMProject-0@0] DEBUG c.browserstack.utils.UtilityMethods - [findFileMatcher] Current Path is :: C:\Users\Hp\Documents\IntelliJ Projects\AppiumPOMProject, TestClass :: GroupID\FlashObjectOptimised
14:11:04.588 [AppiumPOMProject-0@0] DEBUG c.b.testNgListeners.TestNGUtils - [populateTestDataForBSTestOps] The filename fetched :: C:\Users\Hp\Documents\IntelliJ Projects\AppiumPOMProject\src\test\java\GroupID\FlashObjectOptimised.java, fileSeparator :: \, AbsolutePath :: C:\Users\Hp\Documents\IntelliJ Projects\AppiumPOMProject\., Normalized Path :: C:\Users\Hp\Documents\IntelliJ Projects\AppiumPOMProject, File.Separator :: \
14:11:04.589 [AppiumPOMProject-0@0] DEBUG c.b.testNgListeners.TestNGUtils - [populateTestDataForBSTestOps] Replaced File Name is :: AppiumPOMProject\src\test\java\GroupID\FlashObjectOptimised.java, Absolute Path :: C:\Users\Hp\Documents\IntelliJ Projects\AppiumPOMProject\.., Normalized Path :: C:\Users\Hp\Documents\IntelliJ Projects 
14:11:04.592 [AppiumPOMProject-0@0] DEBUG com.browserstack.testOps.Listener - [ TESTHUB ] Processing Request Kind TestRunStarted
14:11:04.593 [AppiumTest1@0] DEBUG c.b.testNgListeners.TestNGUtils - [populateTestDataForBSTestOps] Event Type :: HookRunFinished, Method ClassName :: testBaseUtils.WFlashBeforeEachTestAndroid 
14:11:04.593 [AppiumTest1@0] DEBUG c.browserstack.utils.UtilityMethods - [findFileMatcher] Current Path is :: C:\Users\Hp\Documents\IntelliJ Projects\AppiumPOMProject, TestClass :: testBaseUtils\WFlashBeforeEachTestAndroid
14:11:04.603 [AppiumTest1@0] DEBUG c.b.testNgListeners.TestNGUtils - [populateTestDataForBSTestOps] The filename fetched :: C:\Users\Hp\Documents\IntelliJ Projects\AppiumPOMProject\src\test\java\testBaseUtils\WFlashBeforeEachTestAndroid.java, fileSeparator :: \, AbsolutePath :: C:\Users\Hp\Documents\IntelliJ Projects\AppiumPOMProject\., Normalized Path :: C:\Users\Hp\Documents\IntelliJ Projects\AppiumPOMProject, File.Separator :: \
14:11:04.603 [AppiumTest1@0] DEBUG c.b.testNgListeners.TestNGUtils - [populateTestDataForBSTestOps] Replaced File Name is :: AppiumPOMProject\src\test\java\testBaseUtils\WFlashBeforeEachTestAndroid.java, Absolute Path :: C:\Users\Hp\Documents\IntelliJ Projects\AppiumPOMProject\.., Normalized Path :: C:\Users\Hp\Documents\IntelliJ Projects 
14:11:04.603 [AppiumTest1@0] DEBUG com.browserstack.testOps.Listener - [ TESTHUB ] Processing Request Kind HookRunFinished
14:11:04.604 [AppiumTest1@0] DEBUG c.b.testNgListeners.TestNGUtils - [populateTestDataForBSTestOps] Event Type :: TestRunSkipped, Test ClassName :: GroupID.FlashTestClass
14:11:04.604 [AppiumTest1@0] DEBUG c.browserstack.utils.UtilityMethods - [findFileMatcher] Current Path is :: C:\Users\Hp\Documents\IntelliJ Projects\AppiumPOMProject, TestClass :: GroupID\FlashObjectOptimised
14:11:04.613 [AppiumTest1@0] DEBUG c.b.testNgListeners.TestNGUtils - [populateTestDataForBSTestOps] The filename fetched :: C:\Users\Hp\Documents\IntelliJ Projects\AppiumPOMProject\src\test\java\GroupID\FlashObjectOptimised.java, fileSeparator :: \, AbsolutePath :: C:\Users\Hp\Documents\IntelliJ Projects\AppiumPOMProject\., Normalized Path :: C:\Users\Hp\Documents\IntelliJ Projects\AppiumPOMProject, File.Separator :: \
14:11:04.613 [AppiumTest1@0] DEBUG c.b.testNgListeners.TestNGUtils - [populateTestDataForBSTestOps] Replaced File Name is :: AppiumPOMProject\src\test\java\GroupID\FlashObjectOptimised.java, Absolute Path :: C:\Users\Hp\Documents\IntelliJ Projects\AppiumPOMProject\.., Normalized Path :: C:\Users\Hp\Documents\IntelliJ Projects 
14:11:04.617 [AppiumTest1@0] DEBUG com.browserstack.testOps.Listener - [ TESTHUB ] Processing Request Kind TestRunFinished
14:11:04.617 [AppiumTest1@0] DEBUG c.browserstack.utils.LogReportingAPI - sendSync failed - driver not found
14:11:04.618 [AppiumPOMProject-0@0] DEBUG c.b.testNgListeners.TestNGUtils - [populateTestDataForBSTestOps] Event Type :: TestRunStarted, Test ClassName :: GroupID.FlashTestClass
14:11:04.620 [AppiumPOMProject-0@0] DEBUG c.browserstack.utils.UtilityMethods - [findFileMatcher] Current Path is :: C:\Users\Hp\Documents\IntelliJ Projects\AppiumPOMProject, TestClass :: GroupID\FlashObjectOptimised
14:11:04.629 [AppiumPOMProject-0@0] DEBUG c.b.testNgListeners.TestNGUtils - [populateTestDataForBSTestOps] The filename fetched :: C:\Users\Hp\Documents\IntelliJ Projects\AppiumPOMProject\src\test\java\GroupID\FlashObjectOptimised.java, fileSeparator :: \, AbsolutePath :: C:\Users\Hp\Documents\IntelliJ Projects\AppiumPOMProject\., Normalized Path :: C:\Users\Hp\Documents\IntelliJ Projects\AppiumPOMProject, File.Separator :: \
14:11:04.629 [AppiumPOMProject-0@0] DEBUG c.b.testNgListeners.TestNGUtils - [populateTestDataForBSTestOps] Replaced File Name is :: AppiumPOMProject\src\test\java\GroupID\FlashObjectOptimised.java, Absolute Path :: C:\Users\Hp\Documents\IntelliJ Projects\AppiumPOMProject\.., Normalized Path :: C:\Users\Hp\Documents\IntelliJ Projects 
14:11:04.632 [AppiumPOMProject-0@0] DEBUG com.browserstack.testOps.Listener - [ TESTHUB ] Processing Request Kind TestRunStarted
14:11:04.633 [AppiumTest1@0] DEBUG c.b.testNgListeners.TestNGUtils - [populateTestDataForBSTestOps] Event Type :: TestRunSkipped, Test ClassName :: GroupID.FlashTestClass
14:11:04.633 [AppiumTest1@0] DEBUG c.browserstack.utils.UtilityMethods - [findFileMatcher] Current Path is :: C:\Users\Hp\Documents\IntelliJ Projects\AppiumPOMProject, TestClass :: GroupID\FlashObjectOptimised
14:11:04.642 [AppiumTest1@0] DEBUG c.b.testNgListeners.TestNGUtils - [populateTestDataForBSTestOps] The filename fetched :: C:\Users\Hp\Documents\IntelliJ Projects\AppiumPOMProject\src\test\java\GroupID\FlashObjectOptimised.java, fileSeparator :: \, AbsolutePath :: C:\Users\Hp\Documents\IntelliJ Projects\AppiumPOMProject\., Normalized Path :: C:\Users\Hp\Documents\IntelliJ Projects\AppiumPOMProject, File.Separator :: \
14:11:04.642 [AppiumTest1@0] DEBUG c.b.testNgListeners.TestNGUtils - [populateTestDataForBSTestOps] Replaced File Name is :: AppiumPOMProject\src\test\java\GroupID\FlashObjectOptimised.java, Absolute Path :: C:\Users\Hp\Documents\IntelliJ Projects\AppiumPOMProject\.., Normalized Path :: C:\Users\Hp\Documents\IntelliJ Projects 
14:11:04.646 [AppiumTest1@0] DEBUG com.browserstack.testOps.Listener - [ TESTHUB ] Processing Request Kind TestRunFinished
14:11:04.646 [AppiumTest1@0] DEBUG c.browserstack.utils.LogReportingAPI - sendSync failed - driver not found
14:11:04.648 [AppiumPOMProject-0@0] DEBUG c.b.testNgListeners.TestNGUtils - [populateTestDataForBSTestOps] Event Type :: TestRunStarted, Test ClassName :: GroupID.FlashTestClass
14:11:04.648 [AppiumPOMProject-0@0] DEBUG c.browserstack.utils.UtilityMethods - [findFileMatcher] Current Path is :: C:\Users\Hp\Documents\IntelliJ Projects\AppiumPOMProject, TestClass :: GroupID\FlashObjectOptimised
14:11:04.658 [AppiumPOMProject-0@0] DEBUG c.b.testNgListeners.TestNGUtils - [populateTestDataForBSTestOps] The filename fetched :: C:\Users\Hp\Documents\IntelliJ Projects\AppiumPOMProject\src\test\java\GroupID\FlashObjectOptimised.java, fileSeparator :: \, AbsolutePath :: C:\Users\Hp\Documents\IntelliJ Projects\AppiumPOMProject\., Normalized Path :: C:\Users\Hp\Documents\IntelliJ Projects\AppiumPOMProject, File.Separator :: \
14:11:04.659 [AppiumPOMProject-0@0] DEBUG c.b.testNgListeners.TestNGUtils - [populateTestDataForBSTestOps] Replaced File Name is :: AppiumPOMProject\src\test\java\GroupID\FlashObjectOptimised.java, Absolute Path :: C:\Users\Hp\Documents\IntelliJ Projects\AppiumPOMProject\.., Normalized Path :: C:\Users\Hp\Documents\IntelliJ Projects 
14:11:04.662 [AppiumPOMProject-0@0] DEBUG com.browserstack.testOps.Listener - [ TESTHUB ] Processing Request Kind TestRunStarted
14:11:04.663 [AppiumTest1@0] DEBUG c.b.testNgListeners.TestNGUtils - [populateTestDataForBSTestOps] Event Type :: TestRunSkipped, Test ClassName :: GroupID.FlashTestClass
14:11:04.663 [AppiumTest1@0] DEBUG c.browserstack.utils.UtilityMethods - [findFileMatcher] Current Path is :: C:\Users\Hp\Documents\IntelliJ Projects\AppiumPOMProject, TestClass :: GroupID\FlashObjectOptimised
14:11:04.672 [AppiumTest1@0] DEBUG c.b.testNgListeners.TestNGUtils - [populateTestDataForBSTestOps] The filename fetched :: C:\Users\Hp\Documents\IntelliJ Projects\AppiumPOMProject\src\test\java\GroupID\FlashObjectOptimised.java, fileSeparator :: \, AbsolutePath :: C:\Users\Hp\Documents\IntelliJ Projects\AppiumPOMProject\., Normalized Path :: C:\Users\Hp\Documents\IntelliJ Projects\AppiumPOMProject, File.Separator :: \
14:11:04.672 [AppiumTest1@0] DEBUG c.b.testNgListeners.TestNGUtils - [populateTestDataForBSTestOps] Replaced File Name is :: AppiumPOMProject\src\test\java\GroupID\FlashObjectOptimised.java, Absolute Path :: C:\Users\Hp\Documents\IntelliJ Projects\AppiumPOMProject\.., Normalized Path :: C:\Users\Hp\Documents\IntelliJ Projects 
14:11:04.675 [AppiumTest1@0] DEBUG com.browserstack.testOps.Listener - [ TESTHUB ] Processing Request Kind TestRunFinished
14:11:04.676 [AppiumTest1@0] DEBUG c.browserstack.utils.LogReportingAPI - sendSync failed - driver not found
14:11:04.678 [AppiumPOMProject-0@0] DEBUG c.b.testNgListeners.TestNGUtils - [populateTestDataForBSTestOps] Event Type :: TestRunStarted, Test ClassName :: GroupID.FlashTestClass
14:11:04.678 [AppiumPOMProject-0@0] DEBUG c.browserstack.utils.UtilityMethods - [findFileMatcher] Current Path is :: C:\Users\Hp\Documents\IntelliJ Projects\AppiumPOMProject, TestClass :: GroupID\FlashObjectOptimised
14:11:04.688 [AppiumPOMProject-0@0] DEBUG c.b.testNgListeners.TestNGUtils - [populateTestDataForBSTestOps] The filename fetched :: C:\Users\Hp\Documents\IntelliJ Projects\AppiumPOMProject\src\test\java\GroupID\FlashObjectOptimised.java, fileSeparator :: \, AbsolutePath :: C:\Users\Hp\Documents\IntelliJ Projects\AppiumPOMProject\., Normalized Path :: C:\Users\Hp\Documents\IntelliJ Projects\AppiumPOMProject, File.Separator :: \
14:11:04.688 [AppiumPOMProject-0@0] DEBUG c.b.testNgListeners.TestNGUtils - [populateTestDataForBSTestOps] Replaced File Name is :: AppiumPOMProject\src\test\java\GroupID\FlashObjectOptimised.java, Absolute Path :: C:\Users\Hp\Documents\IntelliJ Projects\AppiumPOMProject\.., Normalized Path :: C:\Users\Hp\Documents\IntelliJ Projects 
14:11:04.691 [AppiumPOMProject-0@0] DEBUG com.browserstack.testOps.Listener - [ TESTHUB ] Processing Request Kind TestRunStarted
14:11:04.691 [AppiumTest1@0] DEBUG c.b.testNgListeners.TestNGUtils - [populateTestDataForBSTestOps] Event Type :: TestRunSkipped, Test ClassName :: GroupID.FlashTestClass
14:11:04.691 [AppiumTest1@0] DEBUG c.browserstack.utils.UtilityMethods - [findFileMatcher] Current Path is :: C:\Users\Hp\Documents\IntelliJ Projects\AppiumPOMProject, TestClass :: GroupID\FlashObjectOptimised
14:11:04.700 [AppiumTest1@0] DEBUG c.b.testNgListeners.TestNGUtils - [populateTestDataForBSTestOps] The filename fetched :: C:\Users\Hp\Documents\IntelliJ Projects\AppiumPOMProject\src\test\java\GroupID\FlashObjectOptimised.java, fileSeparator :: \, AbsolutePath :: C:\Users\Hp\Documents\IntelliJ Projects\AppiumPOMProject\., Normalized Path :: C:\Users\Hp\Documents\IntelliJ Projects\AppiumPOMProject, File.Separator :: \
14:11:04.700 [AppiumTest1@0] DEBUG c.b.testNgListeners.TestNGUtils - [populateTestDataForBSTestOps] Replaced File Name is :: AppiumPOMProject\src\test\java\GroupID\FlashObjectOptimised.java, Absolute Path :: C:\Users\Hp\Documents\IntelliJ Projects\AppiumPOMProject\.., Normalized Path :: C:\Users\Hp\Documents\IntelliJ Projects 
14:11:04.703 [AppiumTest1@0] DEBUG com.browserstack.testOps.Listener - [ TESTHUB ] Processing Request Kind TestRunFinished
14:11:04.703 [AppiumTest1@0] DEBUG c.browserstack.utils.LogReportingAPI - sendSync failed - driver not found
14:11:04.712 [main] DEBUG com.browserstack.testOps.Listener - [ TESTHUB ] Processing Request Kind LogCreated
14:11:04.713 [Thread-0] DEBUG c.browserstack.BrowserStackJavaAgent - Starting final execution
14:11:04.713 [Thread-0] DEBUG c.b.u.ObservabilityUtilityMethods - Processing batch requests with type: Global
14:11:04.713 [Thread-0] DEBUG c.browserstack.utils.LogReportingAPI - [2024-08-06T08:41:04.713483800Z][ OBSERVABILITY ] Processing stop observability
14:11:04.714 [pool-5-thread-1] DEBUG c.browserstack.utils.RequestBatcher - Processing Batch 10

14:11:04.720 [pool-5-thread-1] DEBUG c.browserstack.testOps.RequestUtils - [requestToTestOps] Sending Observability request: POST api/v1/batch with request size 42377
14:11:05.209 [pool-5-thread-1] DEBUG c.browserstack.testOps.RequestUtils - requestToTestOps: Response code: 200
14:11:05.211 [pool-5-thread-1] DEBUG c.browserstack.utils.LogReportingAPI - 
[2024-08-06T08:41:05.210753600Z][ TESTHUB ] Batch event successfull!

14:11:05.211 [Thread-0] DEBUG c.browserstack.testOps.RequestUtils - [ TESTHUB ] Processing Request Kind stopBuildUpstream
14:11:05.211 [Thread-0] DEBUG c.browserstack.testOps.RequestUtils - [requestToTestOps] Sending Observability request: PUT api/v1/builds/tjikrp8hn61b0idogtwndao2c9uxw8ezgykoolrn/stop with request size 65
14:11:05.458 [Thread-0] DEBUG c.browserstack.testOps.RequestUtils - requestToTestOps: Response code: 200
14:11:05.459 [Thread-0] DEBUG com.browserstack.testOps.Listener - Testhub stop response: 
14:11:07.659 [Thread-0] DEBUG com.browserstack.testOps.UsageStats - getFormattedData: Collecting data for TestObservability
14:11:07.659 [Thread-0] DEBUG com.browserstack.testOps.UsageStats - getEventStats: Getting event data for TestObservability
14:11:07.662 [Thread-0] DEBUG com.browserstack.testOps.UsageStats - [OBSERVABILITY] Failed to parse data from workers
14:11:07.721 [Thread-0] DEBUG c.b.utils.FunnelInstrumentation - Sending funnel data for SDKTestSuccessful with data: {"event_type":"SDKTestSuccessful","accessKey":"cdWAYU5meFd1rax23PEp","userName":"nayankumar_Rp0sMa","event_properties":{"product":"[app-automate, observability]","buildName":"browserstack build","os":"Windows 11","languageVersion":"18.0.2.1","appiumVersion":"9.0.0","frameworkDetectionInstrumentation":{"parseLoadClass":5,"ret-org.openqa.selenium.remote.RemoteWebDriver":344,"retransformClasses":347,"parseDependencies":15},"language":"java","sdkRunId":"a0b89fbd-0680-4162-b056-94a31950b599","buildIdentifier":"#21","userFramework":"testng","testhub_uuid":"tjikrp8hn61b0idogtwndao2c9uxw8ezgykoolrn","detectedAppiumVersion":"null","detectedDependencies":"testng","productMap":{"app_automate":true,"accessibility":false,"automate":false,"percy":false,"observability":true},"referrer":"testng-javaagent\/1.20.2","hostname":"DESKTOP-13RHPFK","measures":{"local:start":5260,"sdk:setup":11953,"local:stop":2197},"language_framework":"java_testng","detectedFramework":"testng","productUsage":{"testObservability":{"buildHashedId":"tjikrp8hn61b0idogtwndao2c9uxw8ezgykoolrn","manuallySet":false,"enabled":true,"events":{"hookEvents":{"started":{"errors":[],"failedCount":0,"sentCount":1,"triggeredCount":1},"finished":{"triggeredCount":1,"failedCount":0,"errors":[],"sentCount":1},"failed":{"errors":[],"failedCount":0,"sentCount":1,"triggeredCount":1}},"logEvents":{"errors":[],"failedCount":0,"sentCount":12,"triggeredCount":12,"log":{"errors":[],"failedCount":0,"sentCount":12,"triggeredCount":12}},"testEvents":{"started":{"errors":[],"failedCount":0,"sentCount":4,"triggeredCount":4},"finished":{"triggeredCount":4,"failedCount":0,"errors":[],"sentCount":4},"skipped":{"errors":[],"failedCount":0,"sentCount":4,"triggeredCount":4}},"batchEvents":{"triggeredCount":2,"failedCount":0,"errors":[],"sentCount":2},"cbtSessionEvents":{"errors":[],"failedCount":0,"sentCount":0,"triggeredCount":0},"buildEvents":{"started":{"error":null,"status":"success","triggered":true},"finished":{"error":null,"status":"success","triggered":true}}}}},"detectedSeleniumVersion":"null","browserStackConfig":{"browserstackLocal":true,"percy":false,"logLevel":"info","staticWebDriver":true,"autoDetectFramework":true,"percyCaptureMode":"MANUAL","browserStackLocalOptions":{"localIdentifier":"06_Aug_1410_DESKTOP_13RHPFK_O3a1","key":"****"},"percyOptions":null,"testContextOptions":{"serenityOverridePlugin":false,"skipSessionStatus":false,"skipSessionName":false},"platforms":[{"capabilities":{"platformVersion":13.0,"platformName":"android","deviceName":"Samsung Galaxy S23"},"os":null,"browserVersion":null,"browser":null,"osVersion":null,"device":"Samsung Galaxy S23","platformCaps":{"platformVersion":13.0,"platformName":"android","deviceName":"Samsung Galaxy S23"},"platformString":"Samsung Galaxy S23, 13.0","customVariables":"****"}],"parallelsPerPlatform":1,"framework":"testng","accessibility":false,"accessibilityOptions":{},"turboScaleOptions":{},"disableAutoCaptureLogs":true,"testObservability":true,"browserstackAutomation":true,"turboScale":false,"testObservabilityOptions":{},"gradleMConfig":null,"proxySettings":null},"seleniumVersion":""}}
14:11:08.044 [Thread-0] DEBUG c.b.utils.FunnelInstrumentation - API Event SDKTestSuccessful response - {"message":"SDK Event recorded successfully"}
14:11:09.993 [Thread-0] DEBUG c.browserstack.utils.UtilityMethods - Browserstack Gradle-M Config File does not exist.
14:12:43.793 [main] DEBUG c.b.config.BrowserStackConfig - Cli Config passed - {}
14:12:44.102 [main] DEBUG c.b.logger.BrowserstackLoggerFactory - Log Level set to TRACE for logger com.browserstack
14:12:44.102 [main] DEBUG c.b.logger.BrowserstackLoggerFactory - Log Level set to INFO for logger stdoutPrinter
14:12:44.199 [main] DEBUG c.b.utils.FrameworkDetectionUtils - Java command - com.intellij.rt.testng.RemoteTestNGStarter -usedefaultlisteners false -socket58293 @w@C:\Users\Hp\AppData\Local\Temp\idea_working_dirs_testng.tmp -temp C:\Users\Hp\AppData\Local\Temp\idea_testng.tmp
14:12:44.199 [main] DEBUG c.b.utils.FrameworkDetectionUtils - Test classes detected: 
14:12:44.205 [main] DEBUG c.b.utils.FrameworkDetectionUtils - Runner: testng, Engine: none
14:12:44.218 [main] DEBUG c.b.utils.FrameworkDetectionUtils - Runner: testng, Engine: none from dependencies
14:12:44.219 [main] DEBUG c.b.utils.FrameworkDetectionUtils - Detected final framework as: testng
14:12:44.219 [main] DEBUG c.browserstack.BrowserStackJavaAgent - JavaAgent Version 1.20.2
14:12:44.223 [main] DEBUG c.b.utils.ExitSignalHandler - Registered handler for INT
14:12:44.223 [main] DEBUG c.b.utils.ExitSignalHandler - Registered handler for TERM
14:12:44.223 [main] DEBUG c.b.utils.ExitSignalHandler - Unable to attach signal handler for HUP Unknown signal: HUP
14:12:44.223 [main] DEBUG c.b.utils.ExitSignalHandler - Registered handler for ABRT
14:12:44.644 [Thread-1] DEBUG c.browserstack.utils.UtilityMethods - NEXT HUBS ARE: ["hub-aps.browserstack.com","hub-euw.browserstack.com","hub-apse.browserstack.com"]
14:12:44.914 [main] DEBUG c.browserstack.utils.UtilityMethods - EXECUTION TIME OF hub-aps.browserstack.com HUB IS: 265ms
14:12:45.876 [main] DEBUG c.browserstack.utils.UtilityMethods - EXECUTION TIME OF hub-euw.browserstack.com HUB IS: 959ms
14:12:46.853 [main] DEBUG c.browserstack.utils.UtilityMethods - EXECUTION TIME OF hub-apse.browserstack.com HUB IS: 976ms
14:12:46.854 [main] DEBUG c.browserstack.utils.UtilityMethods - NEAREST HUB ALLOCATED IS - hub-aps.browserstack.com
14:12:46.865 [main] DEBUG c.b.utils.FunnelInstrumentation - Sending funnel data for SDKTestAttempted with data: {"event_type":"SDKTestAttempted","accessKey":"cdWAYU5meFd1rax23PEp","userName":"nayankumar_Rp0sMa","event_properties":{"product":"[app-automate, observability]","buildName":"browserstack build","os":"Windows 11","languageVersion":"18.0.2.1","appiumVersion":"9.0.0","frameworkDetectionInstrumentation":{"parseLoadClass":5,"parseDependencies":13},"language":"java","sdkRunId":"e25ec6a5-7952-41e4-b74f-1a9ce1fef639","buildIdentifier":"#22","userFramework":"testng","testhub_uuid":"","detectedAppiumVersion":"null","detectedDependencies":"testng","productMap":{"app_automate":true,"accessibility":false,"automate":false,"percy":false,"observability":true},"referrer":"testng-javaagent\/1.20.2","hostname":"DESKTOP-13RHPFK","language_framework":"java_testng","detectedFramework":"testng","detectedSeleniumVersion":"null","seleniumVersion":""}}
14:12:47.239 [main] DEBUG c.b.utils.FunnelInstrumentation - API Event SDKTestAttempted response - {"message":"SDK Event recorded successfully"}
14:12:47.442 [main] DEBUG c.browserstack.testOps.RequestUtils - [ TESTHUB ] Processing Request Kind launchTestSession
14:12:47.442 [main] DEBUG c.browserstack.testOps.RequestUtils - [requestToTestOps] Sending Observability request: POST api/v2/builds with request size 1330
14:12:48.777 [main] DEBUG c.browserstack.testOps.RequestUtils - requestToTestOps: Response code: 200
14:12:48.778 [main] DEBUG com.browserstack.testOps.Listener - BROWSERSTACK_TESTHUB_UUID : dmtakd4vhwypeatf0z9eduwq2nlthutpgqeazytq
14:12:48.778 [main] DEBUG com.browserstack.testOps.Listener - [ TESTHUB ] Build creation successfull
14:12:48.781 [main] DEBUG com.browserstack.LocalFactory - Starting BrowserStack Local with identifier 06_Aug_1412_DESKTOP_13RHPFK_5UHI
14:12:54.079 [main] DEBUG c.b.t.XMLSuiteClassListener - Number of parallels - 1 and number of platforms - 1
14:12:54.374 [main] DEBUG com.browserstack.testOps.Listener - [ TESTHUB ] Processing Request Kind LogCreated
14:12:54.379 [main] DEBUG com.browserstack.testOps.Listener - [ TESTHUB ] Processing Request Kind LogCreated
14:12:54.382 [main] DEBUG com.browserstack.testOps.Listener - [ TESTHUB ] Processing Request Kind LogCreated
14:12:54.382 [main] DEBUG com.browserstack.testOps.Listener - [ TESTHUB ] Processing Request Kind LogCreated
14:12:54.383 [main] DEBUG com.browserstack.testOps.Listener - [ TESTHUB ] Processing Request Kind LogCreated
14:12:54.390 [main] DEBUG com.browserstack.testOps.Listener - [ TESTHUB ] Processing Request Kind LogCreated
14:12:54.390 [main] DEBUG com.browserstack.testOps.Listener - [ TESTHUB ] Processing Request Kind LogCreated
14:12:54.390 [main] DEBUG com.browserstack.testOps.Listener - [ TESTHUB ] Processing Request Kind LogCreated
14:12:54.390 [main] DEBUG com.browserstack.testOps.Listener - [ TESTHUB ] Processing Request Kind LogCreated
14:12:54.390 [main] DEBUG com.browserstack.testOps.Listener - [ TESTHUB ] Processing Request Kind LogCreated
14:12:54.399 [main] DEBUG com.browserstack.testOps.Listener - [ TESTHUB ] Processing Request Kind LogCreated
14:12:54.400 [main] DEBUG c.browserstack.utils.LogReportingAPI - [2024-08-06T08:42:54.400126300Z][ OBSERVABILITY ] Processing Logs patching stream
14:12:54.446 [configureAppium@0] DEBUG c.b.testNgListeners.TestNGUtils - [populateTestDataForBSTestOps] Event Type :: HookRunStarted, Method ClassName :: testBaseUtils.WFlashBeforeEachTestAndroid 
14:12:54.446 [configureAppium@0] DEBUG c.browserstack.utils.UtilityMethods - [findFileMatcher] Current Path is :: C:\Users\Hp\Documents\IntelliJ Projects\AppiumPOMProject, TestClass :: testBaseUtils\WFlashBeforeEachTestAndroid
14:12:54.463 [configureAppium@0] DEBUG c.b.testNgListeners.TestNGUtils - [populateTestDataForBSTestOps] The filename fetched :: C:\Users\Hp\Documents\IntelliJ Projects\AppiumPOMProject\src\test\java\testBaseUtils\WFlashBeforeEachTestAndroid.java, fileSeparator :: \, AbsolutePath :: C:\Users\Hp\Documents\IntelliJ Projects\AppiumPOMProject\., Normalized Path :: C:\Users\Hp\Documents\IntelliJ Projects\AppiumPOMProject, File.Separator :: \
14:12:54.464 [configureAppium@0] DEBUG c.b.testNgListeners.TestNGUtils - [populateTestDataForBSTestOps] Replaced File Name is :: AppiumPOMProject\src\test\java\testBaseUtils\WFlashBeforeEachTestAndroid.java, Absolute Path :: C:\Users\Hp\Documents\IntelliJ Projects\AppiumPOMProject\.., Normalized Path :: C:\Users\Hp\Documents\IntelliJ Projects 
14:12:54.466 [configureAppium@0] DEBUG com.browserstack.testOps.Listener - [ TESTHUB ] Processing Request Kind HookRunStarted
14:12:56.388 [pool-4-thread-1] DEBUG c.browserstack.utils.RequestBatcher - Time Since Last Batch Processed 1722933776388

14:12:56.390 [pool-5-thread-1] DEBUG c.browserstack.utils.RequestBatcher - Processing Batch 12

14:12:56.390 [pool-5-thread-1] DEBUG c.browserstack.testOps.RequestUtils - [requestToTestOps] Sending Observability request: POST api/v1/batch with request size 3421
14:12:56.632 [pool-5-thread-1] DEBUG c.browserstack.testOps.RequestUtils - requestToTestOps: Response code: 200
14:12:56.632 [pool-5-thread-1] DEBUG c.browserstack.utils.LogReportingAPI - 
[2024-08-06T08:42:56.632395600Z][ TESTHUB ] Batch event successfull!

14:12:56.758 [configureAppium@0] DEBUG c.browserstack.utils.UtilityMethods - [Patch]: SDK enabled, patching remote server
14:12:56.760 [configureAppium@0] DEBUG c.b.selenium.SeleniumHandler - beforeDriverInit: SDK enabled. Thread ID: 43
14:12:56.763 [configureAppium@0] DEBUG c.browserstack.utils.UtilityMethods - [Patch]: SDK enabled, patching remote server
14:12:56.910 [AppiumPOMProject-0@0] DEBUG c.b.testNgListeners.TestNGUtils - [populateTestDataForBSTestOps] Event Type :: TestRunStarted, Test ClassName :: GroupID.FlashTestClass
14:12:56.910 [AppiumPOMProject-0@0] DEBUG c.browserstack.utils.UtilityMethods - [findFileMatcher] Current Path is :: C:\Users\Hp\Documents\IntelliJ Projects\AppiumPOMProject, TestClass :: GroupID\FlashObjectOptimised
14:12:56.922 [AppiumPOMProject-0@0] DEBUG c.b.testNgListeners.TestNGUtils - [populateTestDataForBSTestOps] The filename fetched :: C:\Users\Hp\Documents\IntelliJ Projects\AppiumPOMProject\src\test\java\GroupID\FlashObjectOptimised.java, fileSeparator :: \, AbsolutePath :: C:\Users\Hp\Documents\IntelliJ Projects\AppiumPOMProject\., Normalized Path :: C:\Users\Hp\Documents\IntelliJ Projects\AppiumPOMProject, File.Separator :: \
14:12:56.922 [AppiumPOMProject-0@0] DEBUG c.b.testNgListeners.TestNGUtils - [populateTestDataForBSTestOps] Replaced File Name is :: AppiumPOMProject\src\test\java\GroupID\FlashObjectOptimised.java, Absolute Path :: C:\Users\Hp\Documents\IntelliJ Projects\AppiumPOMProject\.., Normalized Path :: C:\Users\Hp\Documents\IntelliJ Projects 
14:12:56.928 [AppiumPOMProject-0@0] DEBUG com.browserstack.testOps.Listener - [ TESTHUB ] Processing Request Kind TestRunStarted
14:12:56.930 [AppiumTest1@0] DEBUG c.b.testNgListeners.TestNGUtils - [populateTestDataForBSTestOps] Event Type :: HookRunFinished, Method ClassName :: testBaseUtils.WFlashBeforeEachTestAndroid 
14:12:56.930 [AppiumTest1@0] DEBUG c.browserstack.utils.UtilityMethods - [findFileMatcher] Current Path is :: C:\Users\Hp\Documents\IntelliJ Projects\AppiumPOMProject, TestClass :: testBaseUtils\WFlashBeforeEachTestAndroid
14:12:56.940 [AppiumTest1@0] DEBUG c.b.testNgListeners.TestNGUtils - [populateTestDataForBSTestOps] The filename fetched :: C:\Users\Hp\Documents\IntelliJ Projects\AppiumPOMProject\src\test\java\testBaseUtils\WFlashBeforeEachTestAndroid.java, fileSeparator :: \, AbsolutePath :: C:\Users\Hp\Documents\IntelliJ Projects\AppiumPOMProject\., Normalized Path :: C:\Users\Hp\Documents\IntelliJ Projects\AppiumPOMProject, File.Separator :: \
14:12:56.942 [AppiumTest1@0] DEBUG c.b.testNgListeners.TestNGUtils - [populateTestDataForBSTestOps] Replaced File Name is :: AppiumPOMProject\src\test\java\testBaseUtils\WFlashBeforeEachTestAndroid.java, Absolute Path :: C:\Users\Hp\Documents\IntelliJ Projects\AppiumPOMProject\.., Normalized Path :: C:\Users\Hp\Documents\IntelliJ Projects 
14:12:56.942 [AppiumTest1@0] DEBUG com.browserstack.testOps.Listener - [ TESTHUB ] Processing Request Kind HookRunFinished
14:12:56.943 [AppiumTest1@0] DEBUG c.b.testNgListeners.TestNGUtils - [populateTestDataForBSTestOps] Event Type :: TestRunSkipped, Test ClassName :: GroupID.FlashTestClass
14:12:56.943 [AppiumTest1@0] DEBUG c.browserstack.utils.UtilityMethods - [findFileMatcher] Current Path is :: C:\Users\Hp\Documents\IntelliJ Projects\AppiumPOMProject, TestClass :: GroupID\FlashObjectOptimised
14:12:56.953 [AppiumTest1@0] DEBUG c.b.testNgListeners.TestNGUtils - [populateTestDataForBSTestOps] The filename fetched :: C:\Users\Hp\Documents\IntelliJ Projects\AppiumPOMProject\src\test\java\GroupID\FlashObjectOptimised.java, fileSeparator :: \, AbsolutePath :: C:\Users\Hp\Documents\IntelliJ Projects\AppiumPOMProject\., Normalized Path :: C:\Users\Hp\Documents\IntelliJ Projects\AppiumPOMProject, File.Separator :: \
14:12:56.954 [AppiumTest1@0] DEBUG c.b.testNgListeners.TestNGUtils - [populateTestDataForBSTestOps] Replaced File Name is :: AppiumPOMProject\src\test\java\GroupID\FlashObjectOptimised.java, Absolute Path :: C:\Users\Hp\Documents\IntelliJ Projects\AppiumPOMProject\.., Normalized Path :: C:\Users\Hp\Documents\IntelliJ Projects 
14:12:56.957 [AppiumTest1@0] DEBUG com.browserstack.testOps.Listener - [ TESTHUB ] Processing Request Kind TestRunFinished
14:12:56.957 [AppiumTest1@0] DEBUG c.browserstack.utils.LogReportingAPI - sendSync failed - driver not found
14:12:56.960 [AppiumPOMProject-0@0] DEBUG c.b.testNgListeners.TestNGUtils - [populateTestDataForBSTestOps] Event Type :: TestRunStarted, Test ClassName :: GroupID.FlashTestClass
14:12:56.960 [AppiumPOMProject-0@0] DEBUG c.browserstack.utils.UtilityMethods - [findFileMatcher] Current Path is :: C:\Users\Hp\Documents\IntelliJ Projects\AppiumPOMProject, TestClass :: GroupID\FlashObjectOptimised
14:12:56.970 [AppiumPOMProject-0@0] DEBUG c.b.testNgListeners.TestNGUtils - [populateTestDataForBSTestOps] The filename fetched :: C:\Users\Hp\Documents\IntelliJ Projects\AppiumPOMProject\src\test\java\GroupID\FlashObjectOptimised.java, fileSeparator :: \, AbsolutePath :: C:\Users\Hp\Documents\IntelliJ Projects\AppiumPOMProject\., Normalized Path :: C:\Users\Hp\Documents\IntelliJ Projects\AppiumPOMProject, File.Separator :: \
14:12:56.970 [AppiumPOMProject-0@0] DEBUG c.b.testNgListeners.TestNGUtils - [populateTestDataForBSTestOps] Replaced File Name is :: AppiumPOMProject\src\test\java\GroupID\FlashObjectOptimised.java, Absolute Path :: C:\Users\Hp\Documents\IntelliJ Projects\AppiumPOMProject\.., Normalized Path :: C:\Users\Hp\Documents\IntelliJ Projects 
14:12:56.974 [AppiumPOMProject-0@0] DEBUG com.browserstack.testOps.Listener - [ TESTHUB ] Processing Request Kind TestRunStarted
14:12:56.975 [AppiumTest1@0] DEBUG c.b.testNgListeners.TestNGUtils - [populateTestDataForBSTestOps] Event Type :: TestRunSkipped, Test ClassName :: GroupID.FlashTestClass
14:12:56.975 [AppiumTest1@0] DEBUG c.browserstack.utils.UtilityMethods - [findFileMatcher] Current Path is :: C:\Users\Hp\Documents\IntelliJ Projects\AppiumPOMProject, TestClass :: GroupID\FlashObjectOptimised
14:12:56.986 [AppiumTest1@0] DEBUG c.b.testNgListeners.TestNGUtils - [populateTestDataForBSTestOps] The filename fetched :: C:\Users\Hp\Documents\IntelliJ Projects\AppiumPOMProject\src\test\java\GroupID\FlashObjectOptimised.java, fileSeparator :: \, AbsolutePath :: C:\Users\Hp\Documents\IntelliJ Projects\AppiumPOMProject\., Normalized Path :: C:\Users\Hp\Documents\IntelliJ Projects\AppiumPOMProject, File.Separator :: \
14:12:56.986 [AppiumTest1@0] DEBUG c.b.testNgListeners.TestNGUtils - [populateTestDataForBSTestOps] Replaced File Name is :: AppiumPOMProject\src\test\java\GroupID\FlashObjectOptimised.java, Absolute Path :: C:\Users\Hp\Documents\IntelliJ Projects\AppiumPOMProject\.., Normalized Path :: C:\Users\Hp\Documents\IntelliJ Projects 
14:12:56.990 [AppiumTest1@0] DEBUG com.browserstack.testOps.Listener - [ TESTHUB ] Processing Request Kind TestRunFinished
14:12:56.990 [AppiumTest1@0] DEBUG c.browserstack.utils.LogReportingAPI - sendSync failed - driver not found
14:12:56.992 [AppiumPOMProject-0@0] DEBUG c.b.testNgListeners.TestNGUtils - [populateTestDataForBSTestOps] Event Type :: TestRunStarted, Test ClassName :: GroupID.FlashTestClass
14:12:56.993 [AppiumPOMProject-0@0] DEBUG c.browserstack.utils.UtilityMethods - [findFileMatcher] Current Path is :: C:\Users\Hp\Documents\IntelliJ Projects\AppiumPOMProject, TestClass :: GroupID\FlashObjectOptimised
14:12:57.003 [AppiumPOMProject-0@0] DEBUG c.b.testNgListeners.TestNGUtils - [populateTestDataForBSTestOps] The filename fetched :: C:\Users\Hp\Documents\IntelliJ Projects\AppiumPOMProject\src\test\java\GroupID\FlashObjectOptimised.java, fileSeparator :: \, AbsolutePath :: C:\Users\Hp\Documents\IntelliJ Projects\AppiumPOMProject\., Normalized Path :: C:\Users\Hp\Documents\IntelliJ Projects\AppiumPOMProject, File.Separator :: \
14:12:57.003 [AppiumPOMProject-0@0] DEBUG c.b.testNgListeners.TestNGUtils - [populateTestDataForBSTestOps] Replaced File Name is :: AppiumPOMProject\src\test\java\GroupID\FlashObjectOptimised.java, Absolute Path :: C:\Users\Hp\Documents\IntelliJ Projects\AppiumPOMProject\.., Normalized Path :: C:\Users\Hp\Documents\IntelliJ Projects 
14:12:57.006 [AppiumPOMProject-0@0] DEBUG com.browserstack.testOps.Listener - [ TESTHUB ] Processing Request Kind TestRunStarted
14:12:57.007 [AppiumTest1@0] DEBUG c.b.testNgListeners.TestNGUtils - [populateTestDataForBSTestOps] Event Type :: TestRunSkipped, Test ClassName :: GroupID.FlashTestClass
14:12:57.007 [AppiumTest1@0] DEBUG c.browserstack.utils.UtilityMethods - [findFileMatcher] Current Path is :: C:\Users\Hp\Documents\IntelliJ Projects\AppiumPOMProject, TestClass :: GroupID\FlashObjectOptimised
14:12:57.017 [AppiumTest1@0] DEBUG c.b.testNgListeners.TestNGUtils - [populateTestDataForBSTestOps] The filename fetched :: C:\Users\Hp\Documents\IntelliJ Projects\AppiumPOMProject\src\test\java\GroupID\FlashObjectOptimised.java, fileSeparator :: \, AbsolutePath :: C:\Users\Hp\Documents\IntelliJ Projects\AppiumPOMProject\., Normalized Path :: C:\Users\Hp\Documents\IntelliJ Projects\AppiumPOMProject, File.Separator :: \
14:12:57.017 [AppiumTest1@0] DEBUG c.b.testNgListeners.TestNGUtils - [populateTestDataForBSTestOps] Replaced File Name is :: AppiumPOMProject\src\test\java\GroupID\FlashObjectOptimised.java, Absolute Path :: C:\Users\Hp\Documents\IntelliJ Projects\AppiumPOMProject\.., Normalized Path :: C:\Users\Hp\Documents\IntelliJ Projects 
14:12:57.020 [AppiumTest1@0] DEBUG com.browserstack.testOps.Listener - [ TESTHUB ] Processing Request Kind TestRunFinished
14:12:57.020 [AppiumTest1@0] DEBUG c.browserstack.utils.LogReportingAPI - sendSync failed - driver not found
14:12:57.022 [AppiumPOMProject-0@0] DEBUG c.b.testNgListeners.TestNGUtils - [populateTestDataForBSTestOps] Event Type :: TestRunStarted, Test ClassName :: GroupID.FlashTestClass
14:12:57.022 [AppiumPOMProject-0@0] DEBUG c.browserstack.utils.UtilityMethods - [findFileMatcher] Current Path is :: C:\Users\Hp\Documents\IntelliJ Projects\AppiumPOMProject, TestClass :: GroupID\FlashObjectOptimised
14:12:57.032 [AppiumPOMProject-0@0] DEBUG c.b.testNgListeners.TestNGUtils - [populateTestDataForBSTestOps] The filename fetched :: C:\Users\Hp\Documents\IntelliJ Projects\AppiumPOMProject\src\test\java\GroupID\FlashObjectOptimised.java, fileSeparator :: \, AbsolutePath :: C:\Users\Hp\Documents\IntelliJ Projects\AppiumPOMProject\., Normalized Path :: C:\Users\Hp\Documents\IntelliJ Projects\AppiumPOMProject, File.Separator :: \
14:12:57.032 [AppiumPOMProject-0@0] DEBUG c.b.testNgListeners.TestNGUtils - [populateTestDataForBSTestOps] Replaced File Name is :: AppiumPOMProject\src\test\java\GroupID\FlashObjectOptimised.java, Absolute Path :: C:\Users\Hp\Documents\IntelliJ Projects\AppiumPOMProject\.., Normalized Path :: C:\Users\Hp\Documents\IntelliJ Projects 
14:12:57.034 [AppiumPOMProject-0@0] DEBUG com.browserstack.testOps.Listener - [ TESTHUB ] Processing Request Kind TestRunStarted
14:12:57.035 [AppiumTest1@0] DEBUG c.b.testNgListeners.TestNGUtils - [populateTestDataForBSTestOps] Event Type :: TestRunSkipped, Test ClassName :: GroupID.FlashTestClass
14:12:57.035 [AppiumTest1@0] DEBUG c.browserstack.utils.UtilityMethods - [findFileMatcher] Current Path is :: C:\Users\Hp\Documents\IntelliJ Projects\AppiumPOMProject, TestClass :: GroupID\FlashObjectOptimised
14:12:57.045 [AppiumTest1@0] DEBUG c.b.testNgListeners.TestNGUtils - [populateTestDataForBSTestOps] The filename fetched :: C:\Users\Hp\Documents\IntelliJ Projects\AppiumPOMProject\src\test\java\GroupID\FlashObjectOptimised.java, fileSeparator :: \, AbsolutePath :: C:\Users\Hp\Documents\IntelliJ Projects\AppiumPOMProject\., Normalized Path :: C:\Users\Hp\Documents\IntelliJ Projects\AppiumPOMProject, File.Separator :: \
14:12:57.045 [AppiumTest1@0] DEBUG c.b.testNgListeners.TestNGUtils - [populateTestDataForBSTestOps] Replaced File Name is :: AppiumPOMProject\src\test\java\GroupID\FlashObjectOptimised.java, Absolute Path :: C:\Users\Hp\Documents\IntelliJ Projects\AppiumPOMProject\.., Normalized Path :: C:\Users\Hp\Documents\IntelliJ Projects 
14:12:57.047 [AppiumTest1@0] DEBUG com.browserstack.testOps.Listener - [ TESTHUB ] Processing Request Kind TestRunFinished
14:12:57.047 [AppiumTest1@0] DEBUG c.browserstack.utils.LogReportingAPI - sendSync failed - driver not found
14:12:57.053 [main] DEBUG com.browserstack.testOps.Listener - [ TESTHUB ] Processing Request Kind LogCreated
14:12:57.054 [Thread-0] DEBUG c.browserstack.BrowserStackJavaAgent - Starting final execution
14:12:57.054 [Thread-0] DEBUG c.b.u.ObservabilityUtilityMethods - Processing batch requests with type: Global
14:12:57.054 [Thread-0] DEBUG c.browserstack.utils.LogReportingAPI - [2024-08-06T08:42:57.054718300Z][ OBSERVABILITY ] Processing stop observability
14:12:57.055 [pool-5-thread-1] DEBUG c.browserstack.utils.RequestBatcher - Processing Batch 10

14:12:57.057 [pool-5-thread-1] DEBUG c.browserstack.testOps.RequestUtils - [requestToTestOps] Sending Observability request: POST api/v1/batch with request size 29793
14:12:57.529 [pool-5-thread-1] DEBUG c.browserstack.testOps.RequestUtils - requestToTestOps: Response code: 200
14:12:57.529 [pool-5-thread-1] DEBUG c.browserstack.utils.LogReportingAPI - 
[2024-08-06T08:42:57.529103300Z][ TESTHUB ] Batch event successfull!

14:12:57.530 [Thread-0] DEBUG c.browserstack.testOps.RequestUtils - [ TESTHUB ] Processing Request Kind stopBuildUpstream
14:12:57.530 [Thread-0] DEBUG c.browserstack.testOps.RequestUtils - [requestToTestOps] Sending Observability request: PUT api/v1/builds/dmtakd4vhwypeatf0z9eduwq2nlthutpgqeazytq/stop with request size 65
14:12:57.766 [Thread-0] DEBUG c.browserstack.testOps.RequestUtils - requestToTestOps: Response code: 200
14:12:57.766 [Thread-0] DEBUG com.browserstack.testOps.Listener - Testhub stop response: 
14:12:59.911 [Thread-0] DEBUG com.browserstack.testOps.UsageStats - getFormattedData: Collecting data for TestObservability
14:12:59.911 [Thread-0] DEBUG com.browserstack.testOps.UsageStats - getEventStats: Getting event data for TestObservability
14:12:59.914 [Thread-0] DEBUG com.browserstack.testOps.UsageStats - [OBSERVABILITY] Failed to parse data from workers
14:12:59.968 [Thread-0] DEBUG c.b.utils.FunnelInstrumentation - Sending funnel data for SDKTestSuccessful with data: {"event_type":"SDKTestSuccessful","accessKey":"cdWAYU5meFd1rax23PEp","userName":"nayankumar_Rp0sMa","event_properties":{"product":"[app-automate, observability]","buildName":"browserstack build","os":"Windows 11","languageVersion":"18.0.2.1","appiumVersion":"9.0.0","frameworkDetectionInstrumentation":{"parseLoadClass":5,"ret-org.openqa.selenium.remote.RemoteWebDriver":313,"retransformClasses":313,"parseDependencies":13},"language":"java","sdkRunId":"e25ec6a5-7952-41e4-b74f-1a9ce1fef639","buildIdentifier":"#22","userFramework":"testng","testhub_uuid":"dmtakd4vhwypeatf0z9eduwq2nlthutpgqeazytq","detectedAppiumVersion":"null","detectedDependencies":"testng","productMap":{"app_automate":true,"accessibility":false,"automate":false,"percy":false,"observability":true},"referrer":"testng-javaagent\/1.20.2","hostname":"DESKTOP-13RHPFK","measures":{"local:start":4782,"sdk:setup":10121,"local:stop":2142},"language_framework":"java_testng","detectedFramework":"testng","productUsage":{"testObservability":{"buildHashedId":"dmtakd4vhwypeatf0z9eduwq2nlthutpgqeazytq","manuallySet":false,"enabled":true,"events":{"hookEvents":{"started":{"errors":[],"failedCount":0,"triggeredCount":1,"sentCount":1},"finished":{"triggeredCount":1,"failedCount":0,"errors":[],"sentCount":1},"failed":{"errors":[],"failedCount":0,"triggeredCount":1,"sentCount":1}},"logEvents":{"errors":[],"failedCount":0,"triggeredCount":12,"sentCount":12,"log":{"errors":[],"failedCount":0,"triggeredCount":12,"sentCount":12}},"testEvents":{"started":{"errors":[],"failedCount":0,"triggeredCount":4,"sentCount":4},"finished":{"triggeredCount":4,"failedCount":0,"errors":[],"sentCount":4},"skipped":{"errors":[],"failedCount":0,"triggeredCount":4,"sentCount":4}},"batchEvents":{"triggeredCount":2,"failedCount":0,"errors":[],"sentCount":2},"cbtSessionEvents":{"errors":[],"failedCount":0,"triggeredCount":0,"sentCount":0},"buildEvents":{"started":{"error":null,"status":"success","triggered":true},"finished":{"error":null,"status":"success","triggered":true}}}}},"detectedSeleniumVersion":"null","browserStackConfig":{"browserstackLocal":true,"percy":false,"logLevel":"info","staticWebDriver":true,"autoDetectFramework":true,"percyCaptureMode":"MANUAL","browserStackLocalOptions":{"localIdentifier":"06_Aug_1412_DESKTOP_13RHPFK_5UHI","key":"****"},"percyOptions":null,"testContextOptions":{"skipSessionStatus":false,"serenityOverridePlugin":false,"skipSessionName":false},"platforms":[{"osVersion":null,"capabilities":{"platformVersion":13.0,"platformName":"android","deviceName":"Samsung Galaxy S23"},"browserVersion":null,"os":null,"device":"Samsung Galaxy S23","browser":null,"platformCaps":{"platformVersion":13.0,"platformName":"android","deviceName":"Samsung Galaxy S23"},"platformString":"Samsung Galaxy S23, 13.0","customVariables":"****"}],"parallelsPerPlatform":1,"framework":"testng","accessibility":false,"accessibilityOptions":{},"turboScaleOptions":{},"disableAutoCaptureLogs":true,"testObservability":true,"browserstackAutomation":true,"turboScale":false,"testObservabilityOptions":{},"gradleMConfig":null,"proxySettings":null},"seleniumVersion":""}}
14:13:00.293 [Thread-0] DEBUG c.b.utils.FunnelInstrumentation - API Event SDKTestSuccessful response - {"message":"SDK Event recorded successfully"}
14:13:02.161 [Thread-0] DEBUG c.browserstack.utils.UtilityMethods - Browserstack Gradle-M Config File does not exist.
14:17:14.313 [main] DEBUG c.b.config.BrowserStackConfig - Cli Config passed - {}
14:17:14.605 [main] DEBUG c.b.logger.BrowserstackLoggerFactory - Log Level set to TRACE for logger com.browserstack
14:17:14.606 [main] DEBUG c.b.logger.BrowserstackLoggerFactory - Log Level set to INFO for logger stdoutPrinter
14:17:14.705 [main] DEBUG c.b.utils.FrameworkDetectionUtils - Java command - com.intellij.rt.testng.RemoteTestNGStarter -usedefaultlisteners false -socket58643 @w@C:\Users\Hp\AppData\Local\Temp\idea_working_dirs_testng.tmp -temp C:\Users\Hp\AppData\Local\Temp\idea_testng.tmp
14:17:14.705 [main] DEBUG c.b.utils.FrameworkDetectionUtils - Test classes detected: 
14:17:14.712 [main] DEBUG c.b.utils.FrameworkDetectionUtils - Runner: testng, Engine: none
14:17:14.726 [main] DEBUG c.b.utils.FrameworkDetectionUtils - Runner: testng, Engine: none from dependencies
14:17:14.727 [main] DEBUG c.b.utils.FrameworkDetectionUtils - Detected final framework as: testng
14:17:14.727 [main] DEBUG c.browserstack.BrowserStackJavaAgent - JavaAgent Version 1.20.2
14:17:14.731 [main] DEBUG c.b.utils.ExitSignalHandler - Registered handler for INT
14:17:14.731 [main] DEBUG c.b.utils.ExitSignalHandler - Registered handler for TERM
14:17:14.731 [main] DEBUG c.b.utils.ExitSignalHandler - Unable to attach signal handler for HUP Unknown signal: HUP
14:17:14.731 [main] DEBUG c.b.utils.ExitSignalHandler - Registered handler for ABRT
14:17:15.200 [Thread-1] DEBUG c.browserstack.utils.UtilityMethods - NEXT HUBS ARE: ["hub-aps.browserstack.com","hub-euw.browserstack.com","hub-apse.browserstack.com"]
14:17:15.457 [main] DEBUG c.browserstack.utils.UtilityMethods - EXECUTION TIME OF hub-aps.browserstack.com HUB IS: 255ms
14:17:16.390 [main] DEBUG c.browserstack.utils.UtilityMethods - EXECUTION TIME OF hub-euw.browserstack.com HUB IS: 929ms
14:17:17.336 [main] DEBUG c.browserstack.utils.UtilityMethods - EXECUTION TIME OF hub-apse.browserstack.com HUB IS: 945ms
14:17:17.337 [main] DEBUG c.browserstack.utils.UtilityMethods - NEAREST HUB ALLOCATED IS - hub-aps.browserstack.com
14:17:17.349 [main] DEBUG c.b.utils.FunnelInstrumentation - Sending funnel data for SDKTestAttempted with data: {"event_type":"SDKTestAttempted","accessKey":"cdWAYU5meFd1rax23PEp","userName":"nayankumar_Rp0sMa","event_properties":{"product":"[app-automate, observability]","buildName":"browserstack build","os":"Windows 11","languageVersion":"18.0.2.1","appiumVersion":"9.0.0","frameworkDetectionInstrumentation":{"parseLoadClass":5,"parseDependencies":14},"language":"java","sdkRunId":"9810760b-f877-4805-b512-e5b0a4a2c4bf","buildIdentifier":"#23","userFramework":"testng","testhub_uuid":"","detectedAppiumVersion":"null","detectedDependencies":"testng","productMap":{"app_automate":true,"accessibility":false,"automate":false,"percy":false,"observability":true},"referrer":"testng-javaagent\/1.20.2","hostname":"DESKTOP-13RHPFK","language_framework":"java_testng","detectedFramework":"testng","detectedSeleniumVersion":"null","seleniumVersion":""}}
14:17:18.391 [main] DEBUG c.b.utils.FunnelInstrumentation - API Event SDKTestAttempted response - {"message":"SDK Event recorded successfully"}
14:17:18.575 [main] DEBUG c.browserstack.testOps.RequestUtils - [ TESTHUB ] Processing Request Kind launchTestSession
14:17:18.575 [main] DEBUG c.browserstack.testOps.RequestUtils - [requestToTestOps] Sending Observability request: POST api/v2/builds with request size 1330
14:17:20.030 [main] DEBUG c.browserstack.testOps.RequestUtils - requestToTestOps: Response code: 200
14:17:20.031 [main] DEBUG com.browserstack.testOps.Listener - BROWSERSTACK_TESTHUB_UUID : yblhjfvmnidyywrr9kl0nppbfaaxnmcqpazaioyh
14:17:20.031 [main] DEBUG com.browserstack.testOps.Listener - [ TESTHUB ] Build creation successfull
14:17:20.034 [main] DEBUG com.browserstack.LocalFactory - Starting BrowserStack Local with identifier 06_Aug_1417_DESKTOP_13RHPFK_yo6N
14:17:25.376 [main] DEBUG c.b.t.XMLSuiteClassListener - Number of parallels - 1 and number of platforms - 1
14:17:25.673 [main] DEBUG com.browserstack.testOps.Listener - [ TESTHUB ] Processing Request Kind LogCreated
14:17:25.677 [main] DEBUG com.browserstack.testOps.Listener - [ TESTHUB ] Processing Request Kind LogCreated
14:17:25.680 [main] DEBUG com.browserstack.testOps.Listener - [ TESTHUB ] Processing Request Kind LogCreated
14:17:25.680 [main] DEBUG com.browserstack.testOps.Listener - [ TESTHUB ] Processing Request Kind LogCreated
14:17:25.680 [main] DEBUG com.browserstack.testOps.Listener - [ TESTHUB ] Processing Request Kind LogCreated
14:17:25.688 [main] DEBUG com.browserstack.testOps.Listener - [ TESTHUB ] Processing Request Kind LogCreated
14:17:25.688 [main] DEBUG com.browserstack.testOps.Listener - [ TESTHUB ] Processing Request Kind LogCreated
14:17:25.689 [main] DEBUG com.browserstack.testOps.Listener - [ TESTHUB ] Processing Request Kind LogCreated
14:17:25.689 [main] DEBUG com.browserstack.testOps.Listener - [ TESTHUB ] Processing Request Kind LogCreated
14:17:25.689 [main] DEBUG com.browserstack.testOps.Listener - [ TESTHUB ] Processing Request Kind LogCreated
14:17:25.696 [main] DEBUG com.browserstack.testOps.Listener - [ TESTHUB ] Processing Request Kind LogCreated
14:17:25.696 [main] DEBUG c.browserstack.utils.LogReportingAPI - [2024-08-06T08:47:25.696148100Z][ OBSERVABILITY ] Processing Logs patching stream
14:17:25.740 [configureAppium@0] DEBUG c.b.testNgListeners.TestNGUtils - [populateTestDataForBSTestOps] Event Type :: HookRunStarted, Method ClassName :: testBaseUtils.WFlashBeforeEachTestAndroid 
14:17:25.740 [configureAppium@0] DEBUG c.browserstack.utils.UtilityMethods - [findFileMatcher] Current Path is :: C:\Users\Hp\Documents\IntelliJ Projects\AppiumPOMProject, TestClass :: testBaseUtils\WFlashBeforeEachTestAndroid
14:17:25.757 [configureAppium@0] DEBUG c.b.testNgListeners.TestNGUtils - [populateTestDataForBSTestOps] The filename fetched :: C:\Users\Hp\Documents\IntelliJ Projects\AppiumPOMProject\src\test\java\testBaseUtils\WFlashBeforeEachTestAndroid.java, fileSeparator :: \, AbsolutePath :: C:\Users\Hp\Documents\IntelliJ Projects\AppiumPOMProject\., Normalized Path :: C:\Users\Hp\Documents\IntelliJ Projects\AppiumPOMProject, File.Separator :: \
14:17:25.757 [configureAppium@0] DEBUG c.b.testNgListeners.TestNGUtils - [populateTestDataForBSTestOps] Replaced File Name is :: AppiumPOMProject\src\test\java\testBaseUtils\WFlashBeforeEachTestAndroid.java, Absolute Path :: C:\Users\Hp\Documents\IntelliJ Projects\AppiumPOMProject\.., Normalized Path :: C:\Users\Hp\Documents\IntelliJ Projects 
14:17:25.759 [configureAppium@0] DEBUG com.browserstack.testOps.Listener - [ TESTHUB ] Processing Request Kind HookRunStarted
14:17:27.680 [pool-4-thread-1] DEBUG c.browserstack.utils.RequestBatcher - Time Since Last Batch Processed 1722934047680

14:17:27.682 [pool-5-thread-1] DEBUG c.browserstack.utils.RequestBatcher - Processing Batch 12

14:17:27.682 [pool-5-thread-1] DEBUG c.browserstack.testOps.RequestUtils - [requestToTestOps] Sending Observability request: POST api/v1/batch with request size 3436
14:17:27.982 [pool-5-thread-1] DEBUG c.browserstack.testOps.RequestUtils - requestToTestOps: Response code: 200
14:17:27.982 [pool-5-thread-1] DEBUG c.browserstack.utils.LogReportingAPI - 
[2024-08-06T08:47:27.982727700Z][ TESTHUB ] Batch event successfull!

14:17:29.686 [pool-4-thread-1] DEBUG c.browserstack.utils.RequestBatcher - Time Since Last Batch Processed 2005

14:17:33.676 [pool-4-thread-1] DEBUG c.browserstack.utils.RequestBatcher - Time Since Last Batch Processed 3990

14:17:35.679 [pool-4-thread-1] DEBUG c.browserstack.utils.RequestBatcher - Time Since Last Batch Processed 2003

14:17:39.678 [pool-4-thread-1] DEBUG c.browserstack.utils.RequestBatcher - Time Since Last Batch Processed 3999

14:17:41.681 [pool-4-thread-1] DEBUG c.browserstack.utils.RequestBatcher - Time Since Last Batch Processed 2003

14:17:45.688 [pool-4-thread-1] DEBUG c.browserstack.utils.RequestBatcher - Time Since Last Batch Processed 4007

14:17:45.827 [AppiumPOMProject-0@0] DEBUG c.b.testNgListeners.TestNGUtils - [populateTestDataForBSTestOps] Event Type :: TestRunStarted, Test ClassName :: GroupID.FlashTestClass
14:17:45.827 [AppiumPOMProject-0@0] DEBUG c.browserstack.utils.UtilityMethods - [findFileMatcher] Current Path is :: C:\Users\Hp\Documents\IntelliJ Projects\AppiumPOMProject, TestClass :: GroupID\FlashObjectOptimised
14:17:45.836 [AppiumPOMProject-0@0] DEBUG c.b.testNgListeners.TestNGUtils - [populateTestDataForBSTestOps] The filename fetched :: C:\Users\Hp\Documents\IntelliJ Projects\AppiumPOMProject\src\test\java\GroupID\FlashObjectOptimised.java, fileSeparator :: \, AbsolutePath :: C:\Users\Hp\Documents\IntelliJ Projects\AppiumPOMProject\., Normalized Path :: C:\Users\Hp\Documents\IntelliJ Projects\AppiumPOMProject, File.Separator :: \
14:17:45.836 [AppiumPOMProject-0@0] DEBUG c.b.testNgListeners.TestNGUtils - [populateTestDataForBSTestOps] Replaced File Name is :: AppiumPOMProject\src\test\java\GroupID\FlashObjectOptimised.java, Absolute Path :: C:\Users\Hp\Documents\IntelliJ Projects\AppiumPOMProject\.., Normalized Path :: C:\Users\Hp\Documents\IntelliJ Projects 
14:17:45.840 [AppiumPOMProject-0@0] DEBUG com.browserstack.testOps.Listener - [ TESTHUB ] Processing Request Kind TestRunStarted
14:17:45.841 [AppiumTest1@0] DEBUG c.b.testNgListeners.TestNGUtils - [populateTestDataForBSTestOps] Event Type :: HookRunFinished, Method ClassName :: testBaseUtils.WFlashBeforeEachTestAndroid 
14:17:45.841 [AppiumTest1@0] DEBUG c.browserstack.utils.UtilityMethods - [findFileMatcher] Current Path is :: C:\Users\Hp\Documents\IntelliJ Projects\AppiumPOMProject, TestClass :: testBaseUtils\WFlashBeforeEachTestAndroid
14:17:45.851 [AppiumTest1@0] DEBUG c.b.testNgListeners.TestNGUtils - [populateTestDataForBSTestOps] The filename fetched :: C:\Users\Hp\Documents\IntelliJ Projects\AppiumPOMProject\src\test\java\testBaseUtils\WFlashBeforeEachTestAndroid.java, fileSeparator :: \, AbsolutePath :: C:\Users\Hp\Documents\IntelliJ Projects\AppiumPOMProject\., Normalized Path :: C:\Users\Hp\Documents\IntelliJ Projects\AppiumPOMProject, File.Separator :: \
14:17:45.851 [AppiumTest1@0] DEBUG c.b.testNgListeners.TestNGUtils - [populateTestDataForBSTestOps] Replaced File Name is :: AppiumPOMProject\src\test\java\testBaseUtils\WFlashBeforeEachTestAndroid.java, Absolute Path :: C:\Users\Hp\Documents\IntelliJ Projects\AppiumPOMProject\.., Normalized Path :: C:\Users\Hp\Documents\IntelliJ Projects 
14:17:45.857 [AppiumTest1@0] DEBUG com.browserstack.testOps.Listener - [ TESTHUB ] Processing Request Kind HookRunFinished
14:17:45.857 [AppiumTest1@0] DEBUG c.b.testNgListeners.TestNGUtils - [populateTestDataForBSTestOps] Event Type :: TestRunSkipped, Test ClassName :: GroupID.FlashTestClass
14:17:45.857 [AppiumTest1@0] DEBUG c.browserstack.utils.UtilityMethods - [findFileMatcher] Current Path is :: C:\Users\Hp\Documents\IntelliJ Projects\AppiumPOMProject, TestClass :: GroupID\FlashObjectOptimised
14:17:45.867 [AppiumTest1@0] DEBUG c.b.testNgListeners.TestNGUtils - [populateTestDataForBSTestOps] The filename fetched :: C:\Users\Hp\Documents\IntelliJ Projects\AppiumPOMProject\src\test\java\GroupID\FlashObjectOptimised.java, fileSeparator :: \, AbsolutePath :: C:\Users\Hp\Documents\IntelliJ Projects\AppiumPOMProject\., Normalized Path :: C:\Users\Hp\Documents\IntelliJ Projects\AppiumPOMProject, File.Separator :: \
14:17:45.868 [AppiumTest1@0] DEBUG c.b.testNgListeners.TestNGUtils - [populateTestDataForBSTestOps] Replaced File Name is :: AppiumPOMProject\src\test\java\GroupID\FlashObjectOptimised.java, Absolute Path :: C:\Users\Hp\Documents\IntelliJ Projects\AppiumPOMProject\.., Normalized Path :: C:\Users\Hp\Documents\IntelliJ Projects 
14:17:45.872 [AppiumTest1@0] DEBUG com.browserstack.testOps.Listener - [ TESTHUB ] Processing Request Kind TestRunFinished
14:17:45.872 [AppiumTest1@0] DEBUG c.browserstack.utils.LogReportingAPI - sendSync failed - driver not found
14:17:45.875 [AppiumPOMProject-0@0] DEBUG c.b.testNgListeners.TestNGUtils - [populateTestDataForBSTestOps] Event Type :: TestRunStarted, Test ClassName :: GroupID.FlashTestClass
14:17:45.875 [AppiumPOMProject-0@0] DEBUG c.browserstack.utils.UtilityMethods - [findFileMatcher] Current Path is :: C:\Users\Hp\Documents\IntelliJ Projects\AppiumPOMProject, TestClass :: GroupID\FlashObjectOptimised
14:17:45.885 [AppiumPOMProject-0@0] DEBUG c.b.testNgListeners.TestNGUtils - [populateTestDataForBSTestOps] The filename fetched :: C:\Users\Hp\Documents\IntelliJ Projects\AppiumPOMProject\src\test\java\GroupID\FlashObjectOptimised.java, fileSeparator :: \, AbsolutePath :: C:\Users\Hp\Documents\IntelliJ Projects\AppiumPOMProject\., Normalized Path :: C:\Users\Hp\Documents\IntelliJ Projects\AppiumPOMProject, File.Separator :: \
14:17:45.885 [AppiumPOMProject-0@0] DEBUG c.b.testNgListeners.TestNGUtils - [populateTestDataForBSTestOps] Replaced File Name is :: AppiumPOMProject\src\test\java\GroupID\FlashObjectOptimised.java, Absolute Path :: C:\Users\Hp\Documents\IntelliJ Projects\AppiumPOMProject\.., Normalized Path :: C:\Users\Hp\Documents\IntelliJ Projects 
14:17:45.888 [AppiumPOMProject-0@0] DEBUG com.browserstack.testOps.Listener - [ TESTHUB ] Processing Request Kind TestRunStarted
14:17:45.889 [AppiumTest1@0] DEBUG c.b.testNgListeners.TestNGUtils - [populateTestDataForBSTestOps] Event Type :: TestRunSkipped, Test ClassName :: GroupID.FlashTestClass
14:17:45.889 [AppiumTest1@0] DEBUG c.browserstack.utils.UtilityMethods - [findFileMatcher] Current Path is :: C:\Users\Hp\Documents\IntelliJ Projects\AppiumPOMProject, TestClass :: GroupID\FlashObjectOptimised
14:17:45.899 [AppiumTest1@0] DEBUG c.b.testNgListeners.TestNGUtils - [populateTestDataForBSTestOps] The filename fetched :: C:\Users\Hp\Documents\IntelliJ Projects\AppiumPOMProject\src\test\java\GroupID\FlashObjectOptimised.java, fileSeparator :: \, AbsolutePath :: C:\Users\Hp\Documents\IntelliJ Projects\AppiumPOMProject\., Normalized Path :: C:\Users\Hp\Documents\IntelliJ Projects\AppiumPOMProject, File.Separator :: \
14:17:45.899 [AppiumTest1@0] DEBUG c.b.testNgListeners.TestNGUtils - [populateTestDataForBSTestOps] Replaced File Name is :: AppiumPOMProject\src\test\java\GroupID\FlashObjectOptimised.java, Absolute Path :: C:\Users\Hp\Documents\IntelliJ Projects\AppiumPOMProject\.., Normalized Path :: C:\Users\Hp\Documents\IntelliJ Projects 
14:17:45.903 [AppiumTest1@0] DEBUG com.browserstack.testOps.Listener - [ TESTHUB ] Processing Request Kind TestRunFinished
14:17:45.903 [AppiumTest1@0] DEBUG c.browserstack.utils.LogReportingAPI - sendSync failed - driver not found
14:17:45.906 [AppiumPOMProject-0@0] DEBUG c.b.testNgListeners.TestNGUtils - [populateTestDataForBSTestOps] Event Type :: TestRunStarted, Test ClassName :: GroupID.FlashTestClass
14:17:45.906 [AppiumPOMProject-0@0] DEBUG c.browserstack.utils.UtilityMethods - [findFileMatcher] Current Path is :: C:\Users\Hp\Documents\IntelliJ Projects\AppiumPOMProject, TestClass :: GroupID\FlashObjectOptimised
14:17:45.915 [AppiumPOMProject-0@0] DEBUG c.b.testNgListeners.TestNGUtils - [populateTestDataForBSTestOps] The filename fetched :: C:\Users\Hp\Documents\IntelliJ Projects\AppiumPOMProject\src\test\java\GroupID\FlashObjectOptimised.java, fileSeparator :: \, AbsolutePath :: C:\Users\Hp\Documents\IntelliJ Projects\AppiumPOMProject\., Normalized Path :: C:\Users\Hp\Documents\IntelliJ Projects\AppiumPOMProject, File.Separator :: \
14:17:45.918 [AppiumPOMProject-0@0] DEBUG c.b.testNgListeners.TestNGUtils - [populateTestDataForBSTestOps] Replaced File Name is :: AppiumPOMProject\src\test\java\GroupID\FlashObjectOptimised.java, Absolute Path :: C:\Users\Hp\Documents\IntelliJ Projects\AppiumPOMProject\.., Normalized Path :: C:\Users\Hp\Documents\IntelliJ Projects 
14:17:45.922 [AppiumPOMProject-0@0] DEBUG com.browserstack.testOps.Listener - [ TESTHUB ] Processing Request Kind TestRunStarted
14:17:45.922 [AppiumTest1@0] DEBUG c.b.testNgListeners.TestNGUtils - [populateTestDataForBSTestOps] Event Type :: TestRunSkipped, Test ClassName :: GroupID.FlashTestClass
14:17:45.923 [AppiumTest1@0] DEBUG c.browserstack.utils.UtilityMethods - [findFileMatcher] Current Path is :: C:\Users\Hp\Documents\IntelliJ Projects\AppiumPOMProject, TestClass :: GroupID\FlashObjectOptimised
14:17:45.931 [AppiumTest1@0] DEBUG c.b.testNgListeners.TestNGUtils - [populateTestDataForBSTestOps] The filename fetched :: C:\Users\Hp\Documents\IntelliJ Projects\AppiumPOMProject\src\test\java\GroupID\FlashObjectOptimised.java, fileSeparator :: \, AbsolutePath :: C:\Users\Hp\Documents\IntelliJ Projects\AppiumPOMProject\., Normalized Path :: C:\Users\Hp\Documents\IntelliJ Projects\AppiumPOMProject, File.Separator :: \
14:17:45.931 [AppiumTest1@0] DEBUG c.b.testNgListeners.TestNGUtils - [populateTestDataForBSTestOps] Replaced File Name is :: AppiumPOMProject\src\test\java\GroupID\FlashObjectOptimised.java, Absolute Path :: C:\Users\Hp\Documents\IntelliJ Projects\AppiumPOMProject\.., Normalized Path :: C:\Users\Hp\Documents\IntelliJ Projects 
14:17:45.938 [AppiumTest1@0] DEBUG com.browserstack.testOps.Listener - [ TESTHUB ] Processing Request Kind TestRunFinished
14:17:45.938 [AppiumTest1@0] DEBUG c.browserstack.utils.LogReportingAPI - sendSync failed - driver not found
14:17:45.941 [AppiumPOMProject-0@0] DEBUG c.b.testNgListeners.TestNGUtils - [populateTestDataForBSTestOps] Event Type :: TestRunStarted, Test ClassName :: GroupID.FlashTestClass
14:17:45.941 [AppiumPOMProject-0@0] DEBUG c.browserstack.utils.UtilityMethods - [findFileMatcher] Current Path is :: C:\Users\Hp\Documents\IntelliJ Projects\AppiumPOMProject, TestClass :: GroupID\FlashObjectOptimised
14:17:45.951 [AppiumPOMProject-0@0] DEBUG c.b.testNgListeners.TestNGUtils - [populateTestDataForBSTestOps] The filename fetched :: C:\Users\Hp\Documents\IntelliJ Projects\AppiumPOMProject\src\test\java\GroupID\FlashObjectOptimised.java, fileSeparator :: \, AbsolutePath :: C:\Users\Hp\Documents\IntelliJ Projects\AppiumPOMProject\., Normalized Path :: C:\Users\Hp\Documents\IntelliJ Projects\AppiumPOMProject, File.Separator :: \
14:17:45.951 [AppiumPOMProject-0@0] DEBUG c.b.testNgListeners.TestNGUtils - [populateTestDataForBSTestOps] Replaced File Name is :: AppiumPOMProject\src\test\java\GroupID\FlashObjectOptimised.java, Absolute Path :: C:\Users\Hp\Documents\IntelliJ Projects\AppiumPOMProject\.., Normalized Path :: C:\Users\Hp\Documents\IntelliJ Projects 
14:17:45.954 [AppiumPOMProject-0@0] DEBUG com.browserstack.testOps.Listener - [ TESTHUB ] Processing Request Kind TestRunStarted
14:17:45.955 [AppiumTest1@0] DEBUG c.b.testNgListeners.TestNGUtils - [populateTestDataForBSTestOps] Event Type :: TestRunSkipped, Test ClassName :: GroupID.FlashTestClass
14:17:45.955 [AppiumTest1@0] DEBUG c.browserstack.utils.UtilityMethods - [findFileMatcher] Current Path is :: C:\Users\Hp\Documents\IntelliJ Projects\AppiumPOMProject, TestClass :: GroupID\FlashObjectOptimised
14:17:45.964 [AppiumTest1@0] DEBUG c.b.testNgListeners.TestNGUtils - [populateTestDataForBSTestOps] The filename fetched :: C:\Users\Hp\Documents\IntelliJ Projects\AppiumPOMProject\src\test\java\GroupID\FlashObjectOptimised.java, fileSeparator :: \, AbsolutePath :: C:\Users\Hp\Documents\IntelliJ Projects\AppiumPOMProject\., Normalized Path :: C:\Users\Hp\Documents\IntelliJ Projects\AppiumPOMProject, File.Separator :: \
14:17:45.964 [AppiumTest1@0] DEBUG c.b.testNgListeners.TestNGUtils - [populateTestDataForBSTestOps] Replaced File Name is :: AppiumPOMProject\src\test\java\GroupID\FlashObjectOptimised.java, Absolute Path :: C:\Users\Hp\Documents\IntelliJ Projects\AppiumPOMProject\.., Normalized Path :: C:\Users\Hp\Documents\IntelliJ Projects 
14:17:45.967 [AppiumTest1@0] DEBUG com.browserstack.testOps.Listener - [ TESTHUB ] Processing Request Kind TestRunFinished
14:17:45.967 [AppiumTest1@0] DEBUG c.browserstack.utils.LogReportingAPI - sendSync failed - driver not found
14:17:45.973 [main] DEBUG com.browserstack.testOps.Listener - [ TESTHUB ] Processing Request Kind LogCreated
14:17:45.974 [Thread-0] DEBUG c.browserstack.BrowserStackJavaAgent - Starting final execution
14:17:45.975 [Thread-0] DEBUG c.b.u.ObservabilityUtilityMethods - Processing batch requests with type: Global
14:17:45.975 [Thread-0] DEBUG c.browserstack.utils.LogReportingAPI - [2024-08-06T08:47:45.975868800Z][ OBSERVABILITY ] Processing stop observability
14:17:45.976 [pool-5-thread-1] DEBUG c.browserstack.utils.RequestBatcher - Processing Batch 10

14:17:45.983 [pool-5-thread-1] DEBUG c.browserstack.testOps.RequestUtils - [requestToTestOps] Sending Observability request: POST api/v1/batch with request size 47504
14:17:46.465 [pool-5-thread-1] DEBUG c.browserstack.testOps.RequestUtils - requestToTestOps: Response code: 200
14:17:46.465 [pool-5-thread-1] DEBUG c.browserstack.utils.LogReportingAPI - 
[2024-08-06T08:47:46.465601100Z][ TESTHUB ] Batch event successfull!

14:17:46.465 [Thread-0] DEBUG c.browserstack.testOps.RequestUtils - [ TESTHUB ] Processing Request Kind stopBuildUpstream
14:17:46.465 [Thread-0] DEBUG c.browserstack.testOps.RequestUtils - [requestToTestOps] Sending Observability request: PUT api/v1/builds/yblhjfvmnidyywrr9kl0nppbfaaxnmcqpazaioyh/stop with request size 65
14:17:46.717 [Thread-0] DEBUG c.browserstack.testOps.RequestUtils - requestToTestOps: Response code: 200
14:17:46.717 [Thread-0] DEBUG com.browserstack.testOps.Listener - Testhub stop response: 
14:17:48.901 [Thread-0] DEBUG com.browserstack.testOps.UsageStats - getFormattedData: Collecting data for TestObservability
14:17:48.901 [Thread-0] DEBUG com.browserstack.testOps.UsageStats - getEventStats: Getting event data for TestObservability
14:17:48.904 [Thread-0] DEBUG com.browserstack.testOps.UsageStats - [OBSERVABILITY] Failed to parse data from workers
14:17:48.962 [Thread-0] DEBUG c.b.utils.FunnelInstrumentation - Sending funnel data for SDKTestSuccessful with data: {"event_type":"SDKTestSuccessful","accessKey":"cdWAYU5meFd1rax23PEp","userName":"nayankumar_Rp0sMa","event_properties":{"product":"[app-automate, observability]","buildName":"browserstack build","os":"Windows 11","languageVersion":"18.0.2.1","appiumVersion":"9.0.0","frameworkDetectionInstrumentation":{"parseLoadClass":5,"ret-org.openqa.selenium.remote.RemoteWebDriver":290,"retransformClasses":290,"parseDependencies":14},"language":"java","sdkRunId":"9810760b-f877-4805-b512-e5b0a4a2c4bf","buildIdentifier":"#23","userFramework":"testng","testhub_uuid":"yblhjfvmnidyywrr9kl0nppbfaaxnmcqpazaioyh","detectedAppiumVersion":"null","detectedDependencies":"testng","productMap":{"app_automate":true,"accessibility":false,"automate":false,"percy":false,"observability":true},"referrer":"testng-javaagent\/1.20.2","hostname":"DESKTOP-13RHPFK","measures":{"local:start":4833,"sdk:setup":10880,"local:stop":2181},"language_framework":"java_testng","detectedFramework":"testng","productUsage":{"testObservability":{"buildHashedId":"yblhjfvmnidyywrr9kl0nppbfaaxnmcqpazaioyh","manuallySet":false,"enabled":true,"events":{"hookEvents":{"started":{"errors":[],"sentCount":1,"triggeredCount":1,"failedCount":0},"finished":{"triggeredCount":1,"failedCount":0,"errors":[],"sentCount":1},"failed":{"errors":[],"sentCount":1,"triggeredCount":1,"failedCount":0}},"logEvents":{"errors":[],"sentCount":12,"triggeredCount":12,"failedCount":0,"log":{"errors":[],"sentCount":12,"triggeredCount":12,"failedCount":0}},"testEvents":{"started":{"errors":[],"sentCount":4,"triggeredCount":4,"failedCount":0},"finished":{"triggeredCount":4,"failedCount":0,"errors":[],"sentCount":4},"skipped":{"errors":[],"sentCount":4,"triggeredCount":4,"failedCount":0}},"batchEvents":{"triggeredCount":2,"failedCount":0,"errors":[],"sentCount":2},"cbtSessionEvents":{"errors":[],"sentCount":0,"triggeredCount":0,"failedCount":0},"buildEvents":{"started":{"error":null,"status":"success","triggered":true},"finished":{"error":null,"status":"success","triggered":true}}}}},"detectedSeleniumVersion":"null","browserStackConfig":{"browserstackLocal":true,"percy":false,"logLevel":"info","staticWebDriver":true,"autoDetectFramework":true,"percyCaptureMode":"MANUAL","browserStackLocalOptions":{"localIdentifier":"06_Aug_1417_DESKTOP_13RHPFK_yo6N","key":"****"},"percyOptions":null,"testContextOptions":{"serenityOverridePlugin":false,"skipSessionStatus":false,"skipSessionName":false},"platforms":[{"capabilities":{"platformVersion":13.0,"platformName":"android","deviceName":"Samsung Galaxy S23"},"browser":null,"osVersion":null,"device":"Samsung Galaxy S23","os":null,"browserVersion":null,"platformCaps":{"platformVersion":13.0,"platformName":"android","deviceName":"Samsung Galaxy S23"},"platformString":"Samsung Galaxy S23, 13.0","customVariables":"****"}],"parallelsPerPlatform":1,"framework":"testng","accessibility":false,"accessibilityOptions":{},"turboScaleOptions":{},"disableAutoCaptureLogs":true,"testObservability":true,"browserstackAutomation":true,"turboScale":false,"testObservabilityOptions":{},"gradleMConfig":null,"proxySettings":null},"seleniumVersion":""}}
14:17:49.284 [Thread-0] DEBUG c.b.utils.FunnelInstrumentation - API Event SDKTestSuccessful response - {"message":"SDK Event recorded successfully"}
14:17:51.365 [Thread-0] DEBUG c.browserstack.utils.UtilityMethods - Browserstack Gradle-M Config File does not exist.
14:18:42.360 [main] DEBUG c.b.config.BrowserStackConfig - Cli Config passed - {}
14:18:42.663 [main] DEBUG c.b.logger.BrowserstackLoggerFactory - Log Level set to TRACE for logger com.browserstack
14:18:42.663 [main] DEBUG c.b.logger.BrowserstackLoggerFactory - Log Level set to INFO for logger stdoutPrinter
14:18:42.768 [main] DEBUG c.b.utils.FrameworkDetectionUtils - Java command - com.intellij.rt.testng.RemoteTestNGStarter -usedefaultlisteners false -socket58753 @w@C:\Users\Hp\AppData\Local\Temp\idea_working_dirs_testng.tmp -temp C:\Users\Hp\AppData\Local\Temp\idea_testng.tmp
14:18:42.768 [main] DEBUG c.b.utils.FrameworkDetectionUtils - Test classes detected: 
14:18:42.774 [main] DEBUG c.b.utils.FrameworkDetectionUtils - Runner: testng, Engine: none
14:18:42.787 [main] DEBUG c.b.utils.FrameworkDetectionUtils - Runner: testng, Engine: none from dependencies
14:18:42.788 [main] DEBUG c.b.utils.FrameworkDetectionUtils - Detected final framework as: testng
14:18:42.788 [main] DEBUG c.browserstack.BrowserStackJavaAgent - JavaAgent Version 1.20.2
14:18:42.791 [main] DEBUG c.b.utils.ExitSignalHandler - Registered handler for INT
14:18:42.792 [main] DEBUG c.b.utils.ExitSignalHandler - Registered handler for TERM
14:18:42.792 [main] DEBUG c.b.utils.ExitSignalHandler - Unable to attach signal handler for HUP Unknown signal: HUP
14:18:42.792 [main] DEBUG c.b.utils.ExitSignalHandler - Registered handler for ABRT
14:18:43.224 [Thread-1] DEBUG c.browserstack.utils.UtilityMethods - NEXT HUBS ARE: ["hub-aps.browserstack.com","hub-euw.browserstack.com","hub-apse.browserstack.com"]
14:18:43.545 [main] DEBUG c.browserstack.utils.UtilityMethods - EXECUTION TIME OF hub-aps.browserstack.com HUB IS: 319ms
14:18:44.440 [main] DEBUG c.browserstack.utils.UtilityMethods - EXECUTION TIME OF hub-euw.browserstack.com HUB IS: 887ms
14:18:45.407 [main] DEBUG c.browserstack.utils.UtilityMethods - EXECUTION TIME OF hub-apse.browserstack.com HUB IS: 966ms
14:18:45.409 [main] DEBUG c.browserstack.utils.UtilityMethods - NEAREST HUB ALLOCATED IS - hub-aps.browserstack.com
14:18:45.418 [main] DEBUG c.b.utils.FunnelInstrumentation - Sending funnel data for SDKTestAttempted with data: {"event_type":"SDKTestAttempted","accessKey":"cdWAYU5meFd1rax23PEp","userName":"nayankumar_Rp0sMa","event_properties":{"product":"[app-automate, observability]","buildName":"browserstack build","os":"Windows 11","languageVersion":"18.0.2.1","appiumVersion":"9.0.0","frameworkDetectionInstrumentation":{"parseLoadClass":5,"parseDependencies":13},"language":"java","sdkRunId":"ac726188-5fec-4a1a-a489-7f0330f3f1ce","buildIdentifier":"#24","userFramework":"testng","testhub_uuid":"","detectedAppiumVersion":"null","detectedDependencies":"testng","productMap":{"app_automate":true,"accessibility":false,"automate":false,"percy":false,"observability":true},"referrer":"testng-javaagent\/1.20.2","hostname":"DESKTOP-13RHPFK","language_framework":"java_testng","detectedFramework":"testng","detectedSeleniumVersion":"null","seleniumVersion":""}}
14:18:45.793 [main] DEBUG c.b.utils.FunnelInstrumentation - API Event SDKTestAttempted response - {"message":"SDK Event recorded successfully"}
14:18:45.977 [main] DEBUG c.browserstack.testOps.RequestUtils - [ TESTHUB ] Processing Request Kind launchTestSession
14:18:45.978 [main] DEBUG c.browserstack.testOps.RequestUtils - [requestToTestOps] Sending Observability request: POST api/v2/builds with request size 1330
14:18:47.358 [main] DEBUG c.browserstack.testOps.RequestUtils - requestToTestOps: Response code: 200
14:18:47.358 [main] DEBUG com.browserstack.testOps.Listener - BROWSERSTACK_TESTHUB_UUID : mg3eyplagwllnt81m9v7jw8xjguhdgq47ml9c3d9
14:18:47.358 [main] DEBUG com.browserstack.testOps.Listener - [ TESTHUB ] Build creation successfull
14:18:47.361 [main] DEBUG com.browserstack.LocalFactory - Starting BrowserStack Local with identifier 06_Aug_1418_DESKTOP_13RHPFK_1zwa
14:18:53.516 [main] DEBUG c.b.t.XMLSuiteClassListener - Number of parallels - 1 and number of platforms - 1
14:18:53.830 [main] DEBUG com.browserstack.testOps.Listener - [ TESTHUB ] Processing Request Kind LogCreated
14:18:53.832 [main] DEBUG com.browserstack.testOps.Listener - [ TESTHUB ] Processing Request Kind LogCreated
14:18:53.835 [main] DEBUG com.browserstack.testOps.Listener - [ TESTHUB ] Processing Request Kind LogCreated
14:18:53.836 [main] DEBUG com.browserstack.testOps.Listener - [ TESTHUB ] Processing Request Kind LogCreated
14:18:53.836 [main] DEBUG com.browserstack.testOps.Listener - [ TESTHUB ] Processing Request Kind LogCreated
14:18:53.844 [main] DEBUG com.browserstack.testOps.Listener - [ TESTHUB ] Processing Request Kind LogCreated
14:18:53.844 [main] DEBUG com.browserstack.testOps.Listener - [ TESTHUB ] Processing Request Kind LogCreated
14:18:53.845 [main] DEBUG com.browserstack.testOps.Listener - [ TESTHUB ] Processing Request Kind LogCreated
14:18:53.845 [main] DEBUG com.browserstack.testOps.Listener - [ TESTHUB ] Processing Request Kind LogCreated
14:18:53.845 [main] DEBUG com.browserstack.testOps.Listener - [ TESTHUB ] Processing Request Kind LogCreated
14:18:53.851 [main] DEBUG com.browserstack.testOps.Listener - [ TESTHUB ] Processing Request Kind LogCreated
14:18:53.852 [main] DEBUG c.browserstack.utils.LogReportingAPI - [2024-08-06T08:48:53.852494200Z][ OBSERVABILITY ] Processing Logs patching stream
14:18:53.895 [configureAppium@0] DEBUG c.b.testNgListeners.TestNGUtils - [populateTestDataForBSTestOps] Event Type :: HookRunStarted, Method ClassName :: testBaseUtils.WFlashBeforeEachTestAndroid 
14:18:53.895 [configureAppium@0] DEBUG c.browserstack.utils.UtilityMethods - [findFileMatcher] Current Path is :: C:\Users\Hp\Documents\IntelliJ Projects\AppiumPOMProject, TestClass :: testBaseUtils\WFlashBeforeEachTestAndroid
14:18:53.909 [configureAppium@0] DEBUG c.b.testNgListeners.TestNGUtils - [populateTestDataForBSTestOps] The filename fetched :: C:\Users\Hp\Documents\IntelliJ Projects\AppiumPOMProject\src\test\java\testBaseUtils\WFlashBeforeEachTestAndroid.java, fileSeparator :: \, AbsolutePath :: C:\Users\Hp\Documents\IntelliJ Projects\AppiumPOMProject\., Normalized Path :: C:\Users\Hp\Documents\IntelliJ Projects\AppiumPOMProject, File.Separator :: \
14:18:53.909 [configureAppium@0] DEBUG c.b.testNgListeners.TestNGUtils - [populateTestDataForBSTestOps] Replaced File Name is :: AppiumPOMProject\src\test\java\testBaseUtils\WFlashBeforeEachTestAndroid.java, Absolute Path :: C:\Users\Hp\Documents\IntelliJ Projects\AppiumPOMProject\.., Normalized Path :: C:\Users\Hp\Documents\IntelliJ Projects 
14:18:53.912 [configureAppium@0] DEBUG com.browserstack.testOps.Listener - [ TESTHUB ] Processing Request Kind HookRunStarted
14:18:55.847 [pool-4-thread-1] DEBUG c.browserstack.utils.RequestBatcher - Time Since Last Batch Processed 1722934135847

14:18:55.850 [pool-5-thread-1] DEBUG c.browserstack.utils.RequestBatcher - Processing Batch 12

14:18:55.850 [pool-5-thread-1] DEBUG c.browserstack.testOps.RequestUtils - [requestToTestOps] Sending Observability request: POST api/v1/batch with request size 3430
14:18:56.098 [pool-5-thread-1] DEBUG c.browserstack.testOps.RequestUtils - requestToTestOps: Response code: 200
14:18:56.098 [pool-5-thread-1] DEBUG c.browserstack.utils.LogReportingAPI - 
[2024-08-06T08:48:56.098820800Z][ TESTHUB ] Batch event successfull!

14:18:59.840 [pool-4-thread-1] DEBUG c.browserstack.utils.RequestBatcher - Time Since Last Batch Processed 3992

14:19:03.840 [pool-4-thread-1] DEBUG c.browserstack.utils.RequestBatcher - Time Since Last Batch Processed 4000

14:19:05.846 [pool-4-thread-1] DEBUG c.browserstack.utils.RequestBatcher - Time Since Last Batch Processed 2006

14:19:09.834 [pool-4-thread-1] DEBUG c.browserstack.utils.RequestBatcher - Time Since Last Batch Processed 3988

14:19:11.842 [pool-4-thread-1] DEBUG c.browserstack.utils.RequestBatcher - Time Since Last Batch Processed 2008

14:19:13.980 [AppiumPOMProject-0@0] DEBUG c.b.testNgListeners.TestNGUtils - [populateTestDataForBSTestOps] Event Type :: TestRunStarted, Test ClassName :: GroupID.FlashTestClass
14:19:13.980 [AppiumPOMProject-0@0] DEBUG c.browserstack.utils.UtilityMethods - [findFileMatcher] Current Path is :: C:\Users\Hp\Documents\IntelliJ Projects\AppiumPOMProject, TestClass :: GroupID\FlashObjectOptimised
14:19:13.989 [AppiumPOMProject-0@0] DEBUG c.b.testNgListeners.TestNGUtils - [populateTestDataForBSTestOps] The filename fetched :: C:\Users\Hp\Documents\IntelliJ Projects\AppiumPOMProject\src\test\java\GroupID\FlashObjectOptimised.java, fileSeparator :: \, AbsolutePath :: C:\Users\Hp\Documents\IntelliJ Projects\AppiumPOMProject\., Normalized Path :: C:\Users\Hp\Documents\IntelliJ Projects\AppiumPOMProject, File.Separator :: \
14:19:13.989 [AppiumPOMProject-0@0] DEBUG c.b.testNgListeners.TestNGUtils - [populateTestDataForBSTestOps] Replaced File Name is :: AppiumPOMProject\src\test\java\GroupID\FlashObjectOptimised.java, Absolute Path :: C:\Users\Hp\Documents\IntelliJ Projects\AppiumPOMProject\.., Normalized Path :: C:\Users\Hp\Documents\IntelliJ Projects 
14:19:13.994 [AppiumPOMProject-0@0] DEBUG com.browserstack.testOps.Listener - [ TESTHUB ] Processing Request Kind TestRunStarted
14:19:13.997 [AppiumTest1@0] DEBUG c.b.testNgListeners.TestNGUtils - [populateTestDataForBSTestOps] Event Type :: HookRunFinished, Method ClassName :: testBaseUtils.WFlashBeforeEachTestAndroid 
14:19:13.997 [AppiumTest1@0] DEBUG c.browserstack.utils.UtilityMethods - [findFileMatcher] Current Path is :: C:\Users\Hp\Documents\IntelliJ Projects\AppiumPOMProject, TestClass :: testBaseUtils\WFlashBeforeEachTestAndroid
14:19:14.011 [AppiumTest1@0] DEBUG c.b.testNgListeners.TestNGUtils - [populateTestDataForBSTestOps] The filename fetched :: C:\Users\Hp\Documents\IntelliJ Projects\AppiumPOMProject\src\test\java\testBaseUtils\WFlashBeforeEachTestAndroid.java, fileSeparator :: \, AbsolutePath :: C:\Users\Hp\Documents\IntelliJ Projects\AppiumPOMProject\., Normalized Path :: C:\Users\Hp\Documents\IntelliJ Projects\AppiumPOMProject, File.Separator :: \
14:19:14.011 [AppiumTest1@0] DEBUG c.b.testNgListeners.TestNGUtils - [populateTestDataForBSTestOps] Replaced File Name is :: AppiumPOMProject\src\test\java\testBaseUtils\WFlashBeforeEachTestAndroid.java, Absolute Path :: C:\Users\Hp\Documents\IntelliJ Projects\AppiumPOMProject\.., Normalized Path :: C:\Users\Hp\Documents\IntelliJ Projects 
14:19:14.013 [AppiumTest1@0] DEBUG com.browserstack.testOps.Listener - [ TESTHUB ] Processing Request Kind HookRunFinished
14:19:14.014 [AppiumTest1@0] DEBUG c.b.testNgListeners.TestNGUtils - [populateTestDataForBSTestOps] Event Type :: TestRunSkipped, Test ClassName :: GroupID.FlashTestClass
14:19:14.014 [AppiumTest1@0] DEBUG c.browserstack.utils.UtilityMethods - [findFileMatcher] Current Path is :: C:\Users\Hp\Documents\IntelliJ Projects\AppiumPOMProject, TestClass :: GroupID\FlashObjectOptimised
14:19:14.024 [AppiumTest1@0] DEBUG c.b.testNgListeners.TestNGUtils - [populateTestDataForBSTestOps] The filename fetched :: C:\Users\Hp\Documents\IntelliJ Projects\AppiumPOMProject\src\test\java\GroupID\FlashObjectOptimised.java, fileSeparator :: \, AbsolutePath :: C:\Users\Hp\Documents\IntelliJ Projects\AppiumPOMProject\., Normalized Path :: C:\Users\Hp\Documents\IntelliJ Projects\AppiumPOMProject, File.Separator :: \
14:19:14.024 [AppiumTest1@0] DEBUG c.b.testNgListeners.TestNGUtils - [populateTestDataForBSTestOps] Replaced File Name is :: AppiumPOMProject\src\test\java\GroupID\FlashObjectOptimised.java, Absolute Path :: C:\Users\Hp\Documents\IntelliJ Projects\AppiumPOMProject\.., Normalized Path :: C:\Users\Hp\Documents\IntelliJ Projects 
14:19:14.029 [AppiumTest1@0] DEBUG com.browserstack.testOps.Listener - [ TESTHUB ] Processing Request Kind TestRunFinished
14:19:14.029 [AppiumTest1@0] DEBUG c.browserstack.utils.LogReportingAPI - sendSync failed - driver not found
14:19:14.032 [AppiumPOMProject-0@0] DEBUG c.b.testNgListeners.TestNGUtils - [populateTestDataForBSTestOps] Event Type :: TestRunStarted, Test ClassName :: GroupID.FlashTestClass
14:19:14.032 [AppiumPOMProject-0@0] DEBUG c.browserstack.utils.UtilityMethods - [findFileMatcher] Current Path is :: C:\Users\Hp\Documents\IntelliJ Projects\AppiumPOMProject, TestClass :: GroupID\FlashObjectOptimised
14:19:14.041 [AppiumPOMProject-0@0] DEBUG c.b.testNgListeners.TestNGUtils - [populateTestDataForBSTestOps] The filename fetched :: C:\Users\Hp\Documents\IntelliJ Projects\AppiumPOMProject\src\test\java\GroupID\FlashObjectOptimised.java, fileSeparator :: \, AbsolutePath :: C:\Users\Hp\Documents\IntelliJ Projects\AppiumPOMProject\., Normalized Path :: C:\Users\Hp\Documents\IntelliJ Projects\AppiumPOMProject, File.Separator :: \
14:19:14.041 [AppiumPOMProject-0@0] DEBUG c.b.testNgListeners.TestNGUtils - [populateTestDataForBSTestOps] Replaced File Name is :: AppiumPOMProject\src\test\java\GroupID\FlashObjectOptimised.java, Absolute Path :: C:\Users\Hp\Documents\IntelliJ Projects\AppiumPOMProject\.., Normalized Path :: C:\Users\Hp\Documents\IntelliJ Projects 
14:19:14.045 [AppiumPOMProject-0@0] DEBUG com.browserstack.testOps.Listener - [ TESTHUB ] Processing Request Kind TestRunStarted
14:19:14.046 [AppiumTest1@0] DEBUG c.b.testNgListeners.TestNGUtils - [populateTestDataForBSTestOps] Event Type :: TestRunSkipped, Test ClassName :: GroupID.FlashTestClass
14:19:14.046 [AppiumTest1@0] DEBUG c.browserstack.utils.UtilityMethods - [findFileMatcher] Current Path is :: C:\Users\Hp\Documents\IntelliJ Projects\AppiumPOMProject, TestClass :: GroupID\FlashObjectOptimised
14:19:14.056 [AppiumTest1@0] DEBUG c.b.testNgListeners.TestNGUtils - [populateTestDataForBSTestOps] The filename fetched :: C:\Users\Hp\Documents\IntelliJ Projects\AppiumPOMProject\src\test\java\GroupID\FlashObjectOptimised.java, fileSeparator :: \, AbsolutePath :: C:\Users\Hp\Documents\IntelliJ Projects\AppiumPOMProject\., Normalized Path :: C:\Users\Hp\Documents\IntelliJ Projects\AppiumPOMProject, File.Separator :: \
14:19:14.057 [AppiumTest1@0] DEBUG c.b.testNgListeners.TestNGUtils - [populateTestDataForBSTestOps] Replaced File Name is :: AppiumPOMProject\src\test\java\GroupID\FlashObjectOptimised.java, Absolute Path :: C:\Users\Hp\Documents\IntelliJ Projects\AppiumPOMProject\.., Normalized Path :: C:\Users\Hp\Documents\IntelliJ Projects 
14:19:14.059 [AppiumTest1@0] DEBUG com.browserstack.testOps.Listener - [ TESTHUB ] Processing Request Kind TestRunFinished
14:19:14.059 [AppiumTest1@0] DEBUG c.browserstack.utils.LogReportingAPI - sendSync failed - driver not found
14:19:14.062 [AppiumPOMProject-0@0] DEBUG c.b.testNgListeners.TestNGUtils - [populateTestDataForBSTestOps] Event Type :: TestRunStarted, Test ClassName :: GroupID.FlashTestClass
14:19:14.062 [AppiumPOMProject-0@0] DEBUG c.browserstack.utils.UtilityMethods - [findFileMatcher] Current Path is :: C:\Users\Hp\Documents\IntelliJ Projects\AppiumPOMProject, TestClass :: GroupID\FlashObjectOptimised
14:19:14.072 [AppiumPOMProject-0@0] DEBUG c.b.testNgListeners.TestNGUtils - [populateTestDataForBSTestOps] The filename fetched :: C:\Users\Hp\Documents\IntelliJ Projects\AppiumPOMProject\src\test\java\GroupID\FlashObjectOptimised.java, fileSeparator :: \, AbsolutePath :: C:\Users\Hp\Documents\IntelliJ Projects\AppiumPOMProject\., Normalized Path :: C:\Users\Hp\Documents\IntelliJ Projects\AppiumPOMProject, File.Separator :: \
14:19:14.072 [AppiumPOMProject-0@0] DEBUG c.b.testNgListeners.TestNGUtils - [populateTestDataForBSTestOps] Replaced File Name is :: AppiumPOMProject\src\test\java\GroupID\FlashObjectOptimised.java, Absolute Path :: C:\Users\Hp\Documents\IntelliJ Projects\AppiumPOMProject\.., Normalized Path :: C:\Users\Hp\Documents\IntelliJ Projects 
14:19:14.074 [AppiumPOMProject-0@0] DEBUG com.browserstack.testOps.Listener - [ TESTHUB ] Processing Request Kind TestRunStarted
14:19:14.075 [AppiumTest1@0] DEBUG c.b.testNgListeners.TestNGUtils - [populateTestDataForBSTestOps] Event Type :: TestRunSkipped, Test ClassName :: GroupID.FlashTestClass
14:19:14.075 [AppiumTest1@0] DEBUG c.browserstack.utils.UtilityMethods - [findFileMatcher] Current Path is :: C:\Users\Hp\Documents\IntelliJ Projects\AppiumPOMProject, TestClass :: GroupID\FlashObjectOptimised
14:19:14.086 [AppiumTest1@0] DEBUG c.b.testNgListeners.TestNGUtils - [populateTestDataForBSTestOps] The filename fetched :: C:\Users\Hp\Documents\IntelliJ Projects\AppiumPOMProject\src\test\java\GroupID\FlashObjectOptimised.java, fileSeparator :: \, AbsolutePath :: C:\Users\Hp\Documents\IntelliJ Projects\AppiumPOMProject\., Normalized Path :: C:\Users\Hp\Documents\IntelliJ Projects\AppiumPOMProject, File.Separator :: \
14:19:14.086 [AppiumTest1@0] DEBUG c.b.testNgListeners.TestNGUtils - [populateTestDataForBSTestOps] Replaced File Name is :: AppiumPOMProject\src\test\java\GroupID\FlashObjectOptimised.java, Absolute Path :: C:\Users\Hp\Documents\IntelliJ Projects\AppiumPOMProject\.., Normalized Path :: C:\Users\Hp\Documents\IntelliJ Projects 
14:19:14.088 [AppiumTest1@0] DEBUG com.browserstack.testOps.Listener - [ TESTHUB ] Processing Request Kind TestRunFinished
14:19:14.088 [AppiumTest1@0] DEBUG c.browserstack.utils.LogReportingAPI - sendSync failed - driver not found
14:19:14.091 [AppiumPOMProject-0@0] DEBUG c.b.testNgListeners.TestNGUtils - [populateTestDataForBSTestOps] Event Type :: TestRunStarted, Test ClassName :: GroupID.FlashTestClass
14:19:14.092 [AppiumPOMProject-0@0] DEBUG c.browserstack.utils.UtilityMethods - [findFileMatcher] Current Path is :: C:\Users\Hp\Documents\IntelliJ Projects\AppiumPOMProject, TestClass :: GroupID\FlashObjectOptimised
14:19:14.101 [AppiumPOMProject-0@0] DEBUG c.b.testNgListeners.TestNGUtils - [populateTestDataForBSTestOps] The filename fetched :: C:\Users\Hp\Documents\IntelliJ Projects\AppiumPOMProject\src\test\java\GroupID\FlashObjectOptimised.java, fileSeparator :: \, AbsolutePath :: C:\Users\Hp\Documents\IntelliJ Projects\AppiumPOMProject\., Normalized Path :: C:\Users\Hp\Documents\IntelliJ Projects\AppiumPOMProject, File.Separator :: \
14:19:14.101 [AppiumPOMProject-0@0] DEBUG c.b.testNgListeners.TestNGUtils - [populateTestDataForBSTestOps] Replaced File Name is :: AppiumPOMProject\src\test\java\GroupID\FlashObjectOptimised.java, Absolute Path :: C:\Users\Hp\Documents\IntelliJ Projects\AppiumPOMProject\.., Normalized Path :: C:\Users\Hp\Documents\IntelliJ Projects 
14:19:14.104 [AppiumPOMProject-0@0] DEBUG com.browserstack.testOps.Listener - [ TESTHUB ] Processing Request Kind TestRunStarted
14:19:14.104 [AppiumTest1@0] DEBUG c.b.testNgListeners.TestNGUtils - [populateTestDataForBSTestOps] Event Type :: TestRunSkipped, Test ClassName :: GroupID.FlashTestClass
14:19:14.104 [AppiumTest1@0] DEBUG c.browserstack.utils.UtilityMethods - [findFileMatcher] Current Path is :: C:\Users\Hp\Documents\IntelliJ Projects\AppiumPOMProject, TestClass :: GroupID\FlashObjectOptimised
14:19:14.114 [AppiumTest1@0] DEBUG c.b.testNgListeners.TestNGUtils - [populateTestDataForBSTestOps] The filename fetched :: C:\Users\Hp\Documents\IntelliJ Projects\AppiumPOMProject\src\test\java\GroupID\FlashObjectOptimised.java, fileSeparator :: \, AbsolutePath :: C:\Users\Hp\Documents\IntelliJ Projects\AppiumPOMProject\., Normalized Path :: C:\Users\Hp\Documents\IntelliJ Projects\AppiumPOMProject, File.Separator :: \
14:19:14.114 [AppiumTest1@0] DEBUG c.b.testNgListeners.TestNGUtils - [populateTestDataForBSTestOps] Replaced File Name is :: AppiumPOMProject\src\test\java\GroupID\FlashObjectOptimised.java, Absolute Path :: C:\Users\Hp\Documents\IntelliJ Projects\AppiumPOMProject\.., Normalized Path :: C:\Users\Hp\Documents\IntelliJ Projects 
14:19:14.119 [AppiumTest1@0] DEBUG com.browserstack.testOps.Listener - [ TESTHUB ] Processing Request Kind TestRunFinished
14:19:14.119 [AppiumTest1@0] DEBUG c.browserstack.utils.LogReportingAPI - sendSync failed - driver not found
14:19:14.124 [main] DEBUG com.browserstack.testOps.Listener - [ TESTHUB ] Processing Request Kind LogCreated
14:19:14.124 [Thread-0] DEBUG c.browserstack.BrowserStackJavaAgent - Starting final execution
14:19:14.124 [Thread-0] DEBUG c.b.u.ObservabilityUtilityMethods - Processing batch requests with type: Global
14:19:14.125 [Thread-0] DEBUG c.browserstack.utils.LogReportingAPI - [2024-08-06T08:49:14.124168600Z][ OBSERVABILITY ] Processing stop observability
14:19:14.125 [pool-5-thread-1] DEBUG c.browserstack.utils.RequestBatcher - Processing Batch 10

14:19:14.132 [pool-5-thread-1] DEBUG c.browserstack.testOps.RequestUtils - [requestToTestOps] Sending Observability request: POST api/v1/batch with request size 42374
14:19:14.620 [pool-5-thread-1] DEBUG c.browserstack.testOps.RequestUtils - requestToTestOps: Response code: 200
14:19:14.621 [pool-5-thread-1] DEBUG c.browserstack.utils.LogReportingAPI - 
[2024-08-06T08:49:14.620371300Z][ TESTHUB ] Batch event successfull!

14:19:14.621 [Thread-0] DEBUG c.browserstack.testOps.RequestUtils - [ TESTHUB ] Processing Request Kind stopBuildUpstream
14:19:14.621 [Thread-0] DEBUG c.browserstack.testOps.RequestUtils - [requestToTestOps] Sending Observability request: PUT api/v1/builds/mg3eyplagwllnt81m9v7jw8xjguhdgq47ml9c3d9/stop with request size 65
14:19:14.872 [Thread-0] DEBUG c.browserstack.testOps.RequestUtils - requestToTestOps: Response code: 200
14:19:14.873 [Thread-0] DEBUG com.browserstack.testOps.Listener - Testhub stop response: 
14:19:17.060 [Thread-0] DEBUG com.browserstack.testOps.UsageStats - getFormattedData: Collecting data for TestObservability
14:19:17.060 [Thread-0] DEBUG com.browserstack.testOps.UsageStats - getEventStats: Getting event data for TestObservability
14:19:17.062 [Thread-0] DEBUG com.browserstack.testOps.UsageStats - [OBSERVABILITY] Failed to parse data from workers
14:19:17.112 [Thread-0] DEBUG c.b.utils.FunnelInstrumentation - Sending funnel data for SDKTestSuccessful with data: {"event_type":"SDKTestSuccessful","accessKey":"cdWAYU5meFd1rax23PEp","userName":"nayankumar_Rp0sMa","event_properties":{"product":"[app-automate, observability]","buildName":"browserstack build","os":"Windows 11","languageVersion":"18.0.2.1","appiumVersion":"9.0.0","frameworkDetectionInstrumentation":{"parseLoadClass":5,"ret-org.openqa.selenium.remote.RemoteWebDriver":412,"retransformClasses":412,"parseDependencies":13},"language":"java","sdkRunId":"ac726188-5fec-4a1a-a489-7f0330f3f1ce","buildIdentifier":"#24","userFramework":"testng","testhub_uuid":"mg3eyplagwllnt81m9v7jw8xjguhdgq47ml9c3d9","detectedAppiumVersion":"null","detectedDependencies":"testng","productMap":{"app_automate":true,"accessibility":false,"automate":false,"percy":false,"observability":true},"referrer":"testng-javaagent\/1.20.2","hostname":"DESKTOP-13RHPFK","measures":{"local:start":5517,"sdk:setup":10838,"local:stop":2183},"language_framework":"java_testng","detectedFramework":"testng","productUsage":{"testObservability":{"buildHashedId":"mg3eyplagwllnt81m9v7jw8xjguhdgq47ml9c3d9","manuallySet":false,"enabled":true,"events":{"hookEvents":{"started":{"errors":[],"failedCount":0,"sentCount":1,"triggeredCount":1},"finished":{"triggeredCount":1,"failedCount":0,"errors":[],"sentCount":1},"failed":{"errors":[],"failedCount":0,"sentCount":1,"triggeredCount":1}},"logEvents":{"errors":[],"failedCount":0,"sentCount":12,"triggeredCount":12,"log":{"errors":[],"failedCount":0,"sentCount":12,"triggeredCount":12}},"testEvents":{"started":{"errors":[],"failedCount":0,"sentCount":4,"triggeredCount":4},"finished":{"triggeredCount":4,"failedCount":0,"errors":[],"sentCount":4},"skipped":{"errors":[],"failedCount":0,"sentCount":4,"triggeredCount":4}},"batchEvents":{"triggeredCount":2,"failedCount":0,"errors":[],"sentCount":2},"cbtSessionEvents":{"errors":[],"failedCount":0,"sentCount":0,"triggeredCount":0},"buildEvents":{"started":{"error":null,"status":"success","triggered":true},"finished":{"error":null,"status":"success","triggered":true}}}}},"detectedSeleniumVersion":"null","browserStackConfig":{"browserstackLocal":true,"percy":false,"logLevel":"info","staticWebDriver":true,"autoDetectFramework":true,"percyCaptureMode":"MANUAL","browserStackLocalOptions":{"localIdentifier":"06_Aug_1418_DESKTOP_13RHPFK_1zwa","key":"****"},"percyOptions":null,"testContextOptions":{"skipSessionName":false,"serenityOverridePlugin":false,"skipSessionStatus":false},"platforms":[{"capabilities":{"platformVersion":13.0,"platformName":"android","deviceName":"Samsung Galaxy S23"},"browserVersion":null,"browser":null,"osVersion":null,"os":null,"device":"Samsung Galaxy S23","platformCaps":{"platformVersion":13.0,"platformName":"android","deviceName":"Samsung Galaxy S23"},"platformString":"Samsung Galaxy S23, 13.0","customVariables":"****"}],"parallelsPerPlatform":1,"framework":"testng","accessibility":false,"accessibilityOptions":{},"turboScaleOptions":{},"disableAutoCaptureLogs":true,"testObservability":true,"browserstackAutomation":true,"turboScale":false,"testObservabilityOptions":{},"gradleMConfig":null,"proxySettings":null},"seleniumVersion":""}}
14:19:17.434 [Thread-0] DEBUG c.b.utils.FunnelInstrumentation - API Event SDKTestSuccessful response - {"message":"SDK Event recorded successfully"}
14:19:19.343 [Thread-0] DEBUG c.browserstack.utils.UtilityMethods - Browserstack Gradle-M Config File does not exist.
14:34:51.042 [main] DEBUG c.b.config.BrowserStackConfig - Cli Config passed - {}
14:34:51.504 [main] DEBUG c.b.logger.BrowserstackLoggerFactory - Log Level set to TRACE for logger com.browserstack
14:34:51.504 [main] DEBUG c.b.logger.BrowserstackLoggerFactory - Log Level set to INFO for logger stdoutPrinter
14:34:51.607 [main] DEBUG c.b.utils.FrameworkDetectionUtils - Java command - com.intellij.rt.testng.RemoteTestNGStarter -usedefaultlisteners false -socket50216 @w@C:\Users\Hp\AppData\Local\Temp\idea_working_dirs_testng.tmp -temp C:\Users\Hp\AppData\Local\Temp\idea_testng.tmp
14:34:51.607 [main] DEBUG c.b.utils.FrameworkDetectionUtils - Test classes detected: 
14:34:51.614 [main] DEBUG c.b.utils.FrameworkDetectionUtils - Runner: testng, Engine: none
14:34:51.628 [main] DEBUG c.b.utils.FrameworkDetectionUtils - Runner: testng, Engine: none from dependencies
14:34:51.629 [main] DEBUG c.b.utils.FrameworkDetectionUtils - Detected final framework as: testng
14:34:51.629 [main] DEBUG c.browserstack.BrowserStackJavaAgent - JavaAgent Version 1.20.2
14:34:51.632 [main] DEBUG c.b.utils.ExitSignalHandler - Registered handler for INT
14:34:51.633 [main] DEBUG c.b.utils.ExitSignalHandler - Registered handler for TERM
14:34:51.633 [main] DEBUG c.b.utils.ExitSignalHandler - Unable to attach signal handler for HUP Unknown signal: HUP
14:34:51.633 [main] DEBUG c.b.utils.ExitSignalHandler - Registered handler for ABRT
14:34:52.140 [Thread-1] DEBUG c.browserstack.utils.UtilityMethods - NEXT HUBS ARE: ["hub-aps.browserstack.com","hub-euw.browserstack.com","hub-apse.browserstack.com"]
14:34:52.448 [main] DEBUG c.browserstack.utils.UtilityMethods - EXECUTION TIME OF hub-aps.browserstack.com HUB IS: 304ms
14:34:53.415 [main] DEBUG c.browserstack.utils.UtilityMethods - EXECUTION TIME OF hub-euw.browserstack.com HUB IS: 962ms
14:34:54.391 [main] DEBUG c.browserstack.utils.UtilityMethods - EXECUTION TIME OF hub-apse.browserstack.com HUB IS: 975ms
14:34:54.394 [main] DEBUG c.browserstack.utils.UtilityMethods - NEAREST HUB ALLOCATED IS - hub-aps.browserstack.com
14:34:54.412 [main] DEBUG c.b.utils.FunnelInstrumentation - Sending funnel data for SDKTestAttempted with data: {"event_type":"SDKTestAttempted","accessKey":"cdWAYU5meFd1rax23PEp","userName":"nayankumar_Rp0sMa","event_properties":{"product":"[app-automate, observability]","buildName":"browserstack build","os":"Windows 11","languageVersion":"18.0.2.1","appiumVersion":"9.0.0","frameworkDetectionInstrumentation":{"parseLoadClass":6,"parseDependencies":14},"language":"java","sdkRunId":"bc6171bb-4fb1-4404-8729-4f20efd80cce","buildIdentifier":"#25","userFramework":"testng","testhub_uuid":"","detectedAppiumVersion":"null","detectedDependencies":"testng","productMap":{"app_automate":true,"accessibility":false,"automate":false,"percy":false,"observability":true},"referrer":"testng-javaagent\/1.20.2","hostname":"DESKTOP-13RHPFK","language_framework":"java_testng","detectedFramework":"testng","detectedSeleniumVersion":"null","seleniumVersion":""}}
14:34:54.850 [main] DEBUG c.b.utils.FunnelInstrumentation - API Event SDKTestAttempted response - {"message":"SDK Event recorded successfully"}
14:34:55.145 [main] DEBUG c.browserstack.testOps.RequestUtils - [ TESTHUB ] Processing Request Kind launchTestSession
14:34:55.145 [main] DEBUG c.browserstack.testOps.RequestUtils - [requestToTestOps] Sending Observability request: POST api/v2/builds with request size 1330
14:34:56.706 [main] DEBUG c.browserstack.testOps.RequestUtils - requestToTestOps: Response code: 200
14:34:56.706 [main] DEBUG com.browserstack.testOps.Listener - BROWSERSTACK_TESTHUB_UUID : 4evny3vxeils3ju41tkteicdr0rf3oxxmzpjb83p
14:34:56.706 [main] DEBUG com.browserstack.testOps.Listener - [ TESTHUB ] Build creation successfull
14:34:56.721 [main] DEBUG com.browserstack.LocalFactory - Starting BrowserStack Local with identifier 06_Aug_1434_DESKTOP_13RHPFK_LRf8
14:35:02.468 [main] DEBUG c.b.t.XMLSuiteClassListener - Number of parallels - 1 and number of platforms - 1
14:35:02.775 [main] DEBUG com.browserstack.testOps.Listener - [ TESTHUB ] Processing Request Kind LogCreated
14:35:02.779 [main] DEBUG com.browserstack.testOps.Listener - [ TESTHUB ] Processing Request Kind LogCreated
14:35:02.785 [main] DEBUG com.browserstack.testOps.Listener - [ TESTHUB ] Processing Request Kind LogCreated
14:35:02.785 [main] DEBUG com.browserstack.testOps.Listener - [ TESTHUB ] Processing Request Kind LogCreated
14:35:02.785 [main] DEBUG com.browserstack.testOps.Listener - [ TESTHUB ] Processing Request Kind LogCreated
14:35:02.793 [main] DEBUG com.browserstack.testOps.Listener - [ TESTHUB ] Processing Request Kind LogCreated
14:35:02.793 [main] DEBUG com.browserstack.testOps.Listener - [ TESTHUB ] Processing Request Kind LogCreated
14:35:02.793 [main] DEBUG com.browserstack.testOps.Listener - [ TESTHUB ] Processing Request Kind LogCreated
14:35:02.793 [main] DEBUG com.browserstack.testOps.Listener - [ TESTHUB ] Processing Request Kind LogCreated
14:35:02.793 [main] DEBUG com.browserstack.testOps.Listener - [ TESTHUB ] Processing Request Kind LogCreated
14:35:02.800 [main] DEBUG com.browserstack.testOps.Listener - [ TESTHUB ] Processing Request Kind LogCreated
14:35:02.801 [main] DEBUG c.browserstack.utils.LogReportingAPI - [2024-08-06T09:05:02.801642900Z][ OBSERVABILITY ] Processing Logs patching stream
14:35:02.848 [configureAppium@0] DEBUG c.b.testNgListeners.TestNGUtils - [populateTestDataForBSTestOps] Event Type :: HookRunStarted, Method ClassName :: testBaseUtils.WFlashBeforeEachTestAndroid 
14:35:02.848 [configureAppium@0] DEBUG c.browserstack.utils.UtilityMethods - [findFileMatcher] Current Path is :: C:\Users\Hp\Documents\IntelliJ Projects\AppiumPOMProject, TestClass :: testBaseUtils\WFlashBeforeEachTestAndroid
14:35:02.871 [configureAppium@0] DEBUG c.b.testNgListeners.TestNGUtils - [populateTestDataForBSTestOps] The filename fetched :: C:\Users\Hp\Documents\IntelliJ Projects\AppiumPOMProject\src\test\java\testBaseUtils\WFlashBeforeEachTestAndroid.java, fileSeparator :: \, AbsolutePath :: C:\Users\Hp\Documents\IntelliJ Projects\AppiumPOMProject\., Normalized Path :: C:\Users\Hp\Documents\IntelliJ Projects\AppiumPOMProject, File.Separator :: \
14:35:02.872 [configureAppium@0] DEBUG c.b.testNgListeners.TestNGUtils - [populateTestDataForBSTestOps] Replaced File Name is :: AppiumPOMProject\src\test\java\testBaseUtils\WFlashBeforeEachTestAndroid.java, Absolute Path :: C:\Users\Hp\Documents\IntelliJ Projects\AppiumPOMProject\.., Normalized Path :: C:\Users\Hp\Documents\IntelliJ Projects 
14:35:02.875 [configureAppium@0] DEBUG com.browserstack.testOps.Listener - [ TESTHUB ] Processing Request Kind HookRunStarted
14:35:04.793 [pool-4-thread-1] DEBUG c.browserstack.utils.RequestBatcher - Time Since Last Batch Processed 1722935104793

14:35:04.795 [pool-5-thread-1] DEBUG c.browserstack.utils.RequestBatcher - Processing Batch 12

14:35:04.795 [pool-5-thread-1] DEBUG c.browserstack.testOps.RequestUtils - [requestToTestOps] Sending Observability request: POST api/v1/batch with request size 3428
14:35:05.068 [pool-5-thread-1] DEBUG c.browserstack.testOps.RequestUtils - requestToTestOps: Response code: 200
14:35:05.069 [pool-5-thread-1] DEBUG c.browserstack.utils.LogReportingAPI - 
[2024-08-06T09:05:05.069950300Z][ TESTHUB ] Batch event successfull!

14:35:06.556 [configureAppium@0] DEBUG c.browserstack.utils.UtilityMethods - [Patch]: SDK enabled, patching remote server
14:35:06.560 [configureAppium@0] DEBUG c.b.selenium.SeleniumHandler - beforeDriverInit: SDK enabled. Thread ID: 43
14:35:06.565 [configureAppium@0] DEBUG c.browserstack.utils.UtilityMethods - [Patch]: SDK enabled, patching remote server
14:35:06.723 [AppiumPOMProject-0@0] DEBUG c.b.testNgListeners.TestNGUtils - [populateTestDataForBSTestOps] Event Type :: TestRunStarted, Test ClassName :: GroupID.FlashTestClass
14:35:06.723 [AppiumPOMProject-0@0] DEBUG c.browserstack.utils.UtilityMethods - [findFileMatcher] Current Path is :: C:\Users\Hp\Documents\IntelliJ Projects\AppiumPOMProject, TestClass :: GroupID\FlashObjectOptimised
14:35:06.730 [AppiumPOMProject-0@0] DEBUG c.b.testNgListeners.TestNGUtils - [populateTestDataForBSTestOps] The filename fetched :: C:\Users\Hp\Documents\IntelliJ Projects\AppiumPOMProject\src\test\java\GroupID\FlashObjectOptimised.java, fileSeparator :: \, AbsolutePath :: C:\Users\Hp\Documents\IntelliJ Projects\AppiumPOMProject\., Normalized Path :: C:\Users\Hp\Documents\IntelliJ Projects\AppiumPOMProject, File.Separator :: \
14:35:06.730 [AppiumPOMProject-0@0] DEBUG c.b.testNgListeners.TestNGUtils - [populateTestDataForBSTestOps] Replaced File Name is :: AppiumPOMProject\src\test\java\GroupID\FlashObjectOptimised.java, Absolute Path :: C:\Users\Hp\Documents\IntelliJ Projects\AppiumPOMProject\.., Normalized Path :: C:\Users\Hp\Documents\IntelliJ Projects 
14:35:06.734 [AppiumPOMProject-0@0] DEBUG com.browserstack.testOps.Listener - [ TESTHUB ] Processing Request Kind TestRunStarted
14:35:06.736 [AppiumTest1@0] DEBUG c.b.testNgListeners.TestNGUtils - [populateTestDataForBSTestOps] Event Type :: HookRunFinished, Method ClassName :: testBaseUtils.WFlashBeforeEachTestAndroid 
14:35:06.736 [AppiumTest1@0] DEBUG c.browserstack.utils.UtilityMethods - [findFileMatcher] Current Path is :: C:\Users\Hp\Documents\IntelliJ Projects\AppiumPOMProject, TestClass :: testBaseUtils\WFlashBeforeEachTestAndroid
14:35:06.742 [AppiumTest1@0] DEBUG c.b.testNgListeners.TestNGUtils - [populateTestDataForBSTestOps] The filename fetched :: C:\Users\Hp\Documents\IntelliJ Projects\AppiumPOMProject\src\test\java\testBaseUtils\WFlashBeforeEachTestAndroid.java, fileSeparator :: \, AbsolutePath :: C:\Users\Hp\Documents\IntelliJ Projects\AppiumPOMProject\., Normalized Path :: C:\Users\Hp\Documents\IntelliJ Projects\AppiumPOMProject, File.Separator :: \
14:35:06.743 [AppiumTest1@0] DEBUG c.b.testNgListeners.TestNGUtils - [populateTestDataForBSTestOps] Replaced File Name is :: AppiumPOMProject\src\test\java\testBaseUtils\WFlashBeforeEachTestAndroid.java, Absolute Path :: C:\Users\Hp\Documents\IntelliJ Projects\AppiumPOMProject\.., Normalized Path :: C:\Users\Hp\Documents\IntelliJ Projects 
14:35:06.743 [AppiumTest1@0] DEBUG com.browserstack.testOps.Listener - [ TESTHUB ] Processing Request Kind HookRunFinished
14:35:06.744 [AppiumTest1@0] DEBUG c.b.testNgListeners.TestNGUtils - [populateTestDataForBSTestOps] Event Type :: TestRunSkipped, Test ClassName :: GroupID.FlashTestClass
14:35:06.744 [AppiumTest1@0] DEBUG c.browserstack.utils.UtilityMethods - [findFileMatcher] Current Path is :: C:\Users\Hp\Documents\IntelliJ Projects\AppiumPOMProject, TestClass :: GroupID\FlashObjectOptimised
14:35:06.751 [AppiumTest1@0] DEBUG c.b.testNgListeners.TestNGUtils - [populateTestDataForBSTestOps] The filename fetched :: C:\Users\Hp\Documents\IntelliJ Projects\AppiumPOMProject\src\test\java\GroupID\FlashObjectOptimised.java, fileSeparator :: \, AbsolutePath :: C:\Users\Hp\Documents\IntelliJ Projects\AppiumPOMProject\., Normalized Path :: C:\Users\Hp\Documents\IntelliJ Projects\AppiumPOMProject, File.Separator :: \
14:35:06.751 [AppiumTest1@0] DEBUG c.b.testNgListeners.TestNGUtils - [populateTestDataForBSTestOps] Replaced File Name is :: AppiumPOMProject\src\test\java\GroupID\FlashObjectOptimised.java, Absolute Path :: C:\Users\Hp\Documents\IntelliJ Projects\AppiumPOMProject\.., Normalized Path :: C:\Users\Hp\Documents\IntelliJ Projects 
14:35:06.754 [AppiumTest1@0] DEBUG com.browserstack.testOps.Listener - [ TESTHUB ] Processing Request Kind TestRunFinished
14:35:06.755 [AppiumTest1@0] DEBUG c.browserstack.utils.LogReportingAPI - sendSync failed - driver not found
14:35:06.758 [AppiumPOMProject-0@0] DEBUG c.b.testNgListeners.TestNGUtils - [populateTestDataForBSTestOps] Event Type :: TestRunStarted, Test ClassName :: GroupID.FlashTestClass
14:35:06.758 [AppiumPOMProject-0@0] DEBUG c.browserstack.utils.UtilityMethods - [findFileMatcher] Current Path is :: C:\Users\Hp\Documents\IntelliJ Projects\AppiumPOMProject, TestClass :: GroupID\FlashObjectOptimised
14:35:06.764 [AppiumPOMProject-0@0] DEBUG c.b.testNgListeners.TestNGUtils - [populateTestDataForBSTestOps] The filename fetched :: C:\Users\Hp\Documents\IntelliJ Projects\AppiumPOMProject\src\test\java\GroupID\FlashObjectOptimised.java, fileSeparator :: \, AbsolutePath :: C:\Users\Hp\Documents\IntelliJ Projects\AppiumPOMProject\., Normalized Path :: C:\Users\Hp\Documents\IntelliJ Projects\AppiumPOMProject, File.Separator :: \
14:35:06.764 [AppiumPOMProject-0@0] DEBUG c.b.testNgListeners.TestNGUtils - [populateTestDataForBSTestOps] Replaced File Name is :: AppiumPOMProject\src\test\java\GroupID\FlashObjectOptimised.java, Absolute Path :: C:\Users\Hp\Documents\IntelliJ Projects\AppiumPOMProject\.., Normalized Path :: C:\Users\Hp\Documents\IntelliJ Projects 
14:35:06.767 [AppiumPOMProject-0@0] DEBUG com.browserstack.testOps.Listener - [ TESTHUB ] Processing Request Kind TestRunStarted
14:35:06.768 [AppiumTest1@0] DEBUG c.b.testNgListeners.TestNGUtils - [populateTestDataForBSTestOps] Event Type :: TestRunSkipped, Test ClassName :: GroupID.FlashTestClass
14:35:06.768 [AppiumTest1@0] DEBUG c.browserstack.utils.UtilityMethods - [findFileMatcher] Current Path is :: C:\Users\Hp\Documents\IntelliJ Projects\AppiumPOMProject, TestClass :: GroupID\FlashObjectOptimised
14:35:06.775 [AppiumTest1@0] DEBUG c.b.testNgListeners.TestNGUtils - [populateTestDataForBSTestOps] The filename fetched :: C:\Users\Hp\Documents\IntelliJ Projects\AppiumPOMProject\src\test\java\GroupID\FlashObjectOptimised.java, fileSeparator :: \, AbsolutePath :: C:\Users\Hp\Documents\IntelliJ Projects\AppiumPOMProject\., Normalized Path :: C:\Users\Hp\Documents\IntelliJ Projects\AppiumPOMProject, File.Separator :: \
14:35:06.776 [AppiumTest1@0] DEBUG c.b.testNgListeners.TestNGUtils - [populateTestDataForBSTestOps] Replaced File Name is :: AppiumPOMProject\src\test\java\GroupID\FlashObjectOptimised.java, Absolute Path :: C:\Users\Hp\Documents\IntelliJ Projects\AppiumPOMProject\.., Normalized Path :: C:\Users\Hp\Documents\IntelliJ Projects 
14:35:06.779 [AppiumTest1@0] DEBUG com.browserstack.testOps.Listener - [ TESTHUB ] Processing Request Kind TestRunFinished
14:35:06.779 [AppiumTest1@0] DEBUG c.browserstack.utils.LogReportingAPI - sendSync failed - driver not found
14:35:06.782 [AppiumPOMProject-0@0] DEBUG c.b.testNgListeners.TestNGUtils - [populateTestDataForBSTestOps] Event Type :: TestRunStarted, Test ClassName :: GroupID.FlashTestClass
14:35:06.782 [AppiumPOMProject-0@0] DEBUG c.browserstack.utils.UtilityMethods - [findFileMatcher] Current Path is :: C:\Users\Hp\Documents\IntelliJ Projects\AppiumPOMProject, TestClass :: GroupID\FlashObjectOptimised
14:35:06.788 [AppiumPOMProject-0@0] DEBUG c.b.testNgListeners.TestNGUtils - [populateTestDataForBSTestOps] The filename fetched :: C:\Users\Hp\Documents\IntelliJ Projects\AppiumPOMProject\src\test\java\GroupID\FlashObjectOptimised.java, fileSeparator :: \, AbsolutePath :: C:\Users\Hp\Documents\IntelliJ Projects\AppiumPOMProject\., Normalized Path :: C:\Users\Hp\Documents\IntelliJ Projects\AppiumPOMProject, File.Separator :: \
14:35:06.789 [AppiumPOMProject-0@0] DEBUG c.b.testNgListeners.TestNGUtils - [populateTestDataForBSTestOps] Replaced File Name is :: AppiumPOMProject\src\test\java\GroupID\FlashObjectOptimised.java, Absolute Path :: C:\Users\Hp\Documents\IntelliJ Projects\AppiumPOMProject\.., Normalized Path :: C:\Users\Hp\Documents\IntelliJ Projects 
14:35:06.792 [AppiumPOMProject-0@0] DEBUG com.browserstack.testOps.Listener - [ TESTHUB ] Processing Request Kind TestRunStarted
14:35:06.793 [AppiumTest1@0] DEBUG c.b.testNgListeners.TestNGUtils - [populateTestDataForBSTestOps] Event Type :: TestRunSkipped, Test ClassName :: GroupID.FlashTestClass
14:35:06.793 [AppiumTest1@0] DEBUG c.browserstack.utils.UtilityMethods - [findFileMatcher] Current Path is :: C:\Users\Hp\Documents\IntelliJ Projects\AppiumPOMProject, TestClass :: GroupID\FlashObjectOptimised
14:35:06.800 [AppiumTest1@0] DEBUG c.b.testNgListeners.TestNGUtils - [populateTestDataForBSTestOps] The filename fetched :: C:\Users\Hp\Documents\IntelliJ Projects\AppiumPOMProject\src\test\java\GroupID\FlashObjectOptimised.java, fileSeparator :: \, AbsolutePath :: C:\Users\Hp\Documents\IntelliJ Projects\AppiumPOMProject\., Normalized Path :: C:\Users\Hp\Documents\IntelliJ Projects\AppiumPOMProject, File.Separator :: \
14:35:06.800 [AppiumTest1@0] DEBUG c.b.testNgListeners.TestNGUtils - [populateTestDataForBSTestOps] Replaced File Name is :: AppiumPOMProject\src\test\java\GroupID\FlashObjectOptimised.java, Absolute Path :: C:\Users\Hp\Documents\IntelliJ Projects\AppiumPOMProject\.., Normalized Path :: C:\Users\Hp\Documents\IntelliJ Projects 
14:35:06.803 [AppiumTest1@0] DEBUG com.browserstack.testOps.Listener - [ TESTHUB ] Processing Request Kind TestRunFinished
14:35:06.803 [AppiumTest1@0] DEBUG c.browserstack.utils.LogReportingAPI - sendSync failed - driver not found
14:35:06.805 [AppiumPOMProject-0@0] DEBUG c.b.testNgListeners.TestNGUtils - [populateTestDataForBSTestOps] Event Type :: TestRunStarted, Test ClassName :: GroupID.FlashTestClass
14:35:06.806 [AppiumPOMProject-0@0] DEBUG c.browserstack.utils.UtilityMethods - [findFileMatcher] Current Path is :: C:\Users\Hp\Documents\IntelliJ Projects\AppiumPOMProject, TestClass :: GroupID\FlashObjectOptimised
14:35:06.812 [AppiumPOMProject-0@0] DEBUG c.b.testNgListeners.TestNGUtils - [populateTestDataForBSTestOps] The filename fetched :: C:\Users\Hp\Documents\IntelliJ Projects\AppiumPOMProject\src\test\java\GroupID\FlashObjectOptimised.java, fileSeparator :: \, AbsolutePath :: C:\Users\Hp\Documents\IntelliJ Projects\AppiumPOMProject\., Normalized Path :: C:\Users\Hp\Documents\IntelliJ Projects\AppiumPOMProject, File.Separator :: \
14:35:06.812 [AppiumPOMProject-0@0] DEBUG c.b.testNgListeners.TestNGUtils - [populateTestDataForBSTestOps] Replaced File Name is :: AppiumPOMProject\src\test\java\GroupID\FlashObjectOptimised.java, Absolute Path :: C:\Users\Hp\Documents\IntelliJ Projects\AppiumPOMProject\.., Normalized Path :: C:\Users\Hp\Documents\IntelliJ Projects 
14:35:06.814 [AppiumPOMProject-0@0] DEBUG com.browserstack.testOps.Listener - [ TESTHUB ] Processing Request Kind TestRunStarted
14:35:06.815 [AppiumTest1@0] DEBUG c.b.testNgListeners.TestNGUtils - [populateTestDataForBSTestOps] Event Type :: TestRunSkipped, Test ClassName :: GroupID.FlashTestClass
14:35:06.815 [AppiumTest1@0] DEBUG c.browserstack.utils.UtilityMethods - [findFileMatcher] Current Path is :: C:\Users\Hp\Documents\IntelliJ Projects\AppiumPOMProject, TestClass :: GroupID\FlashObjectOptimised
14:35:06.821 [AppiumTest1@0] DEBUG c.b.testNgListeners.TestNGUtils - [populateTestDataForBSTestOps] The filename fetched :: C:\Users\Hp\Documents\IntelliJ Projects\AppiumPOMProject\src\test\java\GroupID\FlashObjectOptimised.java, fileSeparator :: \, AbsolutePath :: C:\Users\Hp\Documents\IntelliJ Projects\AppiumPOMProject\., Normalized Path :: C:\Users\Hp\Documents\IntelliJ Projects\AppiumPOMProject, File.Separator :: \
14:35:06.822 [AppiumTest1@0] DEBUG c.b.testNgListeners.TestNGUtils - [populateTestDataForBSTestOps] Replaced File Name is :: AppiumPOMProject\src\test\java\GroupID\FlashObjectOptimised.java, Absolute Path :: C:\Users\Hp\Documents\IntelliJ Projects\AppiumPOMProject\.., Normalized Path :: C:\Users\Hp\Documents\IntelliJ Projects 
14:35:06.824 [AppiumTest1@0] DEBUG com.browserstack.testOps.Listener - [ TESTHUB ] Processing Request Kind TestRunFinished
14:35:06.824 [AppiumTest1@0] DEBUG c.browserstack.utils.LogReportingAPI - sendSync failed - driver not found
14:35:06.831 [main] DEBUG com.browserstack.testOps.Listener - [ TESTHUB ] Processing Request Kind LogCreated
14:35:06.832 [Thread-0] DEBUG c.browserstack.BrowserStackJavaAgent - Starting final execution
14:35:06.832 [Thread-0] DEBUG c.b.u.ObservabilityUtilityMethods - Processing batch requests with type: Global
14:35:06.832 [Thread-0] DEBUG c.browserstack.utils.LogReportingAPI - [2024-08-06T09:05:06.832242400Z][ OBSERVABILITY ] Processing stop observability
14:35:06.833 [pool-5-thread-1] DEBUG c.browserstack.utils.RequestBatcher - Processing Batch 10

14:35:06.834 [pool-5-thread-1] DEBUG c.browserstack.testOps.RequestUtils - [requestToTestOps] Sending Observability request: POST api/v1/batch with request size 29796
14:35:07.345 [pool-5-thread-1] DEBUG c.browserstack.testOps.RequestUtils - requestToTestOps: Response code: 200
14:35:07.345 [pool-5-thread-1] DEBUG c.browserstack.utils.LogReportingAPI - 
[2024-08-06T09:05:07.345261800Z][ TESTHUB ] Batch event successfull!

14:35:07.346 [Thread-0] DEBUG c.browserstack.testOps.RequestUtils - [ TESTHUB ] Processing Request Kind stopBuildUpstream
14:35:07.346 [Thread-0] DEBUG c.browserstack.testOps.RequestUtils - [requestToTestOps] Sending Observability request: PUT api/v1/builds/4evny3vxeils3ju41tkteicdr0rf3oxxmzpjb83p/stop with request size 65
14:35:07.611 [Thread-0] DEBUG c.browserstack.testOps.RequestUtils - requestToTestOps: Response code: 200
14:35:07.611 [Thread-0] DEBUG com.browserstack.testOps.Listener - Testhub stop response: 
14:35:09.715 [Thread-0] DEBUG com.browserstack.testOps.UsageStats - getFormattedData: Collecting data for TestObservability
14:35:09.715 [Thread-0] DEBUG com.browserstack.testOps.UsageStats - getEventStats: Getting event data for TestObservability
14:35:09.718 [Thread-0] DEBUG com.browserstack.testOps.UsageStats - [OBSERVABILITY] Failed to parse data from workers
14:35:09.786 [Thread-0] DEBUG c.b.utils.FunnelInstrumentation - Sending funnel data for SDKTestSuccessful with data: {"event_type":"SDKTestSuccessful","accessKey":"cdWAYU5meFd1rax23PEp","userName":"nayankumar_Rp0sMa","event_properties":{"product":"[app-automate, observability]","buildName":"browserstack build","os":"Windows 11","languageVersion":"18.0.2.1","appiumVersion":"9.0.0","frameworkDetectionInstrumentation":{"parseLoadClass":6,"ret-org.openqa.selenium.remote.RemoteWebDriver":311,"retransformClasses":312,"parseDependencies":14},"language":"java","sdkRunId":"bc6171bb-4fb1-4404-8729-4f20efd80cce","buildIdentifier":"#25","userFramework":"testng","testhub_uuid":"4evny3vxeils3ju41tkteicdr0rf3oxxmzpjb83p","detectedAppiumVersion":"null","detectedDependencies":"testng","productMap":{"app_automate":true,"accessibility":false,"automate":false,"percy":false,"observability":true},"referrer":"testng-javaagent\/1.20.2","hostname":"DESKTOP-13RHPFK","measures":{"local:start":5182,"sdk:setup":11260,"local:stop":2101},"language_framework":"java_testng","detectedFramework":"testng","productUsage":{"testObservability":{"buildHashedId":"4evny3vxeils3ju41tkteicdr0rf3oxxmzpjb83p","manuallySet":false,"enabled":true,"events":{"hookEvents":{"started":{"errors":[],"sentCount":1,"failedCount":0,"triggeredCount":1},"finished":{"triggeredCount":1,"failedCount":0,"errors":[],"sentCount":1},"failed":{"errors":[],"sentCount":1,"failedCount":0,"triggeredCount":1}},"logEvents":{"errors":[],"sentCount":12,"failedCount":0,"triggeredCount":12,"log":{"errors":[],"sentCount":12,"failedCount":0,"triggeredCount":12}},"testEvents":{"started":{"errors":[],"sentCount":4,"failedCount":0,"triggeredCount":4},"finished":{"triggeredCount":4,"failedCount":0,"errors":[],"sentCount":4},"skipped":{"errors":[],"sentCount":4,"failedCount":0,"triggeredCount":4}},"batchEvents":{"triggeredCount":2,"failedCount":0,"errors":[],"sentCount":2},"cbtSessionEvents":{"errors":[],"sentCount":0,"failedCount":0,"triggeredCount":0},"buildEvents":{"started":{"error":null,"status":"success","triggered":true},"finished":{"error":null,"status":"success","triggered":true}}}}},"detectedSeleniumVersion":"null","browserStackConfig":{"browserstackLocal":true,"percy":false,"logLevel":"info","staticWebDriver":true,"autoDetectFramework":true,"percyCaptureMode":"MANUAL","browserStackLocalOptions":{"localIdentifier":"06_Aug_1434_DESKTOP_13RHPFK_LRf8","key":"****"},"percyOptions":null,"testContextOptions":{"skipSessionStatus":false,"serenityOverridePlugin":false,"skipSessionName":false},"platforms":[{"capabilities":{"platformVersion":13.0,"platformName":"android","deviceName":"Samsung Galaxy S23"},"device":"Samsung Galaxy S23","browserVersion":null,"os":null,"osVersion":null,"browser":null,"platformCaps":{"platformVersion":13.0,"platformName":"android","deviceName":"Samsung Galaxy S23"},"platformString":"Samsung Galaxy S23, 13.0","customVariables":"****"}],"parallelsPerPlatform":1,"framework":"testng","accessibility":false,"accessibilityOptions":{},"turboScaleOptions":{},"disableAutoCaptureLogs":true,"testObservability":true,"browserstackAutomation":true,"turboScale":false,"testObservabilityOptions":{},"gradleMConfig":null,"proxySettings":null},"seleniumVersion":""}}
14:35:10.116 [Thread-0] DEBUG c.b.utils.FunnelInstrumentation - API Event SDKTestSuccessful response - {"message":"SDK Event recorded successfully"}
14:35:12.906 [Thread-0] DEBUG c.browserstack.utils.UtilityMethods - Browserstack Gradle-M Config File does not exist.
14:35:17.045 [main] DEBUG c.b.config.BrowserStackConfig - Cli Config passed - {}
14:35:17.337 [main] DEBUG c.b.logger.BrowserstackLoggerFactory - Log Level set to TRACE for logger com.browserstack
14:35:17.337 [main] DEBUG c.b.logger.BrowserstackLoggerFactory - Log Level set to INFO for logger stdoutPrinter
14:35:17.442 [main] DEBUG c.b.utils.FrameworkDetectionUtils - Java command - com.intellij.rt.testng.RemoteTestNGStarter -usedefaultlisteners false -socket50264 @w@C:\Users\Hp\AppData\Local\Temp\idea_working_dirs_testng.tmp -temp C:\Users\Hp\AppData\Local\Temp\idea_testng.tmp
14:35:17.442 [main] DEBUG c.b.utils.FrameworkDetectionUtils - Test classes detected: 
14:35:17.449 [main] DEBUG c.b.utils.FrameworkDetectionUtils - Runner: testng, Engine: none
14:35:17.465 [main] DEBUG c.b.utils.FrameworkDetectionUtils - Runner: testng, Engine: none from dependencies
14:35:17.465 [main] DEBUG c.b.utils.FrameworkDetectionUtils - Detected final framework as: testng
14:35:17.465 [main] DEBUG c.browserstack.BrowserStackJavaAgent - JavaAgent Version 1.20.2
14:35:17.470 [main] DEBUG c.b.utils.ExitSignalHandler - Registered handler for INT
14:35:17.470 [main] DEBUG c.b.utils.ExitSignalHandler - Registered handler for TERM
14:35:17.470 [main] DEBUG c.b.utils.ExitSignalHandler - Unable to attach signal handler for HUP Unknown signal: HUP
14:35:17.470 [main] DEBUG c.b.utils.ExitSignalHandler - Registered handler for ABRT
14:35:17.841 [Thread-1] DEBUG c.browserstack.utils.UtilityMethods - NEXT HUBS ARE: ["hub-aps.browserstack.com","hub-euw.browserstack.com","hub-apse.browserstack.com"]
14:35:18.102 [main] DEBUG c.browserstack.utils.UtilityMethods - EXECUTION TIME OF hub-aps.browserstack.com HUB IS: 259ms
14:35:19.004 [main] DEBUG c.browserstack.utils.UtilityMethods - EXECUTION TIME OF hub-euw.browserstack.com HUB IS: 900ms
14:35:19.942 [main] DEBUG c.browserstack.utils.UtilityMethods - EXECUTION TIME OF hub-apse.browserstack.com HUB IS: 936ms
14:35:19.943 [main] DEBUG c.browserstack.utils.UtilityMethods - NEAREST HUB ALLOCATED IS - hub-aps.browserstack.com
14:35:19.957 [main] DEBUG c.b.utils.FunnelInstrumentation - Sending funnel data for SDKTestAttempted with data: {"event_type":"SDKTestAttempted","accessKey":"cdWAYU5meFd1rax23PEp","userName":"nayankumar_Rp0sMa","event_properties":{"product":"[app-automate, observability]","buildName":"browserstack build","os":"Windows 11","languageVersion":"18.0.2.1","appiumVersion":"9.0.0","frameworkDetectionInstrumentation":{"parseLoadClass":5,"parseDependencies":16},"language":"java","sdkRunId":"ebb8564d-6123-4bac-8466-2c8fdf209dd0","buildIdentifier":"#26","userFramework":"testng","testhub_uuid":"","detectedAppiumVersion":"null","detectedDependencies":"testng","productMap":{"app_automate":true,"accessibility":false,"automate":false,"percy":false,"observability":true},"referrer":"testng-javaagent\/1.20.2","hostname":"DESKTOP-13RHPFK","language_framework":"java_testng","detectedFramework":"testng","detectedSeleniumVersion":"null","seleniumVersion":""}}
14:35:20.335 [main] DEBUG c.b.utils.FunnelInstrumentation - API Event SDKTestAttempted response - {"message":"SDK Event recorded successfully"}
14:35:20.534 [main] DEBUG c.browserstack.testOps.RequestUtils - [ TESTHUB ] Processing Request Kind launchTestSession
14:35:20.534 [main] DEBUG c.browserstack.testOps.RequestUtils - [requestToTestOps] Sending Observability request: POST api/v2/builds with request size 1330
14:35:22.031 [main] DEBUG c.browserstack.testOps.RequestUtils - requestToTestOps: Response code: 200
14:35:22.031 [main] DEBUG com.browserstack.testOps.Listener - BROWSERSTACK_TESTHUB_UUID : rklbnfzl0el43wrncsayoclqaoqsba83tql34sga
14:35:22.031 [main] DEBUG com.browserstack.testOps.Listener - [ TESTHUB ] Build creation successfull
14:35:22.035 [main] DEBUG com.browserstack.LocalFactory - Starting BrowserStack Local with identifier 06_Aug_1435_DESKTOP_13RHPFK_IKMD
14:35:27.264 [main] DEBUG c.b.t.XMLSuiteClassListener - Number of parallels - 1 and number of platforms - 1
14:35:27.576 [main] DEBUG com.browserstack.testOps.Listener - [ TESTHUB ] Processing Request Kind LogCreated
14:35:27.579 [main] DEBUG com.browserstack.testOps.Listener - [ TESTHUB ] Processing Request Kind LogCreated
14:35:27.582 [main] DEBUG com.browserstack.testOps.Listener - [ TESTHUB ] Processing Request Kind LogCreated
14:35:27.583 [main] DEBUG com.browserstack.testOps.Listener - [ TESTHUB ] Processing Request Kind LogCreated
14:35:27.583 [main] DEBUG com.browserstack.testOps.Listener - [ TESTHUB ] Processing Request Kind LogCreated
14:35:27.591 [main] DEBUG com.browserstack.testOps.Listener - [ TESTHUB ] Processing Request Kind LogCreated
14:35:27.591 [main] DEBUG com.browserstack.testOps.Listener - [ TESTHUB ] Processing Request Kind LogCreated
14:35:27.591 [main] DEBUG com.browserstack.testOps.Listener - [ TESTHUB ] Processing Request Kind LogCreated
14:35:27.591 [main] DEBUG com.browserstack.testOps.Listener - [ TESTHUB ] Processing Request Kind LogCreated
14:35:27.591 [main] DEBUG com.browserstack.testOps.Listener - [ TESTHUB ] Processing Request Kind LogCreated
14:35:27.600 [main] DEBUG com.browserstack.testOps.Listener - [ TESTHUB ] Processing Request Kind LogCreated
14:35:27.601 [main] DEBUG c.browserstack.utils.LogReportingAPI - [2024-08-06T09:05:27.601782600Z][ OBSERVABILITY ] Processing Logs patching stream
14:35:27.654 [configureAppium@0] DEBUG c.b.testNgListeners.TestNGUtils - [populateTestDataForBSTestOps] Event Type :: HookRunStarted, Method ClassName :: testBaseUtils.WFlashBeforeEachTestAndroid 
14:35:27.655 [configureAppium@0] DEBUG c.browserstack.utils.UtilityMethods - [findFileMatcher] Current Path is :: C:\Users\Hp\Documents\IntelliJ Projects\AppiumPOMProject, TestClass :: testBaseUtils\WFlashBeforeEachTestAndroid
14:35:27.670 [configureAppium@0] DEBUG c.b.testNgListeners.TestNGUtils - [populateTestDataForBSTestOps] The filename fetched :: C:\Users\Hp\Documents\IntelliJ Projects\AppiumPOMProject\src\test\java\testBaseUtils\WFlashBeforeEachTestAndroid.java, fileSeparator :: \, AbsolutePath :: C:\Users\Hp\Documents\IntelliJ Projects\AppiumPOMProject\., Normalized Path :: C:\Users\Hp\Documents\IntelliJ Projects\AppiumPOMProject, File.Separator :: \
14:35:27.670 [configureAppium@0] DEBUG c.b.testNgListeners.TestNGUtils - [populateTestDataForBSTestOps] Replaced File Name is :: AppiumPOMProject\src\test\java\testBaseUtils\WFlashBeforeEachTestAndroid.java, Absolute Path :: C:\Users\Hp\Documents\IntelliJ Projects\AppiumPOMProject\.., Normalized Path :: C:\Users\Hp\Documents\IntelliJ Projects 
14:35:27.672 [configureAppium@0] DEBUG com.browserstack.testOps.Listener - [ TESTHUB ] Processing Request Kind HookRunStarted
14:35:29.594 [pool-4-thread-1] DEBUG c.browserstack.utils.RequestBatcher - Time Since Last Batch Processed 1722935129594

14:35:29.596 [pool-5-thread-1] DEBUG c.browserstack.utils.RequestBatcher - Processing Batch 12

14:35:29.596 [pool-5-thread-1] DEBUG c.browserstack.testOps.RequestUtils - [requestToTestOps] Sending Observability request: POST api/v1/batch with request size 3421
14:35:29.984 [pool-5-thread-1] DEBUG c.browserstack.testOps.RequestUtils - requestToTestOps: Response code: 200
14:35:29.985 [pool-5-thread-1] DEBUG c.browserstack.utils.LogReportingAPI - 
[2024-08-06T09:05:29.985798200Z][ TESTHUB ] Batch event successfull!

14:35:33.588 [pool-4-thread-1] DEBUG c.browserstack.utils.RequestBatcher - Time Since Last Batch Processed 3994

14:35:37.582 [pool-4-thread-1] DEBUG c.browserstack.utils.RequestBatcher - Time Since Last Batch Processed 3994

14:35:39.591 [pool-4-thread-1] DEBUG c.browserstack.utils.RequestBatcher - Time Since Last Batch Processed 2009

14:35:43.593 [pool-4-thread-1] DEBUG c.browserstack.utils.RequestBatcher - Time Since Last Batch Processed 4002

14:35:47.587 [pool-4-thread-1] DEBUG c.browserstack.utils.RequestBatcher - Time Since Last Batch Processed 3994

14:35:47.754 [AppiumPOMProject-0@0] DEBUG c.b.testNgListeners.TestNGUtils - [populateTestDataForBSTestOps] Event Type :: TestRunStarted, Test ClassName :: GroupID.FlashTestClass
14:35:47.754 [AppiumPOMProject-0@0] DEBUG c.browserstack.utils.UtilityMethods - [findFileMatcher] Current Path is :: C:\Users\Hp\Documents\IntelliJ Projects\AppiumPOMProject, TestClass :: GroupID\FlashObjectOptimised
14:35:47.760 [AppiumPOMProject-0@0] DEBUG c.b.testNgListeners.TestNGUtils - [populateTestDataForBSTestOps] The filename fetched :: C:\Users\Hp\Documents\IntelliJ Projects\AppiumPOMProject\src\test\java\GroupID\FlashObjectOptimised.java, fileSeparator :: \, AbsolutePath :: C:\Users\Hp\Documents\IntelliJ Projects\AppiumPOMProject\., Normalized Path :: C:\Users\Hp\Documents\IntelliJ Projects\AppiumPOMProject, File.Separator :: \
14:35:47.760 [AppiumPOMProject-0@0] DEBUG c.b.testNgListeners.TestNGUtils - [populateTestDataForBSTestOps] Replaced File Name is :: AppiumPOMProject\src\test\java\GroupID\FlashObjectOptimised.java, Absolute Path :: C:\Users\Hp\Documents\IntelliJ Projects\AppiumPOMProject\.., Normalized Path :: C:\Users\Hp\Documents\IntelliJ Projects 
14:35:47.764 [AppiumPOMProject-0@0] DEBUG com.browserstack.testOps.Listener - [ TESTHUB ] Processing Request Kind TestRunStarted
14:35:47.766 [AppiumTest1@0] DEBUG c.b.testNgListeners.TestNGUtils - [populateTestDataForBSTestOps] Event Type :: HookRunFinished, Method ClassName :: testBaseUtils.WFlashBeforeEachTestAndroid 
14:35:47.766 [AppiumTest1@0] DEBUG c.browserstack.utils.UtilityMethods - [findFileMatcher] Current Path is :: C:\Users\Hp\Documents\IntelliJ Projects\AppiumPOMProject, TestClass :: testBaseUtils\WFlashBeforeEachTestAndroid
14:35:47.772 [AppiumTest1@0] DEBUG c.b.testNgListeners.TestNGUtils - [populateTestDataForBSTestOps] The filename fetched :: C:\Users\Hp\Documents\IntelliJ Projects\AppiumPOMProject\src\test\java\testBaseUtils\WFlashBeforeEachTestAndroid.java, fileSeparator :: \, AbsolutePath :: C:\Users\Hp\Documents\IntelliJ Projects\AppiumPOMProject\., Normalized Path :: C:\Users\Hp\Documents\IntelliJ Projects\AppiumPOMProject, File.Separator :: \
14:35:47.772 [AppiumTest1@0] DEBUG c.b.testNgListeners.TestNGUtils - [populateTestDataForBSTestOps] Replaced File Name is :: AppiumPOMProject\src\test\java\testBaseUtils\WFlashBeforeEachTestAndroid.java, Absolute Path :: C:\Users\Hp\Documents\IntelliJ Projects\AppiumPOMProject\.., Normalized Path :: C:\Users\Hp\Documents\IntelliJ Projects 
14:35:47.772 [AppiumTest1@0] DEBUG com.browserstack.testOps.Listener - [ TESTHUB ] Processing Request Kind HookRunFinished
14:35:47.774 [AppiumTest1@0] DEBUG c.b.testNgListeners.TestNGUtils - [populateTestDataForBSTestOps] Event Type :: TestRunSkipped, Test ClassName :: GroupID.FlashTestClass
14:35:47.774 [AppiumTest1@0] DEBUG c.browserstack.utils.UtilityMethods - [findFileMatcher] Current Path is :: C:\Users\Hp\Documents\IntelliJ Projects\AppiumPOMProject, TestClass :: GroupID\FlashObjectOptimised
14:35:47.780 [AppiumTest1@0] DEBUG c.b.testNgListeners.TestNGUtils - [populateTestDataForBSTestOps] The filename fetched :: C:\Users\Hp\Documents\IntelliJ Projects\AppiumPOMProject\src\test\java\GroupID\FlashObjectOptimised.java, fileSeparator :: \, AbsolutePath :: C:\Users\Hp\Documents\IntelliJ Projects\AppiumPOMProject\., Normalized Path :: C:\Users\Hp\Documents\IntelliJ Projects\AppiumPOMProject, File.Separator :: \
14:35:47.780 [AppiumTest1@0] DEBUG c.b.testNgListeners.TestNGUtils - [populateTestDataForBSTestOps] Replaced File Name is :: AppiumPOMProject\src\test\java\GroupID\FlashObjectOptimised.java, Absolute Path :: C:\Users\Hp\Documents\IntelliJ Projects\AppiumPOMProject\.., Normalized Path :: C:\Users\Hp\Documents\IntelliJ Projects 
14:35:47.785 [AppiumTest1@0] DEBUG com.browserstack.testOps.Listener - [ TESTHUB ] Processing Request Kind TestRunFinished
14:35:47.785 [AppiumTest1@0] DEBUG c.browserstack.utils.LogReportingAPI - sendSync failed - driver not found
14:35:47.788 [AppiumPOMProject-0@0] DEBUG c.b.testNgListeners.TestNGUtils - [populateTestDataForBSTestOps] Event Type :: TestRunStarted, Test ClassName :: GroupID.FlashTestClass
14:35:47.788 [AppiumPOMProject-0@0] DEBUG c.browserstack.utils.UtilityMethods - [findFileMatcher] Current Path is :: C:\Users\Hp\Documents\IntelliJ Projects\AppiumPOMProject, TestClass :: GroupID\FlashObjectOptimised
14:35:47.795 [AppiumPOMProject-0@0] DEBUG c.b.testNgListeners.TestNGUtils - [populateTestDataForBSTestOps] The filename fetched :: C:\Users\Hp\Documents\IntelliJ Projects\AppiumPOMProject\src\test\java\GroupID\FlashObjectOptimised.java, fileSeparator :: \, AbsolutePath :: C:\Users\Hp\Documents\IntelliJ Projects\AppiumPOMProject\., Normalized Path :: C:\Users\Hp\Documents\IntelliJ Projects\AppiumPOMProject, File.Separator :: \
14:35:47.796 [AppiumPOMProject-0@0] DEBUG c.b.testNgListeners.TestNGUtils - [populateTestDataForBSTestOps] Replaced File Name is :: AppiumPOMProject\src\test\java\GroupID\FlashObjectOptimised.java, Absolute Path :: C:\Users\Hp\Documents\IntelliJ Projects\AppiumPOMProject\.., Normalized Path :: C:\Users\Hp\Documents\IntelliJ Projects 
14:35:47.799 [AppiumPOMProject-0@0] DEBUG com.browserstack.testOps.Listener - [ TESTHUB ] Processing Request Kind TestRunStarted
14:35:47.800 [AppiumTest1@0] DEBUG c.b.testNgListeners.TestNGUtils - [populateTestDataForBSTestOps] Event Type :: TestRunSkipped, Test ClassName :: GroupID.FlashTestClass
14:35:47.800 [AppiumTest1@0] DEBUG c.browserstack.utils.UtilityMethods - [findFileMatcher] Current Path is :: C:\Users\Hp\Documents\IntelliJ Projects\AppiumPOMProject, TestClass :: GroupID\FlashObjectOptimised
14:35:47.806 [AppiumTest1@0] DEBUG c.b.testNgListeners.TestNGUtils - [populateTestDataForBSTestOps] The filename fetched :: C:\Users\Hp\Documents\IntelliJ Projects\AppiumPOMProject\src\test\java\GroupID\FlashObjectOptimised.java, fileSeparator :: \, AbsolutePath :: C:\Users\Hp\Documents\IntelliJ Projects\AppiumPOMProject\., Normalized Path :: C:\Users\Hp\Documents\IntelliJ Projects\AppiumPOMProject, File.Separator :: \
14:35:47.806 [AppiumTest1@0] DEBUG c.b.testNgListeners.TestNGUtils - [populateTestDataForBSTestOps] Replaced File Name is :: AppiumPOMProject\src\test\java\GroupID\FlashObjectOptimised.java, Absolute Path :: C:\Users\Hp\Documents\IntelliJ Projects\AppiumPOMProject\.., Normalized Path :: C:\Users\Hp\Documents\IntelliJ Projects 
14:35:47.810 [AppiumTest1@0] DEBUG com.browserstack.testOps.Listener - [ TESTHUB ] Processing Request Kind TestRunFinished
14:35:47.810 [AppiumTest1@0] DEBUG c.browserstack.utils.LogReportingAPI - sendSync failed - driver not found
14:35:47.813 [AppiumPOMProject-0@0] DEBUG c.b.testNgListeners.TestNGUtils - [populateTestDataForBSTestOps] Event Type :: TestRunStarted, Test ClassName :: GroupID.FlashTestClass
14:35:47.813 [AppiumPOMProject-0@0] DEBUG c.browserstack.utils.UtilityMethods - [findFileMatcher] Current Path is :: C:\Users\Hp\Documents\IntelliJ Projects\AppiumPOMProject, TestClass :: GroupID\FlashObjectOptimised
14:35:47.822 [AppiumPOMProject-0@0] DEBUG c.b.testNgListeners.TestNGUtils - [populateTestDataForBSTestOps] The filename fetched :: C:\Users\Hp\Documents\IntelliJ Projects\AppiumPOMProject\src\test\java\GroupID\FlashObjectOptimised.java, fileSeparator :: \, AbsolutePath :: C:\Users\Hp\Documents\IntelliJ Projects\AppiumPOMProject\., Normalized Path :: C:\Users\Hp\Documents\IntelliJ Projects\AppiumPOMProject, File.Separator :: \
14:35:47.822 [AppiumPOMProject-0@0] DEBUG c.b.testNgListeners.TestNGUtils - [populateTestDataForBSTestOps] Replaced File Name is :: AppiumPOMProject\src\test\java\GroupID\FlashObjectOptimised.java, Absolute Path :: C:\Users\Hp\Documents\IntelliJ Projects\AppiumPOMProject\.., Normalized Path :: C:\Users\Hp\Documents\IntelliJ Projects 
14:35:47.826 [AppiumPOMProject-0@0] DEBUG com.browserstack.testOps.Listener - [ TESTHUB ] Processing Request Kind TestRunStarted
14:35:47.828 [AppiumTest1@0] DEBUG c.b.testNgListeners.TestNGUtils - [populateTestDataForBSTestOps] Event Type :: TestRunSkipped, Test ClassName :: GroupID.FlashTestClass
14:35:47.828 [AppiumTest1@0] DEBUG c.browserstack.utils.UtilityMethods - [findFileMatcher] Current Path is :: C:\Users\Hp\Documents\IntelliJ Projects\AppiumPOMProject, TestClass :: GroupID\FlashObjectOptimised
14:35:47.835 [AppiumTest1@0] DEBUG c.b.testNgListeners.TestNGUtils - [populateTestDataForBSTestOps] The filename fetched :: C:\Users\Hp\Documents\IntelliJ Projects\AppiumPOMProject\src\test\java\GroupID\FlashObjectOptimised.java, fileSeparator :: \, AbsolutePath :: C:\Users\Hp\Documents\IntelliJ Projects\AppiumPOMProject\., Normalized Path :: C:\Users\Hp\Documents\IntelliJ Projects\AppiumPOMProject, File.Separator :: \
14:35:47.835 [AppiumTest1@0] DEBUG c.b.testNgListeners.TestNGUtils - [populateTestDataForBSTestOps] Replaced File Name is :: AppiumPOMProject\src\test\java\GroupID\FlashObjectOptimised.java, Absolute Path :: C:\Users\Hp\Documents\IntelliJ Projects\AppiumPOMProject\.., Normalized Path :: C:\Users\Hp\Documents\IntelliJ Projects 
14:35:47.838 [AppiumTest1@0] DEBUG com.browserstack.testOps.Listener - [ TESTHUB ] Processing Request Kind TestRunFinished
14:35:47.839 [AppiumTest1@0] DEBUG c.browserstack.utils.LogReportingAPI - sendSync failed - driver not found
14:35:47.842 [AppiumPOMProject-0@0] DEBUG c.b.testNgListeners.TestNGUtils - [populateTestDataForBSTestOps] Event Type :: TestRunStarted, Test ClassName :: GroupID.FlashTestClass
14:35:47.842 [AppiumPOMProject-0@0] DEBUG c.browserstack.utils.UtilityMethods - [findFileMatcher] Current Path is :: C:\Users\Hp\Documents\IntelliJ Projects\AppiumPOMProject, TestClass :: GroupID\FlashObjectOptimised
14:35:47.849 [AppiumPOMProject-0@0] DEBUG c.b.testNgListeners.TestNGUtils - [populateTestDataForBSTestOps] The filename fetched :: C:\Users\Hp\Documents\IntelliJ Projects\AppiumPOMProject\src\test\java\GroupID\FlashObjectOptimised.java, fileSeparator :: \, AbsolutePath :: C:\Users\Hp\Documents\IntelliJ Projects\AppiumPOMProject\., Normalized Path :: C:\Users\Hp\Documents\IntelliJ Projects\AppiumPOMProject, File.Separator :: \
14:35:47.850 [AppiumPOMProject-0@0] DEBUG c.b.testNgListeners.TestNGUtils - [populateTestDataForBSTestOps] Replaced File Name is :: AppiumPOMProject\src\test\java\GroupID\FlashObjectOptimised.java, Absolute Path :: C:\Users\Hp\Documents\IntelliJ Projects\AppiumPOMProject\.., Normalized Path :: C:\Users\Hp\Documents\IntelliJ Projects 
14:35:47.853 [AppiumPOMProject-0@0] DEBUG com.browserstack.testOps.Listener - [ TESTHUB ] Processing Request Kind TestRunStarted
14:35:47.854 [AppiumTest1@0] DEBUG c.b.testNgListeners.TestNGUtils - [populateTestDataForBSTestOps] Event Type :: TestRunSkipped, Test ClassName :: GroupID.FlashTestClass
14:35:47.854 [AppiumTest1@0] DEBUG c.browserstack.utils.UtilityMethods - [findFileMatcher] Current Path is :: C:\Users\Hp\Documents\IntelliJ Projects\AppiumPOMProject, TestClass :: GroupID\FlashObjectOptimised
14:35:47.862 [AppiumTest1@0] DEBUG c.b.testNgListeners.TestNGUtils - [populateTestDataForBSTestOps] The filename fetched :: C:\Users\Hp\Documents\IntelliJ Projects\AppiumPOMProject\src\test\java\GroupID\FlashObjectOptimised.java, fileSeparator :: \, AbsolutePath :: C:\Users\Hp\Documents\IntelliJ Projects\AppiumPOMProject\., Normalized Path :: C:\Users\Hp\Documents\IntelliJ Projects\AppiumPOMProject, File.Separator :: \
14:35:47.862 [AppiumTest1@0] DEBUG c.b.testNgListeners.TestNGUtils - [populateTestDataForBSTestOps] Replaced File Name is :: AppiumPOMProject\src\test\java\GroupID\FlashObjectOptimised.java, Absolute Path :: C:\Users\Hp\Documents\IntelliJ Projects\AppiumPOMProject\.., Normalized Path :: C:\Users\Hp\Documents\IntelliJ Projects 
14:35:47.866 [AppiumTest1@0] DEBUG com.browserstack.testOps.Listener - [ TESTHUB ] Processing Request Kind TestRunFinished
14:35:47.866 [AppiumTest1@0] DEBUG c.browserstack.utils.LogReportingAPI - sendSync failed - driver not found
14:35:47.872 [main] DEBUG com.browserstack.testOps.Listener - [ TESTHUB ] Processing Request Kind LogCreated
14:35:47.873 [Thread-0] DEBUG c.browserstack.BrowserStackJavaAgent - Starting final execution
14:35:47.878 [Thread-0] DEBUG c.b.u.ObservabilityUtilityMethods - Processing batch requests with type: Global
14:35:47.878 [Thread-0] DEBUG c.browserstack.utils.LogReportingAPI - [2024-08-06T09:05:47.878533Z][ OBSERVABILITY ] Processing stop observability
14:35:47.879 [pool-5-thread-1] DEBUG c.browserstack.utils.RequestBatcher - Processing Batch 10

14:35:47.881 [pool-5-thread-1] DEBUG c.browserstack.testOps.RequestUtils - [requestToTestOps] Sending Observability request: POST api/v1/batch with request size 42377
14:35:48.414 [pool-5-thread-1] DEBUG c.browserstack.testOps.RequestUtils - requestToTestOps: Response code: 200
14:35:48.414 [pool-5-thread-1] DEBUG c.browserstack.utils.LogReportingAPI - 
[2024-08-06T09:05:48.414496900Z][ TESTHUB ] Batch event successfull!

14:35:48.414 [Thread-0] DEBUG c.browserstack.testOps.RequestUtils - [ TESTHUB ] Processing Request Kind stopBuildUpstream
14:35:48.414 [Thread-0] DEBUG c.browserstack.testOps.RequestUtils - [requestToTestOps] Sending Observability request: PUT api/v1/builds/rklbnfzl0el43wrncsayoclqaoqsba83tql34sga/stop with request size 65
14:35:48.684 [Thread-0] DEBUG c.browserstack.testOps.RequestUtils - requestToTestOps: Response code: 200
14:35:48.685 [Thread-0] DEBUG com.browserstack.testOps.Listener - Testhub stop response: 
14:35:50.949 [Thread-0] DEBUG com.browserstack.testOps.UsageStats - getFormattedData: Collecting data for TestObservability
14:35:50.949 [Thread-0] DEBUG com.browserstack.testOps.UsageStats - getEventStats: Getting event data for TestObservability
14:35:50.953 [Thread-0] DEBUG com.browserstack.testOps.UsageStats - [OBSERVABILITY] Failed to parse data from workers
14:35:51.009 [Thread-0] DEBUG c.b.utils.FunnelInstrumentation - Sending funnel data for SDKTestSuccessful with data: {"event_type":"SDKTestSuccessful","accessKey":"cdWAYU5meFd1rax23PEp","userName":"nayankumar_Rp0sMa","event_properties":{"product":"[app-automate, observability]","buildName":"browserstack build","os":"Windows 11","languageVersion":"18.0.2.1","appiumVersion":"9.0.0","frameworkDetectionInstrumentation":{"parseLoadClass":5,"ret-org.openqa.selenium.remote.RemoteWebDriver":337,"retransformClasses":337,"parseDependencies":16},"language":"java","sdkRunId":"ebb8564d-6123-4bac-8466-2c8fdf209dd0","buildIdentifier":"#26","userFramework":"testng","testhub_uuid":"rklbnfzl0el43wrncsayoclqaoqsba83tql34sga","detectedAppiumVersion":"null","detectedDependencies":"testng","productMap":{"app_automate":true,"accessibility":false,"automate":false,"percy":false,"observability":true},"referrer":"testng-javaagent\/1.20.2","hostname":"DESKTOP-13RHPFK","measures":{"local:start":4685,"sdk:setup":10027,"local:stop":2261},"language_framework":"java_testng","detectedFramework":"testng","productUsage":{"testObservability":{"buildHashedId":"rklbnfzl0el43wrncsayoclqaoqsba83tql34sga","manuallySet":false,"enabled":true,"events":{"hookEvents":{"started":{"errors":[],"failedCount":0,"sentCount":1,"triggeredCount":1},"finished":{"triggeredCount":1,"failedCount":0,"errors":[],"sentCount":1},"failed":{"errors":[],"failedCount":0,"sentCount":1,"triggeredCount":1}},"logEvents":{"errors":[],"failedCount":0,"sentCount":12,"triggeredCount":12,"log":{"errors":[],"failedCount":0,"sentCount":12,"triggeredCount":12}},"testEvents":{"started":{"errors":[],"failedCount":0,"sentCount":4,"triggeredCount":4},"finished":{"triggeredCount":4,"failedCount":0,"errors":[],"sentCount":4},"skipped":{"errors":[],"failedCount":0,"sentCount":4,"triggeredCount":4}},"batchEvents":{"triggeredCount":2,"failedCount":0,"errors":[],"sentCount":2},"cbtSessionEvents":{"errors":[],"failedCount":0,"sentCount":0,"triggeredCount":0},"buildEvents":{"started":{"error":null,"triggered":true,"status":"success"},"finished":{"error":null,"triggered":true,"status":"success"}}}}},"detectedSeleniumVersion":"null","browserStackConfig":{"browserstackLocal":true,"percy":false,"logLevel":"info","staticWebDriver":true,"autoDetectFramework":true,"percyCaptureMode":"MANUAL","browserStackLocalOptions":{"localIdentifier":"06_Aug_1435_DESKTOP_13RHPFK_IKMD","key":"****"},"percyOptions":null,"testContextOptions":{"skipSessionStatus":false,"serenityOverridePlugin":false,"skipSessionName":false},"platforms":[{"capabilities":{"platformVersion":13.0,"platformName":"android","deviceName":"Samsung Galaxy S23"},"browser":null,"browserVersion":null,"device":"Samsung Galaxy S23","os":null,"osVersion":null,"platformCaps":{"platformVersion":13.0,"platformName":"android","deviceName":"Samsung Galaxy S23"},"platformString":"Samsung Galaxy S23, 13.0","customVariables":"****"}],"parallelsPerPlatform":1,"framework":"testng","accessibility":false,"accessibilityOptions":{},"turboScaleOptions":{},"disableAutoCaptureLogs":true,"testObservability":true,"browserstackAutomation":true,"turboScale":false,"testObservabilityOptions":{},"gradleMConfig":null,"proxySettings":null},"seleniumVersion":""}}
14:35:51.973 [Thread-0] DEBUG c.b.utils.FunnelInstrumentation - API Event SDKTestSuccessful response - {"message":"SDK Event recorded successfully"}
14:35:53.840 [Thread-0] DEBUG c.browserstack.utils.UtilityMethods - Browserstack Gradle-M Config File does not exist.
14:39:13.661 [main] DEBUG c.b.config.BrowserStackConfig - Cli Config passed - {}
14:39:14.062 [main] DEBUG c.b.logger.BrowserstackLoggerFactory - Log Level set to TRACE for logger com.browserstack
14:39:14.063 [main] DEBUG c.b.logger.BrowserstackLoggerFactory - Log Level set to INFO for logger stdoutPrinter
14:39:14.167 [main] DEBUG c.b.utils.FrameworkDetectionUtils - Java command - com.intellij.rt.testng.RemoteTestNGStarter -usedefaultlisteners false -socket50871 @w@C:\Users\Hp\AppData\Local\Temp\idea_working_dirs_testng.tmp -temp C:\Users\Hp\AppData\Local\Temp\idea_testng.tmp
14:39:14.168 [main] DEBUG c.b.utils.FrameworkDetectionUtils - Test classes detected: 
14:39:14.174 [main] DEBUG c.b.utils.FrameworkDetectionUtils - Runner: testng, Engine: none
14:39:14.188 [main] DEBUG c.b.utils.FrameworkDetectionUtils - Runner: testng, Engine: none from dependencies
14:39:14.188 [main] DEBUG c.b.utils.FrameworkDetectionUtils - Detected final framework as: testng
14:39:14.188 [main] DEBUG c.browserstack.BrowserStackJavaAgent - JavaAgent Version 1.20.2
14:39:14.193 [main] DEBUG c.b.utils.ExitSignalHandler - Registered handler for INT
14:39:14.193 [main] DEBUG c.b.utils.ExitSignalHandler - Registered handler for TERM
14:39:14.193 [main] DEBUG c.b.utils.ExitSignalHandler - Unable to attach signal handler for HUP Unknown signal: HUP
14:39:14.193 [main] DEBUG c.b.utils.ExitSignalHandler - Registered handler for ABRT
14:39:14.676 [Thread-1] DEBUG c.browserstack.utils.UtilityMethods - NEXT HUBS ARE: ["hub-aps.browserstack.com","hub-euw.browserstack.com","hub-apse.browserstack.com"]
14:39:14.967 [main] DEBUG c.browserstack.utils.UtilityMethods - EXECUTION TIME OF hub-aps.browserstack.com HUB IS: 288ms
14:39:15.894 [main] DEBUG c.browserstack.utils.UtilityMethods - EXECUTION TIME OF hub-euw.browserstack.com HUB IS: 912ms
14:39:16.939 [main] DEBUG c.browserstack.utils.UtilityMethods - EXECUTION TIME OF hub-apse.browserstack.com HUB IS: 1044ms
14:39:16.952 [main] DEBUG c.browserstack.utils.UtilityMethods - NEAREST HUB ALLOCATED IS - hub-aps.browserstack.com
14:39:16.964 [main] DEBUG c.b.utils.FunnelInstrumentation - Sending funnel data for SDKTestAttempted with data: {"event_type":"SDKTestAttempted","accessKey":"cdWAYU5meFd1rax23PEp","userName":"nayankumar_Rp0sMa","event_properties":{"product":"[app-automate, observability]","buildName":"browserstack build","os":"Windows 11","languageVersion":"18.0.2.1","appiumVersion":"9.0.0","frameworkDetectionInstrumentation":{"parseLoadClass":6,"parseDependencies":14},"language":"java","sdkRunId":"9af77382-1b74-4b70-a043-861ee1211f84","buildIdentifier":"#27","userFramework":"testng","testhub_uuid":"","detectedAppiumVersion":"null","detectedDependencies":"testng","productMap":{"app_automate":true,"accessibility":false,"automate":false,"percy":false,"observability":true},"referrer":"testng-javaagent\/1.20.2","hostname":"DESKTOP-13RHPFK","language_framework":"java_testng","detectedFramework":"testng","detectedSeleniumVersion":"null","seleniumVersion":""}}
14:39:17.426 [main] DEBUG c.b.utils.FunnelInstrumentation - API Event SDKTestAttempted response - {"message":"SDK Event recorded successfully"}
14:39:17.662 [main] DEBUG c.browserstack.testOps.RequestUtils - [ TESTHUB ] Processing Request Kind launchTestSession
14:39:17.663 [main] DEBUG c.browserstack.testOps.RequestUtils - [requestToTestOps] Sending Observability request: POST api/v2/builds with request size 1330
14:39:19.066 [main] DEBUG c.browserstack.testOps.RequestUtils - requestToTestOps: Response code: 200
14:39:19.067 [main] DEBUG com.browserstack.testOps.Listener - BROWSERSTACK_TESTHUB_UUID : edtspeadbk3ub8rqpmwhooxpi6mxofdk4eg4tkf3
14:39:19.067 [main] DEBUG com.browserstack.testOps.Listener - [ TESTHUB ] Build creation successfull
14:39:19.072 [main] DEBUG com.browserstack.LocalFactory - Starting BrowserStack Local with identifier 06_Aug_1439_DESKTOP_13RHPFK_U6ot
14:39:24.526 [main] DEBUG c.b.t.XMLSuiteClassListener - Number of parallels - 1 and number of platforms - 1
14:39:24.804 [main] DEBUG com.browserstack.testOps.Listener - [ TESTHUB ] Processing Request Kind LogCreated
14:39:24.808 [main] DEBUG com.browserstack.testOps.Listener - [ TESTHUB ] Processing Request Kind LogCreated
14:39:24.812 [main] DEBUG com.browserstack.testOps.Listener - [ TESTHUB ] Processing Request Kind LogCreated
14:39:24.814 [main] DEBUG com.browserstack.testOps.Listener - [ TESTHUB ] Processing Request Kind LogCreated
14:39:24.814 [main] DEBUG com.browserstack.testOps.Listener - [ TESTHUB ] Processing Request Kind LogCreated
14:39:24.822 [main] DEBUG com.browserstack.testOps.Listener - [ TESTHUB ] Processing Request Kind LogCreated
14:39:24.822 [main] DEBUG com.browserstack.testOps.Listener - [ TESTHUB ] Processing Request Kind LogCreated
14:39:24.824 [main] DEBUG com.browserstack.testOps.Listener - [ TESTHUB ] Processing Request Kind LogCreated
14:39:24.824 [main] DEBUG com.browserstack.testOps.Listener - [ TESTHUB ] Processing Request Kind LogCreated
14:39:24.824 [main] DEBUG com.browserstack.testOps.Listener - [ TESTHUB ] Processing Request Kind LogCreated
14:39:24.832 [main] DEBUG com.browserstack.testOps.Listener - [ TESTHUB ] Processing Request Kind LogCreated
14:39:24.833 [main] DEBUG c.browserstack.utils.LogReportingAPI - [2024-08-06T09:09:24.833706100Z][ OBSERVABILITY ] Processing Logs patching stream
14:39:24.884 [configureAppium@0] DEBUG c.b.testNgListeners.TestNGUtils - [populateTestDataForBSTestOps] Event Type :: HookRunStarted, Method ClassName :: testBaseUtils.WFlashBeforeEachTestAndroid 
14:39:24.886 [configureAppium@0] DEBUG c.browserstack.utils.UtilityMethods - [findFileMatcher] Current Path is :: C:\Users\Hp\Documents\IntelliJ Projects\AppiumPOMProject, TestClass :: testBaseUtils\WFlashBeforeEachTestAndroid
14:39:24.899 [configureAppium@0] DEBUG c.b.testNgListeners.TestNGUtils - [populateTestDataForBSTestOps] The filename fetched :: C:\Users\Hp\Documents\IntelliJ Projects\AppiumPOMProject\src\test\java\testBaseUtils\WFlashBeforeEachTestAndroid.java, fileSeparator :: \, AbsolutePath :: C:\Users\Hp\Documents\IntelliJ Projects\AppiumPOMProject\., Normalized Path :: C:\Users\Hp\Documents\IntelliJ Projects\AppiumPOMProject, File.Separator :: \
14:39:24.900 [configureAppium@0] DEBUG c.b.testNgListeners.TestNGUtils - [populateTestDataForBSTestOps] Replaced File Name is :: AppiumPOMProject\src\test\java\testBaseUtils\WFlashBeforeEachTestAndroid.java, Absolute Path :: C:\Users\Hp\Documents\IntelliJ Projects\AppiumPOMProject\.., Normalized Path :: C:\Users\Hp\Documents\IntelliJ Projects 
14:39:24.903 [configureAppium@0] DEBUG com.browserstack.testOps.Listener - [ TESTHUB ] Processing Request Kind HookRunStarted
14:39:26.820 [pool-4-thread-1] DEBUG c.browserstack.utils.RequestBatcher - Time Since Last Batch Processed 1722935366820

14:39:26.822 [pool-5-thread-1] DEBUG c.browserstack.utils.RequestBatcher - Processing Batch 12

14:39:26.822 [pool-5-thread-1] DEBUG c.browserstack.testOps.RequestUtils - [requestToTestOps] Sending Observability request: POST api/v1/batch with request size 3437
14:39:27.082 [pool-5-thread-1] DEBUG c.browserstack.testOps.RequestUtils - requestToTestOps: Response code: 200
14:39:27.082 [pool-5-thread-1] DEBUG c.browserstack.utils.LogReportingAPI - 
[2024-08-06T09:09:27.082018200Z][ TESTHUB ] Batch event successfull!

14:39:28.262 [configureAppium@0] DEBUG c.browserstack.utils.UtilityMethods - [Patch]: SDK enabled, patching remote server
14:39:28.266 [configureAppium@0] DEBUG c.b.selenium.SeleniumHandler - beforeDriverInit: SDK enabled. Thread ID: 43
14:39:28.270 [configureAppium@0] DEBUG c.browserstack.utils.UtilityMethods - [Patch]: SDK enabled, patching remote server
14:39:28.439 [AppiumPOMProject-0@0] DEBUG c.b.testNgListeners.TestNGUtils - [populateTestDataForBSTestOps] Event Type :: TestRunStarted, Test ClassName :: GroupID.FlashTestClass
14:39:28.439 [AppiumPOMProject-0@0] DEBUG c.browserstack.utils.UtilityMethods - [findFileMatcher] Current Path is :: C:\Users\Hp\Documents\IntelliJ Projects\AppiumPOMProject, TestClass :: GroupID\FlashObjectOptimised
14:39:28.449 [AppiumPOMProject-0@0] DEBUG c.b.testNgListeners.TestNGUtils - [populateTestDataForBSTestOps] The filename fetched :: C:\Users\Hp\Documents\IntelliJ Projects\AppiumPOMProject\src\test\java\GroupID\FlashObjectOptimised.java, fileSeparator :: \, AbsolutePath :: C:\Users\Hp\Documents\IntelliJ Projects\AppiumPOMProject\., Normalized Path :: C:\Users\Hp\Documents\IntelliJ Projects\AppiumPOMProject, File.Separator :: \
14:39:28.449 [AppiumPOMProject-0@0] DEBUG c.b.testNgListeners.TestNGUtils - [populateTestDataForBSTestOps] Replaced File Name is :: AppiumPOMProject\src\test\java\GroupID\FlashObjectOptimised.java, Absolute Path :: C:\Users\Hp\Documents\IntelliJ Projects\AppiumPOMProject\.., Normalized Path :: C:\Users\Hp\Documents\IntelliJ Projects 
14:39:28.454 [AppiumPOMProject-0@0] DEBUG com.browserstack.testOps.Listener - [ TESTHUB ] Processing Request Kind TestRunStarted
14:39:28.455 [AppiumTest1@0] DEBUG c.b.testNgListeners.TestNGUtils - [populateTestDataForBSTestOps] Event Type :: HookRunFinished, Method ClassName :: testBaseUtils.WFlashBeforeEachTestAndroid 
14:39:28.457 [AppiumTest1@0] DEBUG c.browserstack.utils.UtilityMethods - [findFileMatcher] Current Path is :: C:\Users\Hp\Documents\IntelliJ Projects\AppiumPOMProject, TestClass :: testBaseUtils\WFlashBeforeEachTestAndroid
14:39:28.464 [AppiumTest1@0] DEBUG c.b.testNgListeners.TestNGUtils - [populateTestDataForBSTestOps] The filename fetched :: C:\Users\Hp\Documents\IntelliJ Projects\AppiumPOMProject\src\test\java\testBaseUtils\WFlashBeforeEachTestAndroid.java, fileSeparator :: \, AbsolutePath :: C:\Users\Hp\Documents\IntelliJ Projects\AppiumPOMProject\., Normalized Path :: C:\Users\Hp\Documents\IntelliJ Projects\AppiumPOMProject, File.Separator :: \
14:39:28.464 [AppiumTest1@0] DEBUG c.b.testNgListeners.TestNGUtils - [populateTestDataForBSTestOps] Replaced File Name is :: AppiumPOMProject\src\test\java\testBaseUtils\WFlashBeforeEachTestAndroid.java, Absolute Path :: C:\Users\Hp\Documents\IntelliJ Projects\AppiumPOMProject\.., Normalized Path :: C:\Users\Hp\Documents\IntelliJ Projects 
14:39:28.465 [AppiumTest1@0] DEBUG com.browserstack.testOps.Listener - [ TESTHUB ] Processing Request Kind HookRunFinished
14:39:28.465 [AppiumTest1@0] DEBUG c.b.testNgListeners.TestNGUtils - [populateTestDataForBSTestOps] Event Type :: TestRunSkipped, Test ClassName :: GroupID.FlashTestClass
14:39:28.467 [AppiumTest1@0] DEBUG c.browserstack.utils.UtilityMethods - [findFileMatcher] Current Path is :: C:\Users\Hp\Documents\IntelliJ Projects\AppiumPOMProject, TestClass :: GroupID\FlashObjectOptimised
14:39:28.474 [AppiumTest1@0] DEBUG c.b.testNgListeners.TestNGUtils - [populateTestDataForBSTestOps] The filename fetched :: C:\Users\Hp\Documents\IntelliJ Projects\AppiumPOMProject\src\test\java\GroupID\FlashObjectOptimised.java, fileSeparator :: \, AbsolutePath :: C:\Users\Hp\Documents\IntelliJ Projects\AppiumPOMProject\., Normalized Path :: C:\Users\Hp\Documents\IntelliJ Projects\AppiumPOMProject, File.Separator :: \
14:39:28.474 [AppiumTest1@0] DEBUG c.b.testNgListeners.TestNGUtils - [populateTestDataForBSTestOps] Replaced File Name is :: AppiumPOMProject\src\test\java\GroupID\FlashObjectOptimised.java, Absolute Path :: C:\Users\Hp\Documents\IntelliJ Projects\AppiumPOMProject\.., Normalized Path :: C:\Users\Hp\Documents\IntelliJ Projects 
14:39:28.478 [AppiumTest1@0] DEBUG com.browserstack.testOps.Listener - [ TESTHUB ] Processing Request Kind TestRunFinished
14:39:28.479 [AppiumTest1@0] DEBUG c.browserstack.utils.LogReportingAPI - sendSync failed - driver not found
14:39:28.482 [AppiumPOMProject-0@0] DEBUG c.b.testNgListeners.TestNGUtils - [populateTestDataForBSTestOps] Event Type :: TestRunStarted, Test ClassName :: GroupID.FlashTestClass
14:39:28.483 [AppiumPOMProject-0@0] DEBUG c.browserstack.utils.UtilityMethods - [findFileMatcher] Current Path is :: C:\Users\Hp\Documents\IntelliJ Projects\AppiumPOMProject, TestClass :: GroupID\FlashObjectOptimised
14:39:28.491 [AppiumPOMProject-0@0] DEBUG c.b.testNgListeners.TestNGUtils - [populateTestDataForBSTestOps] The filename fetched :: C:\Users\Hp\Documents\IntelliJ Projects\AppiumPOMProject\src\test\java\GroupID\FlashObjectOptimised.java, fileSeparator :: \, AbsolutePath :: C:\Users\Hp\Documents\IntelliJ Projects\AppiumPOMProject\., Normalized Path :: C:\Users\Hp\Documents\IntelliJ Projects\AppiumPOMProject, File.Separator :: \
14:39:28.491 [AppiumPOMProject-0@0] DEBUG c.b.testNgListeners.TestNGUtils - [populateTestDataForBSTestOps] Replaced File Name is :: AppiumPOMProject\src\test\java\GroupID\FlashObjectOptimised.java, Absolute Path :: C:\Users\Hp\Documents\IntelliJ Projects\AppiumPOMProject\.., Normalized Path :: C:\Users\Hp\Documents\IntelliJ Projects 
14:39:28.495 [AppiumPOMProject-0@0] DEBUG com.browserstack.testOps.Listener - [ TESTHUB ] Processing Request Kind TestRunStarted
14:39:28.497 [AppiumTest1@0] DEBUG c.b.testNgListeners.TestNGUtils - [populateTestDataForBSTestOps] Event Type :: TestRunSkipped, Test ClassName :: GroupID.FlashTestClass
14:39:28.497 [AppiumTest1@0] DEBUG c.browserstack.utils.UtilityMethods - [findFileMatcher] Current Path is :: C:\Users\Hp\Documents\IntelliJ Projects\AppiumPOMProject, TestClass :: GroupID\FlashObjectOptimised
14:39:28.504 [AppiumTest1@0] DEBUG c.b.testNgListeners.TestNGUtils - [populateTestDataForBSTestOps] The filename fetched :: C:\Users\Hp\Documents\IntelliJ Projects\AppiumPOMProject\src\test\java\GroupID\FlashObjectOptimised.java, fileSeparator :: \, AbsolutePath :: C:\Users\Hp\Documents\IntelliJ Projects\AppiumPOMProject\., Normalized Path :: C:\Users\Hp\Documents\IntelliJ Projects\AppiumPOMProject, File.Separator :: \
14:39:28.505 [AppiumTest1@0] DEBUG c.b.testNgListeners.TestNGUtils - [populateTestDataForBSTestOps] Replaced File Name is :: AppiumPOMProject\src\test\java\GroupID\FlashObjectOptimised.java, Absolute Path :: C:\Users\Hp\Documents\IntelliJ Projects\AppiumPOMProject\.., Normalized Path :: C:\Users\Hp\Documents\IntelliJ Projects 
14:39:28.510 [AppiumTest1@0] DEBUG com.browserstack.testOps.Listener - [ TESTHUB ] Processing Request Kind TestRunFinished
14:39:28.510 [AppiumTest1@0] DEBUG c.browserstack.utils.LogReportingAPI - sendSync failed - driver not found
14:39:28.513 [AppiumPOMProject-0@0] DEBUG c.b.testNgListeners.TestNGUtils - [populateTestDataForBSTestOps] Event Type :: TestRunStarted, Test ClassName :: GroupID.FlashTestClass
14:39:28.513 [AppiumPOMProject-0@0] DEBUG c.browserstack.utils.UtilityMethods - [findFileMatcher] Current Path is :: C:\Users\Hp\Documents\IntelliJ Projects\AppiumPOMProject, TestClass :: GroupID\FlashObjectOptimised
14:39:28.521 [AppiumPOMProject-0@0] DEBUG c.b.testNgListeners.TestNGUtils - [populateTestDataForBSTestOps] The filename fetched :: C:\Users\Hp\Documents\IntelliJ Projects\AppiumPOMProject\src\test\java\GroupID\FlashObjectOptimised.java, fileSeparator :: \, AbsolutePath :: C:\Users\Hp\Documents\IntelliJ Projects\AppiumPOMProject\., Normalized Path :: C:\Users\Hp\Documents\IntelliJ Projects\AppiumPOMProject, File.Separator :: \
14:39:28.522 [AppiumPOMProject-0@0] DEBUG c.b.testNgListeners.TestNGUtils - [populateTestDataForBSTestOps] Replaced File Name is :: AppiumPOMProject\src\test\java\GroupID\FlashObjectOptimised.java, Absolute Path :: C:\Users\Hp\Documents\IntelliJ Projects\AppiumPOMProject\.., Normalized Path :: C:\Users\Hp\Documents\IntelliJ Projects 
14:39:28.525 [AppiumPOMProject-0@0] DEBUG com.browserstack.testOps.Listener - [ TESTHUB ] Processing Request Kind TestRunStarted
14:39:28.526 [AppiumTest1@0] DEBUG c.b.testNgListeners.TestNGUtils - [populateTestDataForBSTestOps] Event Type :: TestRunSkipped, Test ClassName :: GroupID.FlashTestClass
14:39:28.526 [AppiumTest1@0] DEBUG c.browserstack.utils.UtilityMethods - [findFileMatcher] Current Path is :: C:\Users\Hp\Documents\IntelliJ Projects\AppiumPOMProject, TestClass :: GroupID\FlashObjectOptimised
14:39:28.533 [AppiumTest1@0] DEBUG c.b.testNgListeners.TestNGUtils - [populateTestDataForBSTestOps] The filename fetched :: C:\Users\Hp\Documents\IntelliJ Projects\AppiumPOMProject\src\test\java\GroupID\FlashObjectOptimised.java, fileSeparator :: \, AbsolutePath :: C:\Users\Hp\Documents\IntelliJ Projects\AppiumPOMProject\., Normalized Path :: C:\Users\Hp\Documents\IntelliJ Projects\AppiumPOMProject, File.Separator :: \
14:39:28.534 [AppiumTest1@0] DEBUG c.b.testNgListeners.TestNGUtils - [populateTestDataForBSTestOps] Replaced File Name is :: AppiumPOMProject\src\test\java\GroupID\FlashObjectOptimised.java, Absolute Path :: C:\Users\Hp\Documents\IntelliJ Projects\AppiumPOMProject\.., Normalized Path :: C:\Users\Hp\Documents\IntelliJ Projects 
14:39:28.537 [AppiumTest1@0] DEBUG com.browserstack.testOps.Listener - [ TESTHUB ] Processing Request Kind TestRunFinished
14:39:28.537 [AppiumTest1@0] DEBUG c.browserstack.utils.LogReportingAPI - sendSync failed - driver not found
14:39:28.539 [AppiumPOMProject-0@0] DEBUG c.b.testNgListeners.TestNGUtils - [populateTestDataForBSTestOps] Event Type :: TestRunStarted, Test ClassName :: GroupID.FlashTestClass
14:39:28.539 [AppiumPOMProject-0@0] DEBUG c.browserstack.utils.UtilityMethods - [findFileMatcher] Current Path is :: C:\Users\Hp\Documents\IntelliJ Projects\AppiumPOMProject, TestClass :: GroupID\FlashObjectOptimised
14:39:28.547 [AppiumPOMProject-0@0] DEBUG c.b.testNgListeners.TestNGUtils - [populateTestDataForBSTestOps] The filename fetched :: C:\Users\Hp\Documents\IntelliJ Projects\AppiumPOMProject\src\test\java\GroupID\FlashObjectOptimised.java, fileSeparator :: \, AbsolutePath :: C:\Users\Hp\Documents\IntelliJ Projects\AppiumPOMProject\., Normalized Path :: C:\Users\Hp\Documents\IntelliJ Projects\AppiumPOMProject, File.Separator :: \
14:39:28.547 [AppiumPOMProject-0@0] DEBUG c.b.testNgListeners.TestNGUtils - [populateTestDataForBSTestOps] Replaced File Name is :: AppiumPOMProject\src\test\java\GroupID\FlashObjectOptimised.java, Absolute Path :: C:\Users\Hp\Documents\IntelliJ Projects\AppiumPOMProject\.., Normalized Path :: C:\Users\Hp\Documents\IntelliJ Projects 
14:39:28.550 [AppiumPOMProject-0@0] DEBUG com.browserstack.testOps.Listener - [ TESTHUB ] Processing Request Kind TestRunStarted
14:39:28.551 [AppiumTest1@0] DEBUG c.b.testNgListeners.TestNGUtils - [populateTestDataForBSTestOps] Event Type :: TestRunSkipped, Test ClassName :: GroupID.FlashTestClass
14:39:28.551 [AppiumTest1@0] DEBUG c.browserstack.utils.UtilityMethods - [findFileMatcher] Current Path is :: C:\Users\Hp\Documents\IntelliJ Projects\AppiumPOMProject, TestClass :: GroupID\FlashObjectOptimised
14:39:28.558 [AppiumTest1@0] DEBUG c.b.testNgListeners.TestNGUtils - [populateTestDataForBSTestOps] The filename fetched :: C:\Users\Hp\Documents\IntelliJ Projects\AppiumPOMProject\src\test\java\GroupID\FlashObjectOptimised.java, fileSeparator :: \, AbsolutePath :: C:\Users\Hp\Documents\IntelliJ Projects\AppiumPOMProject\., Normalized Path :: C:\Users\Hp\Documents\IntelliJ Projects\AppiumPOMProject, File.Separator :: \
14:39:28.558 [AppiumTest1@0] DEBUG c.b.testNgListeners.TestNGUtils - [populateTestDataForBSTestOps] Replaced File Name is :: AppiumPOMProject\src\test\java\GroupID\FlashObjectOptimised.java, Absolute Path :: C:\Users\Hp\Documents\IntelliJ Projects\AppiumPOMProject\.., Normalized Path :: C:\Users\Hp\Documents\IntelliJ Projects 
14:39:28.561 [AppiumTest1@0] DEBUG com.browserstack.testOps.Listener - [ TESTHUB ] Processing Request Kind TestRunFinished
14:39:28.561 [AppiumTest1@0] DEBUG c.browserstack.utils.LogReportingAPI - sendSync failed - driver not found
14:39:28.567 [main] DEBUG com.browserstack.testOps.Listener - [ TESTHUB ] Processing Request Kind LogCreated
14:39:28.569 [Thread-0] DEBUG c.browserstack.BrowserStackJavaAgent - Starting final execution
14:39:28.569 [Thread-0] DEBUG c.b.u.ObservabilityUtilityMethods - Processing batch requests with type: Global
14:39:28.570 [Thread-0] DEBUG c.browserstack.utils.LogReportingAPI - [2024-08-06T09:09:28.569092800Z][ OBSERVABILITY ] Processing stop observability
14:39:28.570 [pool-5-thread-1] DEBUG c.browserstack.utils.RequestBatcher - Processing Batch 10

14:39:28.571 [pool-5-thread-1] DEBUG c.browserstack.testOps.RequestUtils - [requestToTestOps] Sending Observability request: POST api/v1/batch with request size 29796
14:39:29.075 [pool-5-thread-1] DEBUG c.browserstack.testOps.RequestUtils - requestToTestOps: Response code: 200
14:39:29.075 [pool-5-thread-1] DEBUG c.browserstack.utils.LogReportingAPI - 
[2024-08-06T09:09:29.075113500Z][ TESTHUB ] Batch event successfull!

14:39:29.075 [Thread-0] DEBUG c.browserstack.testOps.RequestUtils - [ TESTHUB ] Processing Request Kind stopBuildUpstream
14:39:29.076 [Thread-0] DEBUG c.browserstack.testOps.RequestUtils - [requestToTestOps] Sending Observability request: PUT api/v1/builds/edtspeadbk3ub8rqpmwhooxpi6mxofdk4eg4tkf3/stop with request size 65
14:39:29.347 [Thread-0] DEBUG c.browserstack.testOps.RequestUtils - requestToTestOps: Response code: 200
14:39:29.347 [Thread-0] DEBUG com.browserstack.testOps.Listener - Testhub stop response: 
14:39:31.569 [Thread-0] DEBUG com.browserstack.testOps.UsageStats - getFormattedData: Collecting data for TestObservability
14:39:31.569 [Thread-0] DEBUG com.browserstack.testOps.UsageStats - getEventStats: Getting event data for TestObservability
14:39:31.571 [Thread-0] DEBUG com.browserstack.testOps.UsageStats - [OBSERVABILITY] Failed to parse data from workers
14:39:31.629 [Thread-0] DEBUG c.b.utils.FunnelInstrumentation - Sending funnel data for SDKTestSuccessful with data: {"event_type":"SDKTestSuccessful","accessKey":"cdWAYU5meFd1rax23PEp","userName":"nayankumar_Rp0sMa","event_properties":{"product":"[app-automate, observability]","buildName":"browserstack build","os":"Windows 11","languageVersion":"18.0.2.1","appiumVersion":"9.0.0","frameworkDetectionInstrumentation":{"parseLoadClass":6,"ret-org.openqa.selenium.remote.RemoteWebDriver":303,"retransformClasses":304,"parseDependencies":14},"language":"java","sdkRunId":"9af77382-1b74-4b70-a043-861ee1211f84","buildIdentifier":"#27","userFramework":"testng","testhub_uuid":"edtspeadbk3ub8rqpmwhooxpi6mxofdk4eg4tkf3","detectedAppiumVersion":"null","detectedDependencies":"testng","productMap":{"app_automate":true,"accessibility":false,"automate":false,"percy":false,"observability":true},"referrer":"testng-javaagent\/1.20.2","hostname":"DESKTOP-13RHPFK","measures":{"local:start":4915,"sdk:setup":10732,"local:stop":2219},"language_framework":"java_testng","detectedFramework":"testng","productUsage":{"testObservability":{"buildHashedId":"edtspeadbk3ub8rqpmwhooxpi6mxofdk4eg4tkf3","manuallySet":false,"enabled":true,"events":{"hookEvents":{"started":{"errors":[],"sentCount":1,"failedCount":0,"triggeredCount":1},"finished":{"triggeredCount":1,"failedCount":0,"errors":[],"sentCount":1},"failed":{"errors":[],"sentCount":1,"failedCount":0,"triggeredCount":1}},"logEvents":{"errors":[],"sentCount":12,"failedCount":0,"triggeredCount":12,"log":{"errors":[],"sentCount":12,"failedCount":0,"triggeredCount":12}},"testEvents":{"started":{"errors":[],"sentCount":4,"failedCount":0,"triggeredCount":4},"finished":{"triggeredCount":4,"failedCount":0,"errors":[],"sentCount":4},"skipped":{"errors":[],"sentCount":4,"failedCount":0,"triggeredCount":4}},"batchEvents":{"triggeredCount":2,"failedCount":0,"errors":[],"sentCount":2},"cbtSessionEvents":{"errors":[],"sentCount":0,"failedCount":0,"triggeredCount":0},"buildEvents":{"started":{"error":null,"status":"success","triggered":true},"finished":{"error":null,"status":"success","triggered":true}}}}},"detectedSeleniumVersion":"null","browserStackConfig":{"browserstackLocal":true,"percy":false,"logLevel":"info","staticWebDriver":true,"autoDetectFramework":true,"percyCaptureMode":"MANUAL","browserStackLocalOptions":{"localIdentifier":"06_Aug_1439_DESKTOP_13RHPFK_U6ot","key":"****"},"percyOptions":null,"testContextOptions":{"skipSessionStatus":false,"skipSessionName":false,"serenityOverridePlugin":false},"platforms":[{"capabilities":{"platformVersion":13.0,"platformName":"android","deviceName":"Samsung Galaxy S23"},"os":null,"osVersion":null,"browser":null,"browserVersion":null,"device":"Samsung Galaxy S23","platformCaps":{"platformVersion":13.0,"platformName":"android","deviceName":"Samsung Galaxy S23"},"platformString":"Samsung Galaxy S23, 13.0","customVariables":"****"}],"parallelsPerPlatform":1,"framework":"testng","accessibility":false,"accessibilityOptions":{},"turboScaleOptions":{},"disableAutoCaptureLogs":true,"testObservability":true,"browserstackAutomation":true,"turboScale":false,"testObservabilityOptions":{},"gradleMConfig":null,"proxySettings":null},"seleniumVersion":""}}
14:39:31.969 [Thread-0] DEBUG c.b.utils.FunnelInstrumentation - API Event SDKTestSuccessful response - {"message":"SDK Event recorded successfully"}
14:39:34.178 [Thread-0] DEBUG c.browserstack.utils.UtilityMethods - Browserstack Gradle-M Config File does not exist.
14:41:37.247 [main] DEBUG c.b.config.BrowserStackConfig - Cli Config passed - {}
14:41:37.545 [main] DEBUG c.b.logger.BrowserstackLoggerFactory - Log Level set to TRACE for logger com.browserstack
14:41:37.545 [main] DEBUG c.b.logger.BrowserstackLoggerFactory - Log Level set to INFO for logger stdoutPrinter
14:41:37.641 [main] DEBUG c.b.utils.FrameworkDetectionUtils - Java command - com.intellij.rt.testng.RemoteTestNGStarter -usedefaultlisteners false -socket51088 @w@C:\Users\Hp\AppData\Local\Temp\idea_working_dirs_testng.tmp -temp C:\Users\Hp\AppData\Local\Temp\idea_testng.tmp
14:41:37.641 [main] DEBUG c.b.utils.FrameworkDetectionUtils - Test classes detected: 
14:41:37.648 [main] DEBUG c.b.utils.FrameworkDetectionUtils - Runner: testng, Engine: none
14:41:37.663 [main] DEBUG c.b.utils.FrameworkDetectionUtils - Runner: testng, Engine: none from dependencies
14:41:37.663 [main] DEBUG c.b.utils.FrameworkDetectionUtils - Detected final framework as: testng
14:41:37.663 [main] DEBUG c.browserstack.BrowserStackJavaAgent - JavaAgent Version 1.20.2
14:41:37.665 [main] DEBUG c.b.utils.ExitSignalHandler - Registered handler for INT
14:41:37.665 [main] DEBUG c.b.utils.ExitSignalHandler - Registered handler for TERM
14:41:37.665 [main] DEBUG c.b.utils.ExitSignalHandler - Unable to attach signal handler for HUP Unknown signal: HUP
14:41:37.665 [main] DEBUG c.b.utils.ExitSignalHandler - Registered handler for ABRT
14:41:38.076 [Thread-1] DEBUG c.browserstack.utils.UtilityMethods - NEXT HUBS ARE: ["hub-aps.browserstack.com","hub-euw.browserstack.com","hub-apse.browserstack.com"]
14:41:38.376 [main] DEBUG c.browserstack.utils.UtilityMethods - EXECUTION TIME OF hub-aps.browserstack.com HUB IS: 299ms
14:41:39.294 [main] DEBUG c.browserstack.utils.UtilityMethods - EXECUTION TIME OF hub-euw.browserstack.com HUB IS: 915ms
14:41:40.245 [main] DEBUG c.browserstack.utils.UtilityMethods - EXECUTION TIME OF hub-apse.browserstack.com HUB IS: 950ms
14:41:40.248 [main] DEBUG c.browserstack.utils.UtilityMethods - NEAREST HUB ALLOCATED IS - hub-aps.browserstack.com
14:41:40.260 [main] DEBUG c.b.utils.FunnelInstrumentation - Sending funnel data for SDKTestAttempted with data: {"event_type":"SDKTestAttempted","accessKey":"cdWAYU5meFd1rax23PEp","userName":"nayankumar_Rp0sMa","event_properties":{"product":"[app-automate, observability]","buildName":"browserstack build","os":"Windows 11","languageVersion":"18.0.2.1","appiumVersion":"9.0.0","frameworkDetectionInstrumentation":{"parseLoadClass":5,"parseDependencies":15},"language":"java","sdkRunId":"83c02252-7520-482c-89b8-3839043a80ba","buildIdentifier":"#28","userFramework":"testng","testhub_uuid":"","detectedAppiumVersion":"null","detectedDependencies":"testng","productMap":{"app_automate":true,"accessibility":false,"automate":false,"percy":false,"observability":true},"referrer":"testng-javaagent\/1.20.2","hostname":"DESKTOP-13RHPFK","language_framework":"java_testng","detectedFramework":"testng","detectedSeleniumVersion":"null","seleniumVersion":""}}
14:41:40.677 [main] DEBUG c.b.utils.FunnelInstrumentation - API Event SDKTestAttempted response - {"message":"SDK Event recorded successfully"}
14:41:40.864 [main] DEBUG c.browserstack.testOps.RequestUtils - [ TESTHUB ] Processing Request Kind launchTestSession
14:41:40.864 [main] DEBUG c.browserstack.testOps.RequestUtils - [requestToTestOps] Sending Observability request: POST api/v2/builds with request size 1330
14:41:42.442 [main] DEBUG c.browserstack.testOps.RequestUtils - requestToTestOps: Response code: 200
14:41:42.443 [main] DEBUG com.browserstack.testOps.Listener - BROWSERSTACK_TESTHUB_UUID : g5g8kq1hx8ofbokyekvfxnub7ujujf8zvzdeplqb
14:41:42.443 [main] DEBUG com.browserstack.testOps.Listener - [ TESTHUB ] Build creation successfull
14:41:42.447 [main] DEBUG com.browserstack.LocalFactory - Starting BrowserStack Local with identifier 06_Aug_1441_DESKTOP_13RHPFK_2Kc8
14:41:47.676 [main] DEBUG c.b.t.XMLSuiteClassListener - Number of parallels - 1 and number of platforms - 1
14:41:47.962 [main] DEBUG com.browserstack.testOps.Listener - [ TESTHUB ] Processing Request Kind LogCreated
14:41:47.967 [main] DEBUG com.browserstack.testOps.Listener - [ TESTHUB ] Processing Request Kind LogCreated
14:41:47.971 [main] DEBUG com.browserstack.testOps.Listener - [ TESTHUB ] Processing Request Kind LogCreated
14:41:47.971 [main] DEBUG com.browserstack.testOps.Listener - [ TESTHUB ] Processing Request Kind LogCreated
14:41:47.971 [main] DEBUG com.browserstack.testOps.Listener - [ TESTHUB ] Processing Request Kind LogCreated
14:41:47.981 [main] DEBUG com.browserstack.testOps.Listener - [ TESTHUB ] Processing Request Kind LogCreated
14:41:47.982 [main] DEBUG com.browserstack.testOps.Listener - [ TESTHUB ] Processing Request Kind LogCreated
14:41:47.982 [main] DEBUG com.browserstack.testOps.Listener - [ TESTHUB ] Processing Request Kind LogCreated
14:41:47.982 [main] DEBUG com.browserstack.testOps.Listener - [ TESTHUB ] Processing Request Kind LogCreated
14:41:47.982 [main] DEBUG com.browserstack.testOps.Listener - [ TESTHUB ] Processing Request Kind LogCreated
14:41:47.990 [main] DEBUG com.browserstack.testOps.Listener - [ TESTHUB ] Processing Request Kind LogCreated
14:41:47.991 [main] DEBUG c.browserstack.utils.LogReportingAPI - [2024-08-06T09:11:47.991674700Z][ OBSERVABILITY ] Processing Logs patching stream
14:41:48.052 [configureAppium@0] DEBUG c.b.testNgListeners.TestNGUtils - [populateTestDataForBSTestOps] Event Type :: HookRunStarted, Method ClassName :: testBaseUtils.WFlashBeforeEachTestAndroid 
14:41:48.052 [configureAppium@0] DEBUG c.browserstack.utils.UtilityMethods - [findFileMatcher] Current Path is :: C:\Users\Hp\Documents\IntelliJ Projects\AppiumPOMProject, TestClass :: testBaseUtils\WFlashBeforeEachTestAndroid
14:41:48.067 [configureAppium@0] DEBUG c.b.testNgListeners.TestNGUtils - [populateTestDataForBSTestOps] The filename fetched :: C:\Users\Hp\Documents\IntelliJ Projects\AppiumPOMProject\src\test\java\testBaseUtils\WFlashBeforeEachTestAndroid.java, fileSeparator :: \, AbsolutePath :: C:\Users\Hp\Documents\IntelliJ Projects\AppiumPOMProject\., Normalized Path :: C:\Users\Hp\Documents\IntelliJ Projects\AppiumPOMProject, File.Separator :: \
14:41:48.067 [configureAppium@0] DEBUG c.b.testNgListeners.TestNGUtils - [populateTestDataForBSTestOps] Replaced File Name is :: AppiumPOMProject\src\test\java\testBaseUtils\WFlashBeforeEachTestAndroid.java, Absolute Path :: C:\Users\Hp\Documents\IntelliJ Projects\AppiumPOMProject\.., Normalized Path :: C:\Users\Hp\Documents\IntelliJ Projects 
14:41:48.070 [configureAppium@0] DEBUG com.browserstack.testOps.Listener - [ TESTHUB ] Processing Request Kind HookRunStarted
14:41:49.980 [pool-4-thread-1] DEBUG c.browserstack.utils.RequestBatcher - Time Since Last Batch Processed 1722935509980

14:41:49.983 [pool-5-thread-1] DEBUG c.browserstack.utils.RequestBatcher - Processing Batch 12

14:41:49.983 [pool-5-thread-1] DEBUG c.browserstack.testOps.RequestUtils - [requestToTestOps] Sending Observability request: POST api/v1/batch with request size 3436
14:41:50.248 [pool-5-thread-1] DEBUG c.browserstack.testOps.RequestUtils - requestToTestOps: Response code: 200
14:41:50.249 [pool-5-thread-1] DEBUG c.browserstack.utils.LogReportingAPI - 
[2024-08-06T09:11:50.249323800Z][ TESTHUB ] Batch event successfull!

14:41:53.972 [pool-4-thread-1] DEBUG c.browserstack.utils.RequestBatcher - Time Since Last Batch Processed 3991

14:41:57.981 [pool-4-thread-1] DEBUG c.browserstack.utils.RequestBatcher - Time Since Last Batch Processed 4009

14:42:01.981 [pool-4-thread-1] DEBUG c.browserstack.utils.RequestBatcher - Time Since Last Batch Processed 4000

14:42:05.970 [pool-4-thread-1] DEBUG c.browserstack.utils.RequestBatcher - Time Since Last Batch Processed 3989

14:42:07.979 [pool-4-thread-1] DEBUG c.browserstack.utils.RequestBatcher - Time Since Last Batch Processed 2009

14:42:08.146 [AppiumPOMProject-0@0] DEBUG c.b.testNgListeners.TestNGUtils - [populateTestDataForBSTestOps] Event Type :: TestRunStarted, Test ClassName :: GroupID.FlashTestClass
14:42:08.146 [AppiumPOMProject-0@0] DEBUG c.browserstack.utils.UtilityMethods - [findFileMatcher] Current Path is :: C:\Users\Hp\Documents\IntelliJ Projects\AppiumPOMProject, TestClass :: GroupID\FlashObjectOptimised
14:42:08.154 [AppiumPOMProject-0@0] DEBUG c.b.testNgListeners.TestNGUtils - [populateTestDataForBSTestOps] The filename fetched :: C:\Users\Hp\Documents\IntelliJ Projects\AppiumPOMProject\src\test\java\GroupID\FlashObjectOptimised.java, fileSeparator :: \, AbsolutePath :: C:\Users\Hp\Documents\IntelliJ Projects\AppiumPOMProject\., Normalized Path :: C:\Users\Hp\Documents\IntelliJ Projects\AppiumPOMProject, File.Separator :: \
14:42:08.154 [AppiumPOMProject-0@0] DEBUG c.b.testNgListeners.TestNGUtils - [populateTestDataForBSTestOps] Replaced File Name is :: AppiumPOMProject\src\test\java\GroupID\FlashObjectOptimised.java, Absolute Path :: C:\Users\Hp\Documents\IntelliJ Projects\AppiumPOMProject\.., Normalized Path :: C:\Users\Hp\Documents\IntelliJ Projects 
14:42:08.160 [AppiumPOMProject-0@0] DEBUG com.browserstack.testOps.Listener - [ TESTHUB ] Processing Request Kind TestRunStarted
14:42:08.162 [AppiumTest1@0] DEBUG c.b.testNgListeners.TestNGUtils - [populateTestDataForBSTestOps] Event Type :: HookRunFinished, Method ClassName :: testBaseUtils.WFlashBeforeEachTestAndroid 
14:42:08.162 [AppiumTest1@0] DEBUG c.browserstack.utils.UtilityMethods - [findFileMatcher] Current Path is :: C:\Users\Hp\Documents\IntelliJ Projects\AppiumPOMProject, TestClass :: testBaseUtils\WFlashBeforeEachTestAndroid
14:42:08.168 [AppiumTest1@0] DEBUG c.b.testNgListeners.TestNGUtils - [populateTestDataForBSTestOps] The filename fetched :: C:\Users\Hp\Documents\IntelliJ Projects\AppiumPOMProject\src\test\java\testBaseUtils\WFlashBeforeEachTestAndroid.java, fileSeparator :: \, AbsolutePath :: C:\Users\Hp\Documents\IntelliJ Projects\AppiumPOMProject\., Normalized Path :: C:\Users\Hp\Documents\IntelliJ Projects\AppiumPOMProject, File.Separator :: \
14:42:08.169 [AppiumTest1@0] DEBUG c.b.testNgListeners.TestNGUtils - [populateTestDataForBSTestOps] Replaced File Name is :: AppiumPOMProject\src\test\java\testBaseUtils\WFlashBeforeEachTestAndroid.java, Absolute Path :: C:\Users\Hp\Documents\IntelliJ Projects\AppiumPOMProject\.., Normalized Path :: C:\Users\Hp\Documents\IntelliJ Projects 
14:42:08.170 [AppiumTest1@0] DEBUG com.browserstack.testOps.Listener - [ TESTHUB ] Processing Request Kind HookRunFinished
14:42:08.170 [AppiumTest1@0] DEBUG c.b.testNgListeners.TestNGUtils - [populateTestDataForBSTestOps] Event Type :: TestRunSkipped, Test ClassName :: GroupID.FlashTestClass
14:42:08.170 [AppiumTest1@0] DEBUG c.browserstack.utils.UtilityMethods - [findFileMatcher] Current Path is :: C:\Users\Hp\Documents\IntelliJ Projects\AppiumPOMProject, TestClass :: GroupID\FlashObjectOptimised
14:42:08.177 [AppiumTest1@0] DEBUG c.b.testNgListeners.TestNGUtils - [populateTestDataForBSTestOps] The filename fetched :: C:\Users\Hp\Documents\IntelliJ Projects\AppiumPOMProject\src\test\java\GroupID\FlashObjectOptimised.java, fileSeparator :: \, AbsolutePath :: C:\Users\Hp\Documents\IntelliJ Projects\AppiumPOMProject\., Normalized Path :: C:\Users\Hp\Documents\IntelliJ Projects\AppiumPOMProject, File.Separator :: \
14:42:08.177 [AppiumTest1@0] DEBUG c.b.testNgListeners.TestNGUtils - [populateTestDataForBSTestOps] Replaced File Name is :: AppiumPOMProject\src\test\java\GroupID\FlashObjectOptimised.java, Absolute Path :: C:\Users\Hp\Documents\IntelliJ Projects\AppiumPOMProject\.., Normalized Path :: C:\Users\Hp\Documents\IntelliJ Projects 
14:42:08.180 [AppiumTest1@0] DEBUG com.browserstack.testOps.Listener - [ TESTHUB ] Processing Request Kind TestRunFinished
14:42:08.180 [AppiumTest1@0] DEBUG c.browserstack.utils.LogReportingAPI - sendSync failed - driver not found
14:42:08.183 [AppiumPOMProject-0@0] DEBUG c.b.testNgListeners.TestNGUtils - [populateTestDataForBSTestOps] Event Type :: TestRunStarted, Test ClassName :: GroupID.FlashTestClass
14:42:08.184 [AppiumPOMProject-0@0] DEBUG c.browserstack.utils.UtilityMethods - [findFileMatcher] Current Path is :: C:\Users\Hp\Documents\IntelliJ Projects\AppiumPOMProject, TestClass :: GroupID\FlashObjectOptimised
14:42:08.190 [AppiumPOMProject-0@0] DEBUG c.b.testNgListeners.TestNGUtils - [populateTestDataForBSTestOps] The filename fetched :: C:\Users\Hp\Documents\IntelliJ Projects\AppiumPOMProject\src\test\java\GroupID\FlashObjectOptimised.java, fileSeparator :: \, AbsolutePath :: C:\Users\Hp\Documents\IntelliJ Projects\AppiumPOMProject\., Normalized Path :: C:\Users\Hp\Documents\IntelliJ Projects\AppiumPOMProject, File.Separator :: \
14:42:08.190 [AppiumPOMProject-0@0] DEBUG c.b.testNgListeners.TestNGUtils - [populateTestDataForBSTestOps] Replaced File Name is :: AppiumPOMProject\src\test\java\GroupID\FlashObjectOptimised.java, Absolute Path :: C:\Users\Hp\Documents\IntelliJ Projects\AppiumPOMProject\.., Normalized Path :: C:\Users\Hp\Documents\IntelliJ Projects 
14:42:08.193 [AppiumPOMProject-0@0] DEBUG com.browserstack.testOps.Listener - [ TESTHUB ] Processing Request Kind TestRunStarted
14:42:08.194 [AppiumTest1@0] DEBUG c.b.testNgListeners.TestNGUtils - [populateTestDataForBSTestOps] Event Type :: TestRunSkipped, Test ClassName :: GroupID.FlashTestClass
14:42:08.194 [AppiumTest1@0] DEBUG c.browserstack.utils.UtilityMethods - [findFileMatcher] Current Path is :: C:\Users\Hp\Documents\IntelliJ Projects\AppiumPOMProject, TestClass :: GroupID\FlashObjectOptimised
14:42:08.200 [AppiumTest1@0] DEBUG c.b.testNgListeners.TestNGUtils - [populateTestDataForBSTestOps] The filename fetched :: C:\Users\Hp\Documents\IntelliJ Projects\AppiumPOMProject\src\test\java\GroupID\FlashObjectOptimised.java, fileSeparator :: \, AbsolutePath :: C:\Users\Hp\Documents\IntelliJ Projects\AppiumPOMProject\., Normalized Path :: C:\Users\Hp\Documents\IntelliJ Projects\AppiumPOMProject, File.Separator :: \
14:42:08.200 [AppiumTest1@0] DEBUG c.b.testNgListeners.TestNGUtils - [populateTestDataForBSTestOps] Replaced File Name is :: AppiumPOMProject\src\test\java\GroupID\FlashObjectOptimised.java, Absolute Path :: C:\Users\Hp\Documents\IntelliJ Projects\AppiumPOMProject\.., Normalized Path :: C:\Users\Hp\Documents\IntelliJ Projects 
14:42:08.204 [AppiumTest1@0] DEBUG com.browserstack.testOps.Listener - [ TESTHUB ] Processing Request Kind TestRunFinished
14:42:08.204 [AppiumTest1@0] DEBUG c.browserstack.utils.LogReportingAPI - sendSync failed - driver not found
14:42:08.206 [AppiumPOMProject-0@0] DEBUG c.b.testNgListeners.TestNGUtils - [populateTestDataForBSTestOps] Event Type :: TestRunStarted, Test ClassName :: GroupID.FlashTestClass
14:42:08.206 [AppiumPOMProject-0@0] DEBUG c.browserstack.utils.UtilityMethods - [findFileMatcher] Current Path is :: C:\Users\Hp\Documents\IntelliJ Projects\AppiumPOMProject, TestClass :: GroupID\FlashObjectOptimised
14:42:08.213 [AppiumPOMProject-0@0] DEBUG c.b.testNgListeners.TestNGUtils - [populateTestDataForBSTestOps] The filename fetched :: C:\Users\Hp\Documents\IntelliJ Projects\AppiumPOMProject\src\test\java\GroupID\FlashObjectOptimised.java, fileSeparator :: \, AbsolutePath :: C:\Users\Hp\Documents\IntelliJ Projects\AppiumPOMProject\., Normalized Path :: C:\Users\Hp\Documents\IntelliJ Projects\AppiumPOMProject, File.Separator :: \
14:42:08.213 [AppiumPOMProject-0@0] DEBUG c.b.testNgListeners.TestNGUtils - [populateTestDataForBSTestOps] Replaced File Name is :: AppiumPOMProject\src\test\java\GroupID\FlashObjectOptimised.java, Absolute Path :: C:\Users\Hp\Documents\IntelliJ Projects\AppiumPOMProject\.., Normalized Path :: C:\Users\Hp\Documents\IntelliJ Projects 
14:42:08.217 [AppiumPOMProject-0@0] DEBUG com.browserstack.testOps.Listener - [ TESTHUB ] Processing Request Kind TestRunStarted
14:42:08.218 [AppiumTest1@0] DEBUG c.b.testNgListeners.TestNGUtils - [populateTestDataForBSTestOps] Event Type :: TestRunSkipped, Test ClassName :: GroupID.FlashTestClass
14:42:08.220 [AppiumTest1@0] DEBUG c.browserstack.utils.UtilityMethods - [findFileMatcher] Current Path is :: C:\Users\Hp\Documents\IntelliJ Projects\AppiumPOMProject, TestClass :: GroupID\FlashObjectOptimised
14:42:08.228 [AppiumTest1@0] DEBUG c.b.testNgListeners.TestNGUtils - [populateTestDataForBSTestOps] The filename fetched :: C:\Users\Hp\Documents\IntelliJ Projects\AppiumPOMProject\src\test\java\GroupID\FlashObjectOptimised.java, fileSeparator :: \, AbsolutePath :: C:\Users\Hp\Documents\IntelliJ Projects\AppiumPOMProject\., Normalized Path :: C:\Users\Hp\Documents\IntelliJ Projects\AppiumPOMProject, File.Separator :: \
14:42:08.228 [AppiumTest1@0] DEBUG c.b.testNgListeners.TestNGUtils - [populateTestDataForBSTestOps] Replaced File Name is :: AppiumPOMProject\src\test\java\GroupID\FlashObjectOptimised.java, Absolute Path :: C:\Users\Hp\Documents\IntelliJ Projects\AppiumPOMProject\.., Normalized Path :: C:\Users\Hp\Documents\IntelliJ Projects 
14:42:08.232 [AppiumTest1@0] DEBUG com.browserstack.testOps.Listener - [ TESTHUB ] Processing Request Kind TestRunFinished
14:42:08.232 [AppiumTest1@0] DEBUG c.browserstack.utils.LogReportingAPI - sendSync failed - driver not found
14:42:08.235 [AppiumPOMProject-0@0] DEBUG c.b.testNgListeners.TestNGUtils - [populateTestDataForBSTestOps] Event Type :: TestRunStarted, Test ClassName :: GroupID.FlashTestClass
14:42:08.235 [AppiumPOMProject-0@0] DEBUG c.browserstack.utils.UtilityMethods - [findFileMatcher] Current Path is :: C:\Users\Hp\Documents\IntelliJ Projects\AppiumPOMProject, TestClass :: GroupID\FlashObjectOptimised
14:42:08.243 [AppiumPOMProject-0@0] DEBUG c.b.testNgListeners.TestNGUtils - [populateTestDataForBSTestOps] The filename fetched :: C:\Users\Hp\Documents\IntelliJ Projects\AppiumPOMProject\src\test\java\GroupID\FlashObjectOptimised.java, fileSeparator :: \, AbsolutePath :: C:\Users\Hp\Documents\IntelliJ Projects\AppiumPOMProject\., Normalized Path :: C:\Users\Hp\Documents\IntelliJ Projects\AppiumPOMProject, File.Separator :: \
14:42:08.243 [AppiumPOMProject-0@0] DEBUG c.b.testNgListeners.TestNGUtils - [populateTestDataForBSTestOps] Replaced File Name is :: AppiumPOMProject\src\test\java\GroupID\FlashObjectOptimised.java, Absolute Path :: C:\Users\Hp\Documents\IntelliJ Projects\AppiumPOMProject\.., Normalized Path :: C:\Users\Hp\Documents\IntelliJ Projects 
14:42:08.247 [AppiumPOMProject-0@0] DEBUG com.browserstack.testOps.Listener - [ TESTHUB ] Processing Request Kind TestRunStarted
14:42:08.248 [AppiumTest1@0] DEBUG c.b.testNgListeners.TestNGUtils - [populateTestDataForBSTestOps] Event Type :: TestRunSkipped, Test ClassName :: GroupID.FlashTestClass
14:42:08.248 [AppiumTest1@0] DEBUG c.browserstack.utils.UtilityMethods - [findFileMatcher] Current Path is :: C:\Users\Hp\Documents\IntelliJ Projects\AppiumPOMProject, TestClass :: GroupID\FlashObjectOptimised
14:42:08.256 [AppiumTest1@0] DEBUG c.b.testNgListeners.TestNGUtils - [populateTestDataForBSTestOps] The filename fetched :: C:\Users\Hp\Documents\IntelliJ Projects\AppiumPOMProject\src\test\java\GroupID\FlashObjectOptimised.java, fileSeparator :: \, AbsolutePath :: C:\Users\Hp\Documents\IntelliJ Projects\AppiumPOMProject\., Normalized Path :: C:\Users\Hp\Documents\IntelliJ Projects\AppiumPOMProject, File.Separator :: \
14:42:08.256 [AppiumTest1@0] DEBUG c.b.testNgListeners.TestNGUtils - [populateTestDataForBSTestOps] Replaced File Name is :: AppiumPOMProject\src\test\java\GroupID\FlashObjectOptimised.java, Absolute Path :: C:\Users\Hp\Documents\IntelliJ Projects\AppiumPOMProject\.., Normalized Path :: C:\Users\Hp\Documents\IntelliJ Projects 
14:42:08.258 [AppiumTest1@0] DEBUG com.browserstack.testOps.Listener - [ TESTHUB ] Processing Request Kind TestRunFinished
14:42:08.258 [AppiumTest1@0] DEBUG c.browserstack.utils.LogReportingAPI - sendSync failed - driver not found
14:42:08.265 [main] DEBUG com.browserstack.testOps.Listener - [ TESTHUB ] Processing Request Kind LogCreated
14:42:08.266 [Thread-0] DEBUG c.browserstack.BrowserStackJavaAgent - Starting final execution
14:42:08.266 [Thread-0] DEBUG c.b.u.ObservabilityUtilityMethods - Processing batch requests with type: Global
14:42:08.267 [Thread-0] DEBUG c.browserstack.utils.LogReportingAPI - [2024-08-06T09:12:08.267367600Z][ OBSERVABILITY ] Processing stop observability
14:42:08.268 [pool-5-thread-1] DEBUG c.browserstack.utils.RequestBatcher - Processing Batch 10

14:42:08.270 [pool-5-thread-1] DEBUG c.browserstack.testOps.RequestUtils - [requestToTestOps] Sending Observability request: POST api/v1/batch with request size 42374
14:42:08.783 [pool-5-thread-1] DEBUG c.browserstack.testOps.RequestUtils - requestToTestOps: Response code: 200
14:42:08.784 [pool-5-thread-1] DEBUG c.browserstack.utils.LogReportingAPI - 
[2024-08-06T09:12:08.784837500Z][ TESTHUB ] Batch event successfull!

14:42:08.784 [Thread-0] DEBUG c.browserstack.testOps.RequestUtils - [ TESTHUB ] Processing Request Kind stopBuildUpstream
14:42:08.785 [Thread-0] DEBUG c.browserstack.testOps.RequestUtils - [requestToTestOps] Sending Observability request: PUT api/v1/builds/g5g8kq1hx8ofbokyekvfxnub7ujujf8zvzdeplqb/stop with request size 65
14:42:09.060 [Thread-0] DEBUG c.browserstack.testOps.RequestUtils - requestToTestOps: Response code: 200
14:42:09.060 [Thread-0] DEBUG com.browserstack.testOps.Listener - Testhub stop response: 
14:42:11.248 [Thread-0] DEBUG com.browserstack.testOps.UsageStats - getFormattedData: Collecting data for TestObservability
14:42:11.248 [Thread-0] DEBUG com.browserstack.testOps.UsageStats - getEventStats: Getting event data for TestObservability
14:42:11.252 [Thread-0] DEBUG com.browserstack.testOps.UsageStats - [OBSERVABILITY] Failed to parse data from workers
14:42:11.314 [Thread-0] DEBUG c.b.utils.FunnelInstrumentation - Sending funnel data for SDKTestSuccessful with data: {"event_type":"SDKTestSuccessful","accessKey":"cdWAYU5meFd1rax23PEp","userName":"nayankumar_Rp0sMa","event_properties":{"product":"[app-automate, observability]","buildName":"browserstack build","os":"Windows 11","languageVersion":"18.0.2.1","appiumVersion":"9.0.0","frameworkDetectionInstrumentation":{"parseLoadClass":5,"ret-org.openqa.selenium.remote.RemoteWebDriver":277,"retransformClasses":278,"parseDependencies":15},"language":"java","sdkRunId":"83c02252-7520-482c-89b8-3839043a80ba","buildIdentifier":"#28","userFramework":"testng","testhub_uuid":"g5g8kq1hx8ofbokyekvfxnub7ujujf8zvzdeplqb","detectedAppiumVersion":"null","detectedDependencies":"testng","productMap":{"app_automate":true,"accessibility":false,"automate":false,"percy":false,"observability":true},"referrer":"testng-javaagent\/1.20.2","hostname":"DESKTOP-13RHPFK","measures":{"local:start":4770,"sdk:setup":10288,"local:stop":2186},"language_framework":"java_testng","detectedFramework":"testng","productUsage":{"testObservability":{"buildHashedId":"g5g8kq1hx8ofbokyekvfxnub7ujujf8zvzdeplqb","manuallySet":false,"enabled":true,"events":{"hookEvents":{"started":{"errors":[],"triggeredCount":1,"failedCount":0,"sentCount":1},"finished":{"triggeredCount":1,"failedCount":0,"errors":[],"sentCount":1},"failed":{"errors":[],"triggeredCount":1,"failedCount":0,"sentCount":1}},"logEvents":{"errors":[],"triggeredCount":12,"failedCount":0,"sentCount":12,"log":{"errors":[],"triggeredCount":12,"failedCount":0,"sentCount":12}},"testEvents":{"started":{"errors":[],"triggeredCount":4,"failedCount":0,"sentCount":4},"finished":{"triggeredCount":4,"failedCount":0,"errors":[],"sentCount":4},"skipped":{"errors":[],"triggeredCount":4,"failedCount":0,"sentCount":4}},"batchEvents":{"triggeredCount":2,"failedCount":0,"errors":[],"sentCount":2},"cbtSessionEvents":{"errors":[],"triggeredCount":0,"failedCount":0,"sentCount":0},"buildEvents":{"started":{"error":null,"status":"success","triggered":true},"finished":{"error":null,"status":"success","triggered":true}}}}},"detectedSeleniumVersion":"null","browserStackConfig":{"browserstackLocal":true,"percy":false,"logLevel":"info","staticWebDriver":true,"autoDetectFramework":true,"percyCaptureMode":"MANUAL","browserStackLocalOptions":{"localIdentifier":"06_Aug_1441_DESKTOP_13RHPFK_2Kc8","key":"****"},"percyOptions":null,"testContextOptions":{"skipSessionStatus":false,"skipSessionName":false,"serenityOverridePlugin":false},"platforms":[{"capabilities":{"platformVersion":13.0,"platformName":"android","deviceName":"Samsung Galaxy S23"},"browser":null,"browserVersion":null,"os":null,"osVersion":null,"device":"Samsung Galaxy S23","platformCaps":{"platformVersion":13.0,"platformName":"android","deviceName":"Samsung Galaxy S23"},"platformString":"Samsung Galaxy S23, 13.0","customVariables":"****"}],"parallelsPerPlatform":1,"framework":"testng","accessibility":false,"accessibilityOptions":{},"turboScaleOptions":{},"disableAutoCaptureLogs":true,"testObservability":true,"browserstackAutomation":true,"turboScale":false,"testObservabilityOptions":{},"gradleMConfig":null,"proxySettings":null},"seleniumVersion":""}}
14:42:11.646 [Thread-0] DEBUG c.b.utils.FunnelInstrumentation - API Event SDKTestSuccessful response - {"message":"SDK Event recorded successfully"}
14:42:13.704 [Thread-0] DEBUG c.browserstack.utils.UtilityMethods - Browserstack Gradle-M Config File does not exist.
14:50:50.118 [main] DEBUG c.b.config.BrowserStackConfig - Cli Config passed - {}
14:50:50.476 [main] DEBUG c.b.logger.BrowserstackLoggerFactory - Log Level set to TRACE for logger com.browserstack
14:50:50.476 [main] DEBUG c.b.logger.BrowserstackLoggerFactory - Log Level set to INFO for logger stdoutPrinter
14:50:50.607 [main] DEBUG c.b.utils.FrameworkDetectionUtils - Java command - com.intellij.rt.testng.RemoteTestNGStarter -usedefaultlisteners false -socket52439 @w@C:\Users\Hp\AppData\Local\Temp\idea_working_dirs_testng.tmp -temp C:\Users\Hp\AppData\Local\Temp\idea_testng.tmp
14:50:50.607 [main] DEBUG c.b.utils.FrameworkDetectionUtils - Test classes detected: 
14:50:50.615 [main] DEBUG c.b.utils.FrameworkDetectionUtils - Runner: testng, Engine: none
14:50:50.634 [main] DEBUG c.b.utils.FrameworkDetectionUtils - Runner: testng, Engine: none from dependencies
14:50:50.634 [main] DEBUG c.b.utils.FrameworkDetectionUtils - Detected final framework as: testng
14:50:50.634 [main] DEBUG c.browserstack.BrowserStackJavaAgent - JavaAgent Version 1.20.2
14:50:50.637 [main] DEBUG c.b.utils.ExitSignalHandler - Registered handler for INT
14:50:50.637 [main] DEBUG c.b.utils.ExitSignalHandler - Registered handler for TERM
14:50:50.637 [main] DEBUG c.b.utils.ExitSignalHandler - Unable to attach signal handler for HUP Unknown signal: HUP
14:50:50.637 [main] DEBUG c.b.utils.ExitSignalHandler - Registered handler for ABRT
14:50:51.036 [Thread-1] DEBUG c.browserstack.utils.UtilityMethods - NEXT HUBS ARE: ["hub-aps.browserstack.com","hub-euw.browserstack.com","hub-apse.browserstack.com"]
14:50:51.336 [main] DEBUG c.browserstack.utils.UtilityMethods - EXECUTION TIME OF hub-aps.browserstack.com HUB IS: 298ms
14:50:52.236 [main] DEBUG c.browserstack.utils.UtilityMethods - EXECUTION TIME OF hub-euw.browserstack.com HUB IS: 897ms
14:50:53.281 [main] DEBUG c.browserstack.utils.UtilityMethods - EXECUTION TIME OF hub-apse.browserstack.com HUB IS: 1044ms
14:50:53.282 [main] DEBUG c.browserstack.utils.UtilityMethods - NEAREST HUB ALLOCATED IS - hub-aps.browserstack.com
14:50:53.293 [main] DEBUG c.b.utils.FunnelInstrumentation - Sending funnel data for SDKTestAttempted with data: {"event_type":"SDKTestAttempted","accessKey":"cdWAYU5meFd1rax23PEp","userName":"nayankumar_Rp0sMa","event_properties":{"product":"[app-automate, observability]","buildName":"browserstack build","os":"Windows 11","languageVersion":"18.0.2.1","appiumVersion":"9.2.2","frameworkDetectionInstrumentation":{"parseLoadClass":7,"parseDependencies":19},"language":"java","sdkRunId":"eefe23e5-d98a-4d60-9b2c-92df788b6889","buildIdentifier":"#29","userFramework":"testng","testhub_uuid":"","detectedAppiumVersion":"null","detectedDependencies":"testng","productMap":{"app_automate":true,"accessibility":false,"automate":false,"percy":false,"observability":true},"referrer":"testng-javaagent\/1.20.2","hostname":"DESKTOP-13RHPFK","language_framework":"java_testng","detectedFramework":"testng","detectedSeleniumVersion":"null","seleniumVersion":""}}
14:50:53.680 [main] DEBUG c.b.utils.FunnelInstrumentation - API Event SDKTestAttempted response - {"message":"SDK Event recorded successfully"}
14:50:53.937 [main] DEBUG c.browserstack.testOps.RequestUtils - [ TESTHUB ] Processing Request Kind launchTestSession
14:50:53.938 [main] DEBUG c.browserstack.testOps.RequestUtils - [requestToTestOps] Sending Observability request: POST api/v2/builds with request size 1331
14:50:55.481 [main] DEBUG c.browserstack.testOps.RequestUtils - requestToTestOps: Response code: 200
14:50:55.482 [main] DEBUG com.browserstack.testOps.Listener - BROWSERSTACK_TESTHUB_UUID : diiwubwl6aywmvxxjjtobkdlv1wgt5986y3wu8rl
14:50:55.482 [main] DEBUG com.browserstack.testOps.Listener - [ TESTHUB ] Build creation successfull
14:50:55.485 [main] DEBUG com.browserstack.LocalFactory - Starting BrowserStack Local with identifier 06_Aug_1450_DESKTOP_13RHPFK_jcda
14:51:01.655 [main] DEBUG c.b.t.XMLSuiteClassListener - Number of parallels - 1 and number of platforms - 1
14:51:01.882 [main] DEBUG com.browserstack.testOps.Listener - [ TESTHUB ] Processing Request Kind LogCreated
14:51:01.885 [main] DEBUG com.browserstack.testOps.Listener - [ TESTHUB ] Processing Request Kind LogCreated
14:51:01.887 [main] DEBUG com.browserstack.testOps.Listener - [ TESTHUB ] Processing Request Kind LogCreated
14:51:01.887 [main] DEBUG com.browserstack.testOps.Listener - [ TESTHUB ] Processing Request Kind LogCreated
14:51:01.887 [main] DEBUG com.browserstack.testOps.Listener - [ TESTHUB ] Processing Request Kind LogCreated
14:51:01.895 [main] DEBUG com.browserstack.testOps.Listener - [ TESTHUB ] Processing Request Kind LogCreated
14:51:01.896 [main] DEBUG com.browserstack.testOps.Listener - [ TESTHUB ] Processing Request Kind LogCreated
14:51:01.896 [main] DEBUG com.browserstack.testOps.Listener - [ TESTHUB ] Processing Request Kind LogCreated
14:51:01.896 [main] DEBUG com.browserstack.testOps.Listener - [ TESTHUB ] Processing Request Kind LogCreated
14:51:01.896 [main] DEBUG com.browserstack.testOps.Listener - [ TESTHUB ] Processing Request Kind LogCreated
14:51:01.903 [main] DEBUG com.browserstack.testOps.Listener - [ TESTHUB ] Processing Request Kind LogCreated
14:51:01.903 [main] DEBUG c.browserstack.utils.LogReportingAPI - [2024-08-06T09:21:01.903872300Z][ OBSERVABILITY ] Processing Logs patching stream
14:51:01.946 [configureAppium@0] DEBUG c.b.testNgListeners.TestNGUtils - [populateTestDataForBSTestOps] Event Type :: HookRunStarted, Method ClassName :: testBaseUtils.WFlashBeforeEachTestAndroid 
14:51:01.947 [configureAppium@0] DEBUG c.browserstack.utils.UtilityMethods - [findFileMatcher] Current Path is :: C:\Users\Hp\Documents\IntelliJ Projects\AppiumPOMProject, TestClass :: testBaseUtils\WFlashBeforeEachTestAndroid
14:51:01.961 [configureAppium@0] DEBUG c.b.testNgListeners.TestNGUtils - [populateTestDataForBSTestOps] The filename fetched :: C:\Users\Hp\Documents\IntelliJ Projects\AppiumPOMProject\src\test\java\testBaseUtils\WFlashBeforeEachTestAndroid.java, fileSeparator :: \, AbsolutePath :: C:\Users\Hp\Documents\IntelliJ Projects\AppiumPOMProject\., Normalized Path :: C:\Users\Hp\Documents\IntelliJ Projects\AppiumPOMProject, File.Separator :: \
14:51:01.961 [configureAppium@0] DEBUG c.b.testNgListeners.TestNGUtils - [populateTestDataForBSTestOps] Replaced File Name is :: AppiumPOMProject\src\test\java\testBaseUtils\WFlashBeforeEachTestAndroid.java, Absolute Path :: C:\Users\Hp\Documents\IntelliJ Projects\AppiumPOMProject\.., Normalized Path :: C:\Users\Hp\Documents\IntelliJ Projects 
14:51:01.964 [configureAppium@0] DEBUG com.browserstack.testOps.Listener - [ TESTHUB ] Processing Request Kind HookRunStarted
14:51:03.894 [pool-4-thread-1] DEBUG c.browserstack.utils.RequestBatcher - Time Since Last Batch Processed 1722936063894

14:51:03.896 [pool-5-thread-1] DEBUG c.browserstack.utils.RequestBatcher - Processing Batch 12

14:51:03.897 [pool-5-thread-1] DEBUG c.browserstack.testOps.RequestUtils - [requestToTestOps] Sending Observability request: POST api/v1/batch with request size 3436
14:51:04.244 [pool-5-thread-1] DEBUG c.browserstack.testOps.RequestUtils - requestToTestOps: Response code: 200
14:51:04.245 [pool-5-thread-1] DEBUG c.browserstack.utils.LogReportingAPI - 
[2024-08-06T09:21:04.245921300Z][ TESTHUB ] Batch event successfull!

14:51:05.258 [configureAppium@0] DEBUG c.browserstack.utils.UtilityMethods - [Patch]: SDK enabled, patching remote server
14:51:05.260 [configureAppium@0] DEBUG c.b.selenium.SeleniumHandler - beforeDriverInit: SDK enabled. Thread ID: 43
14:51:05.264 [configureAppium@0] DEBUG c.browserstack.utils.UtilityMethods - [Patch]: SDK enabled, patching remote server
14:51:05.898 [pool-4-thread-1] DEBUG c.browserstack.utils.RequestBatcher - Time Since Last Batch Processed 2003

14:51:09.885 [pool-4-thread-1] DEBUG c.browserstack.utils.RequestBatcher - Time Since Last Batch Processed 3987

14:51:11.891 [pool-4-thread-1] DEBUG c.browserstack.utils.RequestBatcher - Time Since Last Batch Processed 2006

14:51:15.891 [pool-4-thread-1] DEBUG c.browserstack.utils.RequestBatcher - Time Since Last Batch Processed 4000

14:51:17.893 [pool-4-thread-1] DEBUG c.browserstack.utils.RequestBatcher - Time Since Last Batch Processed 2002

14:51:19.895 [pool-4-thread-1] DEBUG c.browserstack.utils.RequestBatcher - Time Since Last Batch Processed 2002

14:51:23.886 [pool-4-thread-1] DEBUG c.browserstack.utils.RequestBatcher - Time Since Last Batch Processed 3991

14:51:27.893 [pool-4-thread-1] DEBUG c.browserstack.utils.RequestBatcher - Time Since Last Batch Processed 4007

14:51:31.898 [pool-4-thread-1] DEBUG c.browserstack.utils.RequestBatcher - Time Since Last Batch Processed 4005

14:51:35.897 [pool-4-thread-1] DEBUG c.browserstack.utils.RequestBatcher - Time Since Last Batch Processed 3999

14:51:39.895 [pool-4-thread-1] DEBUG c.browserstack.utils.RequestBatcher - Time Since Last Batch Processed 3998

14:51:43.885 [pool-4-thread-1] DEBUG c.browserstack.utils.RequestBatcher - Time Since Last Batch Processed 3990

14:51:45.896 [pool-4-thread-1] DEBUG c.browserstack.utils.RequestBatcher - Time Since Last Batch Processed 2011

14:51:49.892 [pool-4-thread-1] DEBUG c.browserstack.utils.RequestBatcher - Time Since Last Batch Processed 3996

14:51:50.986 [configureAppium@0] DEBUG c.b.selenium.SeleniumHandler - afterDriverInit: requested
14:51:51.015 [configureAppium@0] DEBUG c.b.utils.SeleniumMethodUtils - getURLFromCommandExecutor: Getting Hub url from HttpCommandExecutor
14:51:51.015 [configureAppium@0] DEBUG c.b.utils.SeleniumMethodUtils - getURLFromCommandExecutor: Found url: https://hub-aps.browserstack.com/wd/hub
14:51:51.640 [AppiumPOMProject-0@0] DEBUG c.b.testNgListeners.TestNGUtils - [populateTestDataForBSTestOps] Event Type :: TestRunStarted, Test ClassName :: GroupID.FlashTestClass
14:51:51.640 [AppiumPOMProject-0@0] DEBUG c.browserstack.utils.UtilityMethods - [findFileMatcher] Current Path is :: C:\Users\Hp\Documents\IntelliJ Projects\AppiumPOMProject, TestClass :: GroupID\FlashObjectOptimised
14:51:51.648 [AppiumPOMProject-0@0] DEBUG c.b.testNgListeners.TestNGUtils - [populateTestDataForBSTestOps] The filename fetched :: C:\Users\Hp\Documents\IntelliJ Projects\AppiumPOMProject\src\test\java\GroupID\FlashObjectOptimised.java, fileSeparator :: \, AbsolutePath :: C:\Users\Hp\Documents\IntelliJ Projects\AppiumPOMProject\., Normalized Path :: C:\Users\Hp\Documents\IntelliJ Projects\AppiumPOMProject, File.Separator :: \
14:51:51.648 [AppiumPOMProject-0@0] DEBUG c.b.testNgListeners.TestNGUtils - [populateTestDataForBSTestOps] Replaced File Name is :: AppiumPOMProject\src\test\java\GroupID\FlashObjectOptimised.java, Absolute Path :: C:\Users\Hp\Documents\IntelliJ Projects\AppiumPOMProject\.., Normalized Path :: C:\Users\Hp\Documents\IntelliJ Projects 
14:51:51.664 [AppiumPOMProject-0@0] DEBUG c.b.utils.SeleniumMethodUtils - getURLFromCommandExecutor: Getting Hub url from HttpCommandExecutor
14:51:51.664 [AppiumPOMProject-0@0] DEBUG c.b.utils.SeleniumMethodUtils - getURLFromCommandExecutor: Found url: https://hub-aps.browserstack.com/wd/hub
14:51:51.667 [AppiumPOMProject-0@0] DEBUG com.browserstack.testOps.Listener - [ TESTHUB ] Processing Request Kind TestRunStarted
14:51:53.894 [pool-4-thread-1] DEBUG c.browserstack.utils.RequestBatcher - Time Since Last Batch Processed 4002

14:51:53.894 [pool-5-thread-1] DEBUG c.browserstack.utils.RequestBatcher - Processing Batch 1

14:51:53.895 [pool-5-thread-1] DEBUG c.browserstack.testOps.RequestUtils - [requestToTestOps] Sending Observability request: POST api/v1/batch with request size 3422
14:51:54.157 [pool-5-thread-1] DEBUG c.browserstack.testOps.RequestUtils - requestToTestOps: Response code: 200
14:51:54.157 [pool-5-thread-1] DEBUG c.browserstack.utils.LogReportingAPI - 
[2024-08-06T09:21:54.157074Z][ TESTHUB ] Batch event successfull!

14:51:57.886 [pool-4-thread-1] DEBUG c.browserstack.utils.RequestBatcher - Time Since Last Batch Processed 3992

14:52:01.899 [pool-4-thread-1] DEBUG c.browserstack.utils.RequestBatcher - Time Since Last Batch Processed 4013

14:52:05.887 [pool-4-thread-1] DEBUG c.browserstack.utils.RequestBatcher - Time Since Last Batch Processed 3988

14:52:05.931 [AppiumTest1@0] DEBUG c.b.testNgListeners.TestNGUtils - [populateTestDataForBSTestOps] Event Type :: HookRunFinished, Method ClassName :: testBaseUtils.WFlashBeforeEachTestAndroid 
14:52:05.931 [AppiumTest1@0] DEBUG c.browserstack.utils.UtilityMethods - [findFileMatcher] Current Path is :: C:\Users\Hp\Documents\IntelliJ Projects\AppiumPOMProject, TestClass :: testBaseUtils\WFlashBeforeEachTestAndroid
14:52:05.938 [AppiumTest1@0] DEBUG c.b.testNgListeners.TestNGUtils - [populateTestDataForBSTestOps] The filename fetched :: C:\Users\Hp\Documents\IntelliJ Projects\AppiumPOMProject\src\test\java\testBaseUtils\WFlashBeforeEachTestAndroid.java, fileSeparator :: \, AbsolutePath :: C:\Users\Hp\Documents\IntelliJ Projects\AppiumPOMProject\., Normalized Path :: C:\Users\Hp\Documents\IntelliJ Projects\AppiumPOMProject, File.Separator :: \
14:52:05.938 [AppiumTest1@0] DEBUG c.b.testNgListeners.TestNGUtils - [populateTestDataForBSTestOps] Replaced File Name is :: AppiumPOMProject\src\test\java\testBaseUtils\WFlashBeforeEachTestAndroid.java, Absolute Path :: C:\Users\Hp\Documents\IntelliJ Projects\AppiumPOMProject\.., Normalized Path :: C:\Users\Hp\Documents\IntelliJ Projects 
14:52:05.947 [AppiumTest1@0] DEBUG c.b.utils.SeleniumMethodUtils - getURLFromCommandExecutor: Getting Hub url from HttpCommandExecutor
14:52:05.947 [AppiumTest1@0] DEBUG c.b.utils.SeleniumMethodUtils - getURLFromCommandExecutor: Found url: https://hub-aps.browserstack.com/wd/hub
14:52:05.947 [AppiumTest1@0] DEBUG com.browserstack.testOps.Listener - [ TESTHUB ] Processing Request Kind HookRunFinished
14:52:05.948 [AppiumTest1@0] DEBUG c.b.testNgListeners.TestNGUtils - [populateTestDataForBSTestOps] Event Type :: TestRunFinished, Test ClassName :: GroupID.FlashTestClass
14:52:05.948 [AppiumTest1@0] DEBUG c.browserstack.utils.UtilityMethods - [findFileMatcher] Current Path is :: C:\Users\Hp\Documents\IntelliJ Projects\AppiumPOMProject, TestClass :: GroupID\FlashObjectOptimised
14:52:05.954 [AppiumTest1@0] DEBUG c.b.testNgListeners.TestNGUtils - [populateTestDataForBSTestOps] The filename fetched :: C:\Users\Hp\Documents\IntelliJ Projects\AppiumPOMProject\src\test\java\GroupID\FlashObjectOptimised.java, fileSeparator :: \, AbsolutePath :: C:\Users\Hp\Documents\IntelliJ Projects\AppiumPOMProject\., Normalized Path :: C:\Users\Hp\Documents\IntelliJ Projects\AppiumPOMProject, File.Separator :: \
14:52:05.954 [AppiumTest1@0] DEBUG c.b.testNgListeners.TestNGUtils - [populateTestDataForBSTestOps] Replaced File Name is :: AppiumPOMProject\src\test\java\GroupID\FlashObjectOptimised.java, Absolute Path :: C:\Users\Hp\Documents\IntelliJ Projects\AppiumPOMProject\.., Normalized Path :: C:\Users\Hp\Documents\IntelliJ Projects 
14:52:05.962 [AppiumTest1@0] DEBUG c.b.utils.SeleniumMethodUtils - getURLFromCommandExecutor: Getting Hub url from HttpCommandExecutor
14:52:05.962 [AppiumTest1@0] DEBUG c.b.utils.SeleniumMethodUtils - getURLFromCommandExecutor: Found url: https://hub-aps.browserstack.com/wd/hub
14:52:05.965 [AppiumTest1@0] DEBUG com.browserstack.testOps.Listener - [ TESTHUB ] Processing Request Kind TestRunFinished
14:52:06.012 [AppiumPOMProject-0@0] DEBUG c.b.testNgListeners.TestNGUtils - [populateTestDataForBSTestOps] Event Type :: TestRunStarted, Test ClassName :: GroupID.FlashTestClass
14:52:06.012 [AppiumPOMProject-0@0] DEBUG c.browserstack.utils.UtilityMethods - [findFileMatcher] Current Path is :: C:\Users\Hp\Documents\IntelliJ Projects\AppiumPOMProject, TestClass :: GroupID\FlashObjectOptimised
14:52:06.022 [AppiumPOMProject-0@0] DEBUG c.b.testNgListeners.TestNGUtils - [populateTestDataForBSTestOps] The filename fetched :: C:\Users\Hp\Documents\IntelliJ Projects\AppiumPOMProject\src\test\java\GroupID\FlashObjectOptimised.java, fileSeparator :: \, AbsolutePath :: C:\Users\Hp\Documents\IntelliJ Projects\AppiumPOMProject\., Normalized Path :: C:\Users\Hp\Documents\IntelliJ Projects\AppiumPOMProject, File.Separator :: \
14:52:06.022 [AppiumPOMProject-0@0] DEBUG c.b.testNgListeners.TestNGUtils - [populateTestDataForBSTestOps] Replaced File Name is :: AppiumPOMProject\src\test\java\GroupID\FlashObjectOptimised.java, Absolute Path :: C:\Users\Hp\Documents\IntelliJ Projects\AppiumPOMProject\.., Normalized Path :: C:\Users\Hp\Documents\IntelliJ Projects 
14:52:06.034 [AppiumPOMProject-0@0] DEBUG c.b.utils.SeleniumMethodUtils - getURLFromCommandExecutor: Getting Hub url from HttpCommandExecutor
14:52:06.034 [AppiumPOMProject-0@0] DEBUG c.b.utils.SeleniumMethodUtils - getURLFromCommandExecutor: Found url: https://hub-aps.browserstack.com/wd/hub
14:52:06.036 [AppiumPOMProject-0@0] DEBUG com.browserstack.testOps.Listener - [ TESTHUB ] Processing Request Kind TestRunStarted
14:52:07.897 [pool-4-thread-1] DEBUG c.browserstack.utils.RequestBatcher - Time Since Last Batch Processed 2010

14:52:07.897 [pool-5-thread-1] DEBUG c.browserstack.utils.RequestBatcher - Processing Batch 3

14:52:07.898 [pool-5-thread-1] DEBUG c.browserstack.testOps.RequestUtils - [requestToTestOps] Sending Observability request: POST api/v1/batch with request size 15314
14:52:08.148 [pool-5-thread-1] DEBUG c.browserstack.testOps.RequestUtils - requestToTestOps: Response code: 200
14:52:08.148 [pool-5-thread-1] DEBUG c.browserstack.utils.LogReportingAPI - 
[2024-08-06T09:22:08.148498100Z][ TESTHUB ] Batch event successfull!

14:52:11.685 [AppiumTest1@0] DEBUG c.b.testNgListeners.TestNGUtils - [populateTestDataForBSTestOps] Event Type :: TestRunFinished, Test ClassName :: GroupID.FlashTestClass
14:52:11.685 [AppiumTest1@0] DEBUG c.browserstack.utils.UtilityMethods - [findFileMatcher] Current Path is :: C:\Users\Hp\Documents\IntelliJ Projects\AppiumPOMProject, TestClass :: GroupID\FlashObjectOptimised
14:52:11.694 [AppiumTest1@0] DEBUG c.b.testNgListeners.TestNGUtils - [populateTestDataForBSTestOps] The filename fetched :: C:\Users\Hp\Documents\IntelliJ Projects\AppiumPOMProject\src\test\java\GroupID\FlashObjectOptimised.java, fileSeparator :: \, AbsolutePath :: C:\Users\Hp\Documents\IntelliJ Projects\AppiumPOMProject\., Normalized Path :: C:\Users\Hp\Documents\IntelliJ Projects\AppiumPOMProject, File.Separator :: \
14:52:11.694 [AppiumTest1@0] DEBUG c.b.testNgListeners.TestNGUtils - [populateTestDataForBSTestOps] Replaced File Name is :: AppiumPOMProject\src\test\java\GroupID\FlashObjectOptimised.java, Absolute Path :: C:\Users\Hp\Documents\IntelliJ Projects\AppiumPOMProject\.., Normalized Path :: C:\Users\Hp\Documents\IntelliJ Projects 
14:52:11.703 [AppiumTest1@0] DEBUG c.b.utils.SeleniumMethodUtils - getURLFromCommandExecutor: Getting Hub url from HttpCommandExecutor
14:52:11.703 [AppiumTest1@0] DEBUG c.b.utils.SeleniumMethodUtils - getURLFromCommandExecutor: Found url: https://hub-aps.browserstack.com/wd/hub
14:52:11.705 [AppiumTest1@0] DEBUG com.browserstack.testOps.Listener - [ TESTHUB ] Processing Request Kind TestRunFinished
14:52:11.749 [AppiumPOMProject-0@0] DEBUG c.b.testNgListeners.TestNGUtils - [populateTestDataForBSTestOps] Event Type :: TestRunStarted, Test ClassName :: GroupID.FlashTestClass
14:52:11.749 [AppiumPOMProject-0@0] DEBUG c.browserstack.utils.UtilityMethods - [findFileMatcher] Current Path is :: C:\Users\Hp\Documents\IntelliJ Projects\AppiumPOMProject, TestClass :: GroupID\FlashObjectOptimised
14:52:11.757 [AppiumPOMProject-0@0] DEBUG c.b.testNgListeners.TestNGUtils - [populateTestDataForBSTestOps] The filename fetched :: C:\Users\Hp\Documents\IntelliJ Projects\AppiumPOMProject\src\test\java\GroupID\FlashObjectOptimised.java, fileSeparator :: \, AbsolutePath :: C:\Users\Hp\Documents\IntelliJ Projects\AppiumPOMProject\., Normalized Path :: C:\Users\Hp\Documents\IntelliJ Projects\AppiumPOMProject, File.Separator :: \
14:52:11.757 [AppiumPOMProject-0@0] DEBUG c.b.testNgListeners.TestNGUtils - [populateTestDataForBSTestOps] Replaced File Name is :: AppiumPOMProject\src\test\java\GroupID\FlashObjectOptimised.java, Absolute Path :: C:\Users\Hp\Documents\IntelliJ Projects\AppiumPOMProject\.., Normalized Path :: C:\Users\Hp\Documents\IntelliJ Projects 
14:52:11.765 [AppiumPOMProject-0@0] DEBUG c.b.utils.SeleniumMethodUtils - getURLFromCommandExecutor: Getting Hub url from HttpCommandExecutor
14:52:11.765 [AppiumPOMProject-0@0] DEBUG c.b.utils.SeleniumMethodUtils - getURLFromCommandExecutor: Found url: https://hub-aps.browserstack.com/wd/hub
14:52:11.767 [AppiumPOMProject-0@0] DEBUG com.browserstack.testOps.Listener - [ TESTHUB ] Processing Request Kind TestRunStarted
14:52:11.889 [pool-4-thread-1] DEBUG c.browserstack.utils.RequestBatcher - Time Since Last Batch Processed 3992

14:52:11.889 [pool-5-thread-1] DEBUG c.browserstack.utils.RequestBatcher - Processing Batch 2

14:52:11.891 [pool-5-thread-1] DEBUG c.browserstack.testOps.RequestUtils - [requestToTestOps] Sending Observability request: POST api/v1/batch with request size 11907
14:52:12.142 [pool-5-thread-1] DEBUG c.browserstack.testOps.RequestUtils - requestToTestOps: Response code: 200
14:52:12.143 [pool-5-thread-1] DEBUG c.browserstack.utils.LogReportingAPI - 
[2024-08-06T09:22:12.143427500Z][ TESTHUB ] Batch event successfull!

14:52:15.888 [pool-4-thread-1] DEBUG c.browserstack.utils.RequestBatcher - Time Since Last Batch Processed 3999

14:52:16.950 [AppiumTest1@0] DEBUG c.b.testNgListeners.TestNGUtils - [populateTestDataForBSTestOps] Event Type :: TestRunFinished, Test ClassName :: GroupID.FlashTestClass
14:52:16.950 [AppiumTest1@0] DEBUG c.browserstack.utils.UtilityMethods - [findFileMatcher] Current Path is :: C:\Users\Hp\Documents\IntelliJ Projects\AppiumPOMProject, TestClass :: GroupID\FlashObjectOptimised
14:52:16.959 [AppiumTest1@0] DEBUG c.b.testNgListeners.TestNGUtils - [populateTestDataForBSTestOps] The filename fetched :: C:\Users\Hp\Documents\IntelliJ Projects\AppiumPOMProject\src\test\java\GroupID\FlashObjectOptimised.java, fileSeparator :: \, AbsolutePath :: C:\Users\Hp\Documents\IntelliJ Projects\AppiumPOMProject\., Normalized Path :: C:\Users\Hp\Documents\IntelliJ Projects\AppiumPOMProject, File.Separator :: \
14:52:16.959 [AppiumTest1@0] DEBUG c.b.testNgListeners.TestNGUtils - [populateTestDataForBSTestOps] Replaced File Name is :: AppiumPOMProject\src\test\java\GroupID\FlashObjectOptimised.java, Absolute Path :: C:\Users\Hp\Documents\IntelliJ Projects\AppiumPOMProject\.., Normalized Path :: C:\Users\Hp\Documents\IntelliJ Projects 
14:52:16.969 [AppiumTest1@0] DEBUG c.b.utils.SeleniumMethodUtils - getURLFromCommandExecutor: Getting Hub url from HttpCommandExecutor
14:52:16.969 [AppiumTest1@0] DEBUG c.b.utils.SeleniumMethodUtils - getURLFromCommandExecutor: Found url: https://hub-aps.browserstack.com/wd/hub
14:52:16.971 [AppiumTest1@0] DEBUG com.browserstack.testOps.Listener - [ TESTHUB ] Processing Request Kind TestRunFinished
14:52:17.016 [AppiumPOMProject-0@0] DEBUG c.b.testNgListeners.TestNGUtils - [populateTestDataForBSTestOps] Event Type :: TestRunStarted, Test ClassName :: GroupID.FlashTestClass
14:52:17.016 [AppiumPOMProject-0@0] DEBUG c.browserstack.utils.UtilityMethods - [findFileMatcher] Current Path is :: C:\Users\Hp\Documents\IntelliJ Projects\AppiumPOMProject, TestClass :: GroupID\FlashObjectOptimised
14:52:17.025 [AppiumPOMProject-0@0] DEBUG c.b.testNgListeners.TestNGUtils - [populateTestDataForBSTestOps] The filename fetched :: C:\Users\Hp\Documents\IntelliJ Projects\AppiumPOMProject\src\test\java\GroupID\FlashObjectOptimised.java, fileSeparator :: \, AbsolutePath :: C:\Users\Hp\Documents\IntelliJ Projects\AppiumPOMProject\., Normalized Path :: C:\Users\Hp\Documents\IntelliJ Projects\AppiumPOMProject, File.Separator :: \
14:52:17.025 [AppiumPOMProject-0@0] DEBUG c.b.testNgListeners.TestNGUtils - [populateTestDataForBSTestOps] Replaced File Name is :: AppiumPOMProject\src\test\java\GroupID\FlashObjectOptimised.java, Absolute Path :: C:\Users\Hp\Documents\IntelliJ Projects\AppiumPOMProject\.., Normalized Path :: C:\Users\Hp\Documents\IntelliJ Projects 
14:52:17.035 [AppiumPOMProject-0@0] DEBUG c.b.utils.SeleniumMethodUtils - getURLFromCommandExecutor: Getting Hub url from HttpCommandExecutor
14:52:17.035 [AppiumPOMProject-0@0] DEBUG c.b.utils.SeleniumMethodUtils - getURLFromCommandExecutor: Found url: https://hub-aps.browserstack.com/wd/hub
14:52:17.037 [AppiumPOMProject-0@0] DEBUG com.browserstack.testOps.Listener - [ TESTHUB ] Processing Request Kind TestRunStarted
14:52:17.896 [pool-4-thread-1] DEBUG c.browserstack.utils.RequestBatcher - Time Since Last Batch Processed 2008

14:52:17.896 [pool-5-thread-1] DEBUG c.browserstack.utils.RequestBatcher - Processing Batch 2

14:52:17.897 [pool-5-thread-1] DEBUG c.browserstack.testOps.RequestUtils - [requestToTestOps] Sending Observability request: POST api/v1/batch with request size 11903
14:52:18.242 [pool-5-thread-1] DEBUG c.browserstack.testOps.RequestUtils - requestToTestOps: Response code: 200
14:52:18.243 [pool-5-thread-1] DEBUG c.browserstack.utils.LogReportingAPI - 
[2024-08-06T09:22:18.242344600Z][ TESTHUB ] Batch event successfull!

14:52:21.888 [pool-4-thread-1] DEBUG c.browserstack.utils.RequestBatcher - Time Since Last Batch Processed 3992

14:52:22.193 [AppiumTest1@0] DEBUG c.b.testNgListeners.TestNGUtils - [populateTestDataForBSTestOps] Event Type :: TestRunFinished, Test ClassName :: GroupID.FlashTestClass
14:52:22.194 [AppiumTest1@0] DEBUG c.browserstack.utils.UtilityMethods - [findFileMatcher] Current Path is :: C:\Users\Hp\Documents\IntelliJ Projects\AppiumPOMProject, TestClass :: GroupID\FlashObjectOptimised
14:52:22.201 [AppiumTest1@0] DEBUG c.b.testNgListeners.TestNGUtils - [populateTestDataForBSTestOps] The filename fetched :: C:\Users\Hp\Documents\IntelliJ Projects\AppiumPOMProject\src\test\java\GroupID\FlashObjectOptimised.java, fileSeparator :: \, AbsolutePath :: C:\Users\Hp\Documents\IntelliJ Projects\AppiumPOMProject\., Normalized Path :: C:\Users\Hp\Documents\IntelliJ Projects\AppiumPOMProject, File.Separator :: \
14:52:22.202 [AppiumTest1@0] DEBUG c.b.testNgListeners.TestNGUtils - [populateTestDataForBSTestOps] Replaced File Name is :: AppiumPOMProject\src\test\java\GroupID\FlashObjectOptimised.java, Absolute Path :: C:\Users\Hp\Documents\IntelliJ Projects\AppiumPOMProject\.., Normalized Path :: C:\Users\Hp\Documents\IntelliJ Projects 
14:52:22.211 [AppiumTest1@0] DEBUG c.b.utils.SeleniumMethodUtils - getURLFromCommandExecutor: Getting Hub url from HttpCommandExecutor
14:52:22.211 [AppiumTest1@0] DEBUG c.b.utils.SeleniumMethodUtils - getURLFromCommandExecutor: Found url: https://hub-aps.browserstack.com/wd/hub
14:52:22.213 [AppiumTest1@0] DEBUG com.browserstack.testOps.Listener - [ TESTHUB ] Processing Request Kind TestRunFinished
14:52:22.264 [AppiumTest1@0] DEBUG c.browserstack.utils.LogReportingAPI - sendPlatformDetails: Can't send CBT info, as driver or test is not found
14:52:24.953 [main] DEBUG com.browserstack.testOps.Listener - [ TESTHUB ] Processing Request Kind LogCreated
14:52:24.954 [Thread-0] DEBUG c.browserstack.BrowserStackJavaAgent - Starting final execution
14:52:24.954 [Thread-0] DEBUG c.b.u.ObservabilityUtilityMethods - Processing batch requests with type: Global
14:52:24.954 [Thread-0] DEBUG c.browserstack.utils.LogReportingAPI - [2024-08-06T09:22:24.954589400Z][ OBSERVABILITY ] Processing stop observability
14:52:24.955 [pool-5-thread-1] DEBUG c.browserstack.utils.RequestBatcher - Processing Batch 2

14:52:24.956 [pool-5-thread-1] DEBUG c.browserstack.testOps.RequestUtils - [requestToTestOps] Sending Observability request: POST api/v1/batch with request size 8838
14:52:25.442 [pool-5-thread-1] DEBUG c.browserstack.testOps.RequestUtils - requestToTestOps: Response code: 200
14:52:25.442 [pool-5-thread-1] DEBUG c.browserstack.utils.LogReportingAPI - 
[2024-08-06T09:22:25.442688300Z][ TESTHUB ] Batch event successfull!

14:52:25.442 [Thread-0] DEBUG c.browserstack.testOps.RequestUtils - [ TESTHUB ] Processing Request Kind stopBuildUpstream
14:52:25.442 [Thread-0] DEBUG c.browserstack.testOps.RequestUtils - [requestToTestOps] Sending Observability request: PUT api/v1/builds/diiwubwl6aywmvxxjjtobkdlv1wgt5986y3wu8rl/stop with request size 65
14:52:25.782 [Thread-0] DEBUG c.browserstack.testOps.RequestUtils - requestToTestOps: Response code: 200
14:52:25.782 [Thread-0] DEBUG com.browserstack.testOps.Listener - Testhub stop response: 
14:52:28.139 [Thread-0] DEBUG com.browserstack.testOps.UsageStats - getFormattedData: Collecting data for TestObservability
14:52:28.139 [Thread-0] DEBUG com.browserstack.testOps.UsageStats - getEventStats: Getting event data for TestObservability
14:52:28.154 [Thread-0] DEBUG com.browserstack.testOps.UsageStats - [OBSERVABILITY] Failed to parse data from workers
14:52:28.218 [Thread-0] DEBUG c.b.utils.FunnelInstrumentation - Sending funnel data for SDKTestSuccessful with data: {"event_type":"SDKTestSuccessful","accessKey":"cdWAYU5meFd1rax23PEp","userName":"nayankumar_Rp0sMa","event_properties":{"product":"[app-automate, observability]","buildName":"browserstack build","os":"Windows 11","languageVersion":"18.0.2.1","appiumVersion":"9.2.2","frameworkDetectionInstrumentation":{"parseLoadClass":7,"ret-org.openqa.selenium.remote.RemoteWebDriver":314,"retransformClasses":314,"parseDependencies":19},"language":"java","sdkRunId":"eefe23e5-d98a-4d60-9b2c-92df788b6889","buildIdentifier":"#29","error":"[{\"tests\":{\"GroupID.FlashTestClass-AppiumTest1\":\"Can't locate an element by this strategy: By.chained({By.xpath: \\\/\\\/android.view.View[@index=1]})\"},\"platformVersion\":\"13.0\",\"deviceName\":\"Samsung Galaxy S23\"}]","userFramework":"testng","testhub_uuid":"diiwubwl6aywmvxxjjtobkdlv1wgt5986y3wu8rl","detectedAppiumVersion":"null","detectedDependencies":"testng","productMap":{"app_automate":true,"accessibility":false,"automate":false,"percy":false,"observability":true},"referrer":"testng-javaagent\/1.20.2","hostname":"DESKTOP-13RHPFK","measures":{"local:start":5662,"sdk:setup":11394,"local:stop":2353},"language_framework":"java_testng","detectedFramework":"testng","productUsage":{"testObservability":{"buildHashedId":"diiwubwl6aywmvxxjjtobkdlv1wgt5986y3wu8rl","manuallySet":false,"enabled":true,"events":{"hookEvents":{"started":{"errors":[],"failedCount":0,"sentCount":1,"triggeredCount":1},"finished":{"triggeredCount":1,"failedCount":0,"errors":[],"sentCount":1},"passed":{"errors":[],"failedCount":0,"sentCount":1,"triggeredCount":1}},"logEvents":{"errors":[],"failedCount":0,"sentCount":12,"triggeredCount":12,"log":{"errors":[],"failedCount":0,"sentCount":12,"triggeredCount":12}},"testEvents":{"started":{"errors":[],"failedCount":0,"sentCount":4,"triggeredCount":4},"finished":{"triggeredCount":4,"failedCount":0,"errors":[],"sentCount":4},"failed":{"errors":[],"failedCount":0,"sentCount":4,"triggeredCount":4}},"batchEvents":{"triggeredCount":6,"failedCount":0,"errors":[],"sentCount":6},"cbtSessionEvents":{"errors":[],"failedCount":0,"sentCount":0,"triggeredCount":0},"buildEvents":{"started":{"error":null,"status":"success","triggered":true},"finished":{"error":null,"status":"success","triggered":true}}}}},"detectedSeleniumVersion":"null","browserStackConfig":{"browserstackLocal":true,"percy":false,"logLevel":"info","staticWebDriver":true,"autoDetectFramework":true,"percyCaptureMode":"MANUAL","browserStackLocalOptions":{"localIdentifier":"06_Aug_1450_DESKTOP_13RHPFK_jcda","key":"****"},"percyOptions":null,"testContextOptions":{"skipSessionName":false,"skipSessionStatus":false,"serenityOverridePlugin":false},"platforms":[{"capabilities":{"platformVersion":13.0,"platformName":"android","deviceName":"Samsung Galaxy S23"},"os":null,"device":"Samsung Galaxy S23","osVersion":null,"browserVersion":null,"browser":null,"platformCaps":{"platformVersion":13.0,"platformName":"android","deviceName":"Samsung Galaxy S23"},"platformString":"Samsung Galaxy S23, 13.0","customVariables":"****"}],"parallelsPerPlatform":1,"framework":"testng","accessibility":false,"accessibilityOptions":{},"turboScaleOptions":{},"disableAutoCaptureLogs":true,"testObservability":true,"browserstackAutomation":true,"turboScale":false,"testObservabilityOptions":{},"gradleMConfig":null,"proxySettings":null},"seleniumVersion":""}}
14:52:28.538 [Thread-0] DEBUG c.b.utils.FunnelInstrumentation - API Event SDKTestSuccessful response - {"message":"SDK Event recorded successfully"}
14:52:30.413 [Thread-0] DEBUG c.browserstack.utils.UtilityMethods - Server side buildName(browserstack build  29) is not same as client side buildName(browserstack build #29)
14:52:30.414 [Thread-0] DEBUG c.browserstack.utils.UtilityMethods - Browserstack Gradle-M Config File does not exist.
14:54:59.745 [main] DEBUG c.b.config.BrowserStackConfig - Cli Config passed - {}
14:55:00.096 [main] DEBUG c.b.logger.BrowserstackLoggerFactory - Log Level set to TRACE for logger com.browserstack
14:55:00.096 [main] DEBUG c.b.logger.BrowserstackLoggerFactory - Log Level set to INFO for logger stdoutPrinter
14:55:00.207 [main] DEBUG c.b.utils.FrameworkDetectionUtils - Java command - com.intellij.rt.testng.RemoteTestNGStarter -usedefaultlisteners false -socket52865 @w@C:\Users\Hp\AppData\Local\Temp\idea_working_dirs_testng.tmp -temp C:\Users\Hp\AppData\Local\Temp\idea_testng.tmp
14:55:00.207 [main] DEBUG c.b.utils.FrameworkDetectionUtils - Test classes detected: 
14:55:00.214 [main] DEBUG c.b.utils.FrameworkDetectionUtils - Runner: testng, Engine: none
14:55:00.229 [main] DEBUG c.b.utils.FrameworkDetectionUtils - Runner: testng, Engine: none from dependencies
14:55:00.229 [main] DEBUG c.b.utils.FrameworkDetectionUtils - Detected final framework as: testng
14:55:00.229 [main] DEBUG c.browserstack.BrowserStackJavaAgent - JavaAgent Version 1.20.2
14:55:00.233 [main] DEBUG c.b.utils.ExitSignalHandler - Registered handler for INT
14:55:00.233 [main] DEBUG c.b.utils.ExitSignalHandler - Registered handler for TERM
14:55:00.233 [main] DEBUG c.b.utils.ExitSignalHandler - Unable to attach signal handler for HUP Unknown signal: HUP
14:55:00.233 [main] DEBUG c.b.utils.ExitSignalHandler - Registered handler for ABRT
14:55:00.635 [Thread-1] DEBUG c.browserstack.utils.UtilityMethods - NEXT HUBS ARE: ["hub-aps.browserstack.com","hub-euw.browserstack.com","hub-apse.browserstack.com"]
14:55:00.896 [main] DEBUG c.browserstack.utils.UtilityMethods - EXECUTION TIME OF hub-aps.browserstack.com HUB IS: 260ms
14:55:01.832 [main] DEBUG c.browserstack.utils.UtilityMethods - EXECUTION TIME OF hub-euw.browserstack.com HUB IS: 934ms
14:55:02.800 [main] DEBUG c.browserstack.utils.UtilityMethods - EXECUTION TIME OF hub-apse.browserstack.com HUB IS: 966ms
14:55:02.800 [main] DEBUG c.browserstack.utils.UtilityMethods - NEAREST HUB ALLOCATED IS - hub-aps.browserstack.com
14:55:02.812 [main] DEBUG c.b.utils.FunnelInstrumentation - Sending funnel data for SDKTestAttempted with data: {"event_type":"SDKTestAttempted","accessKey":"cdWAYU5meFd1rax23PEp","userName":"nayankumar_Rp0sMa","event_properties":{"product":"[app-automate, observability]","buildName":"browserstack build","os":"Windows 11","languageVersion":"18.0.2.1","appiumVersion":"9.2.2","frameworkDetectionInstrumentation":{"parseLoadClass":5,"parseDependencies":14},"language":"java","sdkRunId":"d47f158f-7dd8-4d05-bce1-cff2ea4e91ff","buildIdentifier":"#30","userFramework":"testng","testhub_uuid":"","detectedAppiumVersion":"null","detectedDependencies":"testng","productMap":{"app_automate":true,"accessibility":false,"automate":false,"percy":false,"observability":true},"referrer":"testng-javaagent\/1.20.2","hostname":"DESKTOP-13RHPFK","language_framework":"java_testng","detectedFramework":"testng","detectedSeleniumVersion":"null","seleniumVersion":""}}
14:55:03.211 [main] DEBUG c.b.utils.FunnelInstrumentation - API Event SDKTestAttempted response - {"message":"SDK Event recorded successfully"}
14:55:03.463 [main] DEBUG c.browserstack.testOps.RequestUtils - [ TESTHUB ] Processing Request Kind launchTestSession
14:55:03.463 [main] DEBUG c.browserstack.testOps.RequestUtils - [requestToTestOps] Sending Observability request: POST api/v2/builds with request size 1331
14:55:04.764 [main] DEBUG c.browserstack.testOps.RequestUtils - requestToTestOps: Response code: 200
14:55:04.764 [main] DEBUG com.browserstack.testOps.Listener - BROWSERSTACK_TESTHUB_UUID : 5ibiazliim8obosurtiujfqgnbca74qux3iugoix
14:55:04.764 [main] DEBUG com.browserstack.testOps.Listener - [ TESTHUB ] Build creation successfull
14:55:04.767 [main] DEBUG com.browserstack.LocalFactory - Starting BrowserStack Local with identifier 06_Aug_1454_DESKTOP_13RHPFK_dDVy
14:55:10.567 [main] DEBUG c.b.t.XMLSuiteClassListener - Number of parallels - 1 and number of platforms - 1
14:55:10.815 [main] DEBUG com.browserstack.testOps.Listener - [ TESTHUB ] Processing Request Kind LogCreated
14:55:10.818 [main] DEBUG com.browserstack.testOps.Listener - [ TESTHUB ] Processing Request Kind LogCreated
14:55:10.822 [main] DEBUG com.browserstack.testOps.Listener - [ TESTHUB ] Processing Request Kind LogCreated
14:55:10.822 [main] DEBUG com.browserstack.testOps.Listener - [ TESTHUB ] Processing Request Kind LogCreated
14:55:10.822 [main] DEBUG com.browserstack.testOps.Listener - [ TESTHUB ] Processing Request Kind LogCreated
14:55:10.831 [main] DEBUG com.browserstack.testOps.Listener - [ TESTHUB ] Processing Request Kind LogCreated
14:55:10.832 [main] DEBUG com.browserstack.testOps.Listener - [ TESTHUB ] Processing Request Kind LogCreated
14:55:10.832 [main] DEBUG com.browserstack.testOps.Listener - [ TESTHUB ] Processing Request Kind LogCreated
14:55:10.832 [main] DEBUG com.browserstack.testOps.Listener - [ TESTHUB ] Processing Request Kind LogCreated
14:55:10.832 [main] DEBUG com.browserstack.testOps.Listener - [ TESTHUB ] Processing Request Kind LogCreated
14:55:10.839 [main] DEBUG com.browserstack.testOps.Listener - [ TESTHUB ] Processing Request Kind LogCreated
14:55:10.839 [main] DEBUG c.browserstack.utils.LogReportingAPI - [2024-08-06T09:25:10.839000400Z][ OBSERVABILITY ] Processing Logs patching stream
14:55:10.884 [configureAppium@0] DEBUG c.b.testNgListeners.TestNGUtils - [populateTestDataForBSTestOps] Event Type :: HookRunStarted, Method ClassName :: testBaseUtils.WFlashBeforeEachTestAndroid 
14:55:10.884 [configureAppium@0] DEBUG c.browserstack.utils.UtilityMethods - [findFileMatcher] Current Path is :: C:\Users\Hp\Documents\IntelliJ Projects\AppiumPOMProject, TestClass :: testBaseUtils\WFlashBeforeEachTestAndroid
14:55:10.900 [configureAppium@0] DEBUG c.b.testNgListeners.TestNGUtils - [populateTestDataForBSTestOps] The filename fetched :: C:\Users\Hp\Documents\IntelliJ Projects\AppiumPOMProject\src\test\java\testBaseUtils\WFlashBeforeEachTestAndroid.java, fileSeparator :: \, AbsolutePath :: C:\Users\Hp\Documents\IntelliJ Projects\AppiumPOMProject\., Normalized Path :: C:\Users\Hp\Documents\IntelliJ Projects\AppiumPOMProject, File.Separator :: \
14:55:10.900 [configureAppium@0] DEBUG c.b.testNgListeners.TestNGUtils - [populateTestDataForBSTestOps] Replaced File Name is :: AppiumPOMProject\src\test\java\testBaseUtils\WFlashBeforeEachTestAndroid.java, Absolute Path :: C:\Users\Hp\Documents\IntelliJ Projects\AppiumPOMProject\.., Normalized Path :: C:\Users\Hp\Documents\IntelliJ Projects 
14:55:10.903 [configureAppium@0] DEBUG com.browserstack.testOps.Listener - [ TESTHUB ] Processing Request Kind HookRunStarted
14:55:12.830 [pool-4-thread-1] DEBUG c.browserstack.utils.RequestBatcher - Time Since Last Batch Processed 1722936312830

14:55:12.832 [pool-5-thread-1] DEBUG c.browserstack.utils.RequestBatcher - Processing Batch 12

14:55:12.833 [pool-5-thread-1] DEBUG c.browserstack.testOps.RequestUtils - [requestToTestOps] Sending Observability request: POST api/v1/batch with request size 3436
14:55:13.066 [pool-5-thread-1] DEBUG c.browserstack.testOps.RequestUtils - requestToTestOps: Response code: 200
14:55:13.067 [pool-5-thread-1] DEBUG c.browserstack.utils.LogReportingAPI - 
[2024-08-06T09:25:13.066077900Z][ TESTHUB ] Batch event successfull!

14:55:16.827 [pool-4-thread-1] DEBUG c.browserstack.utils.RequestBatcher - Time Since Last Batch Processed 3996

14:55:20.818 [pool-4-thread-1] DEBUG c.browserstack.utils.RequestBatcher - Time Since Last Batch Processed 3991

14:55:22.829 [pool-4-thread-1] DEBUG c.browserstack.utils.RequestBatcher - Time Since Last Batch Processed 2011

14:55:26.831 [pool-4-thread-1] DEBUG c.browserstack.utils.RequestBatcher - Time Since Last Batch Processed 4002

14:55:30.820 [pool-4-thread-1] DEBUG c.browserstack.utils.RequestBatcher - Time Since Last Batch Processed 3989

14:55:31.130 [AppiumPOMProject-0@0] DEBUG c.b.testNgListeners.TestNGUtils - [populateTestDataForBSTestOps] Event Type :: TestRunStarted, Test ClassName :: GroupID.FlashTestClass
14:55:31.130 [AppiumPOMProject-0@0] DEBUG c.browserstack.utils.UtilityMethods - [findFileMatcher] Current Path is :: C:\Users\Hp\Documents\IntelliJ Projects\AppiumPOMProject, TestClass :: GroupID\FlashObjectOptimised
14:55:31.141 [AppiumPOMProject-0@0] DEBUG c.b.testNgListeners.TestNGUtils - [populateTestDataForBSTestOps] The filename fetched :: C:\Users\Hp\Documents\IntelliJ Projects\AppiumPOMProject\src\test\java\GroupID\FlashObjectOptimised.java, fileSeparator :: \, AbsolutePath :: C:\Users\Hp\Documents\IntelliJ Projects\AppiumPOMProject\., Normalized Path :: C:\Users\Hp\Documents\IntelliJ Projects\AppiumPOMProject, File.Separator :: \
14:55:31.141 [AppiumPOMProject-0@0] DEBUG c.b.testNgListeners.TestNGUtils - [populateTestDataForBSTestOps] Replaced File Name is :: AppiumPOMProject\src\test\java\GroupID\FlashObjectOptimised.java, Absolute Path :: C:\Users\Hp\Documents\IntelliJ Projects\AppiumPOMProject\.., Normalized Path :: C:\Users\Hp\Documents\IntelliJ Projects 
14:55:31.147 [AppiumPOMProject-0@0] DEBUG com.browserstack.testOps.Listener - [ TESTHUB ] Processing Request Kind TestRunStarted
14:55:31.149 [AppiumTest1@0] DEBUG c.b.testNgListeners.TestNGUtils - [populateTestDataForBSTestOps] Event Type :: HookRunFinished, Method ClassName :: testBaseUtils.WFlashBeforeEachTestAndroid 
14:55:31.149 [AppiumTest1@0] DEBUG c.browserstack.utils.UtilityMethods - [findFileMatcher] Current Path is :: C:\Users\Hp\Documents\IntelliJ Projects\AppiumPOMProject, TestClass :: testBaseUtils\WFlashBeforeEachTestAndroid
14:55:31.157 [AppiumTest1@0] DEBUG c.b.testNgListeners.TestNGUtils - [populateTestDataForBSTestOps] The filename fetched :: C:\Users\Hp\Documents\IntelliJ Projects\AppiumPOMProject\src\test\java\testBaseUtils\WFlashBeforeEachTestAndroid.java, fileSeparator :: \, AbsolutePath :: C:\Users\Hp\Documents\IntelliJ Projects\AppiumPOMProject\., Normalized Path :: C:\Users\Hp\Documents\IntelliJ Projects\AppiumPOMProject, File.Separator :: \
14:55:31.157 [AppiumTest1@0] DEBUG c.b.testNgListeners.TestNGUtils - [populateTestDataForBSTestOps] Replaced File Name is :: AppiumPOMProject\src\test\java\testBaseUtils\WFlashBeforeEachTestAndroid.java, Absolute Path :: C:\Users\Hp\Documents\IntelliJ Projects\AppiumPOMProject\.., Normalized Path :: C:\Users\Hp\Documents\IntelliJ Projects 
14:55:31.157 [AppiumTest1@0] DEBUG com.browserstack.testOps.Listener - [ TESTHUB ] Processing Request Kind HookRunFinished
14:55:31.158 [AppiumTest1@0] DEBUG c.b.testNgListeners.TestNGUtils - [populateTestDataForBSTestOps] Event Type :: TestRunSkipped, Test ClassName :: GroupID.FlashTestClass
14:55:31.158 [AppiumTest1@0] DEBUG c.browserstack.utils.UtilityMethods - [findFileMatcher] Current Path is :: C:\Users\Hp\Documents\IntelliJ Projects\AppiumPOMProject, TestClass :: GroupID\FlashObjectOptimised
14:55:31.165 [AppiumTest1@0] DEBUG c.b.testNgListeners.TestNGUtils - [populateTestDataForBSTestOps] The filename fetched :: C:\Users\Hp\Documents\IntelliJ Projects\AppiumPOMProject\src\test\java\GroupID\FlashObjectOptimised.java, fileSeparator :: \, AbsolutePath :: C:\Users\Hp\Documents\IntelliJ Projects\AppiumPOMProject\., Normalized Path :: C:\Users\Hp\Documents\IntelliJ Projects\AppiumPOMProject, File.Separator :: \
14:55:31.166 [AppiumTest1@0] DEBUG c.b.testNgListeners.TestNGUtils - [populateTestDataForBSTestOps] Replaced File Name is :: AppiumPOMProject\src\test\java\GroupID\FlashObjectOptimised.java, Absolute Path :: C:\Users\Hp\Documents\IntelliJ Projects\AppiumPOMProject\.., Normalized Path :: C:\Users\Hp\Documents\IntelliJ Projects 
14:55:31.170 [AppiumTest1@0] DEBUG com.browserstack.testOps.Listener - [ TESTHUB ] Processing Request Kind TestRunFinished
14:55:31.170 [AppiumTest1@0] DEBUG c.browserstack.utils.LogReportingAPI - sendSync failed - driver not found
14:55:31.173 [AppiumPOMProject-0@0] DEBUG c.b.testNgListeners.TestNGUtils - [populateTestDataForBSTestOps] Event Type :: TestRunStarted, Test ClassName :: GroupID.FlashTestClass
14:55:31.173 [AppiumPOMProject-0@0] DEBUG c.browserstack.utils.UtilityMethods - [findFileMatcher] Current Path is :: C:\Users\Hp\Documents\IntelliJ Projects\AppiumPOMProject, TestClass :: GroupID\FlashObjectOptimised
14:55:31.181 [AppiumPOMProject-0@0] DEBUG c.b.testNgListeners.TestNGUtils - [populateTestDataForBSTestOps] The filename fetched :: C:\Users\Hp\Documents\IntelliJ Projects\AppiumPOMProject\src\test\java\GroupID\FlashObjectOptimised.java, fileSeparator :: \, AbsolutePath :: C:\Users\Hp\Documents\IntelliJ Projects\AppiumPOMProject\., Normalized Path :: C:\Users\Hp\Documents\IntelliJ Projects\AppiumPOMProject, File.Separator :: \
14:55:31.181 [AppiumPOMProject-0@0] DEBUG c.b.testNgListeners.TestNGUtils - [populateTestDataForBSTestOps] Replaced File Name is :: AppiumPOMProject\src\test\java\GroupID\FlashObjectOptimised.java, Absolute Path :: C:\Users\Hp\Documents\IntelliJ Projects\AppiumPOMProject\.., Normalized Path :: C:\Users\Hp\Documents\IntelliJ Projects 
14:55:31.185 [AppiumPOMProject-0@0] DEBUG com.browserstack.testOps.Listener - [ TESTHUB ] Processing Request Kind TestRunStarted
14:55:31.186 [AppiumTest1@0] DEBUG c.b.testNgListeners.TestNGUtils - [populateTestDataForBSTestOps] Event Type :: TestRunSkipped, Test ClassName :: GroupID.FlashTestClass
14:55:31.186 [AppiumTest1@0] DEBUG c.browserstack.utils.UtilityMethods - [findFileMatcher] Current Path is :: C:\Users\Hp\Documents\IntelliJ Projects\AppiumPOMProject, TestClass :: GroupID\FlashObjectOptimised
14:55:31.194 [AppiumTest1@0] DEBUG c.b.testNgListeners.TestNGUtils - [populateTestDataForBSTestOps] The filename fetched :: C:\Users\Hp\Documents\IntelliJ Projects\AppiumPOMProject\src\test\java\GroupID\FlashObjectOptimised.java, fileSeparator :: \, AbsolutePath :: C:\Users\Hp\Documents\IntelliJ Projects\AppiumPOMProject\., Normalized Path :: C:\Users\Hp\Documents\IntelliJ Projects\AppiumPOMProject, File.Separator :: \
14:55:31.194 [AppiumTest1@0] DEBUG c.b.testNgListeners.TestNGUtils - [populateTestDataForBSTestOps] Replaced File Name is :: AppiumPOMProject\src\test\java\GroupID\FlashObjectOptimised.java, Absolute Path :: C:\Users\Hp\Documents\IntelliJ Projects\AppiumPOMProject\.., Normalized Path :: C:\Users\Hp\Documents\IntelliJ Projects 
14:55:31.198 [AppiumTest1@0] DEBUG com.browserstack.testOps.Listener - [ TESTHUB ] Processing Request Kind TestRunFinished
14:55:31.198 [AppiumTest1@0] DEBUG c.browserstack.utils.LogReportingAPI - sendSync failed - driver not found
14:55:31.201 [AppiumPOMProject-0@0] DEBUG c.b.testNgListeners.TestNGUtils - [populateTestDataForBSTestOps] Event Type :: TestRunStarted, Test ClassName :: GroupID.FlashTestClass
14:55:31.201 [AppiumPOMProject-0@0] DEBUG c.browserstack.utils.UtilityMethods - [findFileMatcher] Current Path is :: C:\Users\Hp\Documents\IntelliJ Projects\AppiumPOMProject, TestClass :: GroupID\FlashObjectOptimised
14:55:31.209 [AppiumPOMProject-0@0] DEBUG c.b.testNgListeners.TestNGUtils - [populateTestDataForBSTestOps] The filename fetched :: C:\Users\Hp\Documents\IntelliJ Projects\AppiumPOMProject\src\test\java\GroupID\FlashObjectOptimised.java, fileSeparator :: \, AbsolutePath :: C:\Users\Hp\Documents\IntelliJ Projects\AppiumPOMProject\., Normalized Path :: C:\Users\Hp\Documents\IntelliJ Projects\AppiumPOMProject, File.Separator :: \
14:55:31.211 [AppiumPOMProject-0@0] DEBUG c.b.testNgListeners.TestNGUtils - [populateTestDataForBSTestOps] Replaced File Name is :: AppiumPOMProject\src\test\java\GroupID\FlashObjectOptimised.java, Absolute Path :: C:\Users\Hp\Documents\IntelliJ Projects\AppiumPOMProject\.., Normalized Path :: C:\Users\Hp\Documents\IntelliJ Projects 
14:55:31.214 [AppiumPOMProject-0@0] DEBUG com.browserstack.testOps.Listener - [ TESTHUB ] Processing Request Kind TestRunStarted
14:55:31.215 [AppiumTest1@0] DEBUG c.b.testNgListeners.TestNGUtils - [populateTestDataForBSTestOps] Event Type :: TestRunSkipped, Test ClassName :: GroupID.FlashTestClass
14:55:31.215 [AppiumTest1@0] DEBUG c.browserstack.utils.UtilityMethods - [findFileMatcher] Current Path is :: C:\Users\Hp\Documents\IntelliJ Projects\AppiumPOMProject, TestClass :: GroupID\FlashObjectOptimised
14:55:31.224 [AppiumTest1@0] DEBUG c.b.testNgListeners.TestNGUtils - [populateTestDataForBSTestOps] The filename fetched :: C:\Users\Hp\Documents\IntelliJ Projects\AppiumPOMProject\src\test\java\GroupID\FlashObjectOptimised.java, fileSeparator :: \, AbsolutePath :: C:\Users\Hp\Documents\IntelliJ Projects\AppiumPOMProject\., Normalized Path :: C:\Users\Hp\Documents\IntelliJ Projects\AppiumPOMProject, File.Separator :: \
14:55:31.224 [AppiumTest1@0] DEBUG c.b.testNgListeners.TestNGUtils - [populateTestDataForBSTestOps] Replaced File Name is :: AppiumPOMProject\src\test\java\GroupID\FlashObjectOptimised.java, Absolute Path :: C:\Users\Hp\Documents\IntelliJ Projects\AppiumPOMProject\.., Normalized Path :: C:\Users\Hp\Documents\IntelliJ Projects 
14:55:31.229 [AppiumTest1@0] DEBUG com.browserstack.testOps.Listener - [ TESTHUB ] Processing Request Kind TestRunFinished
14:55:31.229 [AppiumTest1@0] DEBUG c.browserstack.utils.LogReportingAPI - sendSync failed - driver not found
14:55:31.233 [AppiumPOMProject-0@0] DEBUG c.b.testNgListeners.TestNGUtils - [populateTestDataForBSTestOps] Event Type :: TestRunStarted, Test ClassName :: GroupID.FlashTestClass
14:55:31.233 [AppiumPOMProject-0@0] DEBUG c.browserstack.utils.UtilityMethods - [findFileMatcher] Current Path is :: C:\Users\Hp\Documents\IntelliJ Projects\AppiumPOMProject, TestClass :: GroupID\FlashObjectOptimised
14:55:31.247 [AppiumPOMProject-0@0] DEBUG c.b.testNgListeners.TestNGUtils - [populateTestDataForBSTestOps] The filename fetched :: C:\Users\Hp\Documents\IntelliJ Projects\AppiumPOMProject\src\test\java\GroupID\FlashObjectOptimised.java, fileSeparator :: \, AbsolutePath :: C:\Users\Hp\Documents\IntelliJ Projects\AppiumPOMProject\., Normalized Path :: C:\Users\Hp\Documents\IntelliJ Projects\AppiumPOMProject, File.Separator :: \
14:55:31.247 [AppiumPOMProject-0@0] DEBUG c.b.testNgListeners.TestNGUtils - [populateTestDataForBSTestOps] Replaced File Name is :: AppiumPOMProject\src\test\java\GroupID\FlashObjectOptimised.java, Absolute Path :: C:\Users\Hp\Documents\IntelliJ Projects\AppiumPOMProject\.., Normalized Path :: C:\Users\Hp\Documents\IntelliJ Projects 
14:55:31.251 [AppiumPOMProject-0@0] DEBUG com.browserstack.testOps.Listener - [ TESTHUB ] Processing Request Kind TestRunStarted
14:55:31.252 [AppiumTest1@0] DEBUG c.b.testNgListeners.TestNGUtils - [populateTestDataForBSTestOps] Event Type :: TestRunSkipped, Test ClassName :: GroupID.FlashTestClass
14:55:31.252 [AppiumTest1@0] DEBUG c.browserstack.utils.UtilityMethods - [findFileMatcher] Current Path is :: C:\Users\Hp\Documents\IntelliJ Projects\AppiumPOMProject, TestClass :: GroupID\FlashObjectOptimised
14:55:31.259 [AppiumTest1@0] DEBUG c.b.testNgListeners.TestNGUtils - [populateTestDataForBSTestOps] The filename fetched :: C:\Users\Hp\Documents\IntelliJ Projects\AppiumPOMProject\src\test\java\GroupID\FlashObjectOptimised.java, fileSeparator :: \, AbsolutePath :: C:\Users\Hp\Documents\IntelliJ Projects\AppiumPOMProject\., Normalized Path :: C:\Users\Hp\Documents\IntelliJ Projects\AppiumPOMProject, File.Separator :: \
14:55:31.259 [AppiumTest1@0] DEBUG c.b.testNgListeners.TestNGUtils - [populateTestDataForBSTestOps] Replaced File Name is :: AppiumPOMProject\src\test\java\GroupID\FlashObjectOptimised.java, Absolute Path :: C:\Users\Hp\Documents\IntelliJ Projects\AppiumPOMProject\.., Normalized Path :: C:\Users\Hp\Documents\IntelliJ Projects 
14:55:31.262 [AppiumTest1@0] DEBUG com.browserstack.testOps.Listener - [ TESTHUB ] Processing Request Kind TestRunFinished
14:55:31.262 [AppiumTest1@0] DEBUG c.browserstack.utils.LogReportingAPI - sendSync failed - driver not found
14:55:31.271 [main] DEBUG com.browserstack.testOps.Listener - [ TESTHUB ] Processing Request Kind LogCreated
14:55:31.272 [Thread-0] DEBUG c.browserstack.BrowserStackJavaAgent - Starting final execution
14:55:31.273 [Thread-0] DEBUG c.b.u.ObservabilityUtilityMethods - Processing batch requests with type: Global
14:55:31.273 [Thread-0] DEBUG c.browserstack.utils.LogReportingAPI - [2024-08-06T09:25:31.273973Z][ OBSERVABILITY ] Processing stop observability
14:55:31.273 [pool-5-thread-1] DEBUG c.browserstack.utils.RequestBatcher - Processing Batch 10

14:55:31.281 [pool-5-thread-1] DEBUG c.browserstack.testOps.RequestUtils - [requestToTestOps] Sending Observability request: POST api/v1/batch with request size 49302
14:55:31.739 [pool-5-thread-1] DEBUG c.browserstack.testOps.RequestUtils - requestToTestOps: Response code: 200
14:55:31.739 [pool-5-thread-1] DEBUG c.browserstack.utils.LogReportingAPI - 
[2024-08-06T09:25:31.739247500Z][ TESTHUB ] Batch event successfull!

14:55:31.740 [Thread-0] DEBUG c.browserstack.testOps.RequestUtils - [ TESTHUB ] Processing Request Kind stopBuildUpstream
14:55:31.740 [Thread-0] DEBUG c.browserstack.testOps.RequestUtils - [requestToTestOps] Sending Observability request: PUT api/v1/builds/5ibiazliim8obosurtiujfqgnbca74qux3iugoix/stop with request size 65
14:55:31.988 [Thread-0] DEBUG c.browserstack.testOps.RequestUtils - requestToTestOps: Response code: 200
14:55:31.989 [Thread-0] DEBUG com.browserstack.testOps.Listener - Testhub stop response: 
14:55:34.290 [Thread-0] DEBUG com.browserstack.testOps.UsageStats - getFormattedData: Collecting data for TestObservability
14:55:34.290 [Thread-0] DEBUG com.browserstack.testOps.UsageStats - getEventStats: Getting event data for TestObservability
14:55:34.293 [Thread-0] DEBUG com.browserstack.testOps.UsageStats - [OBSERVABILITY] Failed to parse data from workers
14:55:34.355 [Thread-0] DEBUG c.b.utils.FunnelInstrumentation - Sending funnel data for SDKTestSuccessful with data: {"event_type":"SDKTestSuccessful","accessKey":"cdWAYU5meFd1rax23PEp","userName":"nayankumar_Rp0sMa","event_properties":{"product":"[app-automate, observability]","buildName":"browserstack build","os":"Windows 11","languageVersion":"18.0.2.1","appiumVersion":"9.2.2","frameworkDetectionInstrumentation":{"parseLoadClass":5,"ret-org.openqa.selenium.remote.RemoteWebDriver":355,"retransformClasses":355,"parseDependencies":14},"language":"java","sdkRunId":"d47f158f-7dd8-4d05-bce1-cff2ea4e91ff","buildIdentifier":"#30","userFramework":"testng","testhub_uuid":"5ibiazliim8obosurtiujfqgnbca74qux3iugoix","detectedAppiumVersion":"null","detectedDependencies":"testng","productMap":{"app_automate":true,"accessibility":false,"automate":false,"percy":false,"observability":true},"referrer":"testng-javaagent\/1.20.2","hostname":"DESKTOP-13RHPFK","measures":{"local:start":5251,"sdk:setup":10714,"local:stop":2298},"language_framework":"java_testng","detectedFramework":"testng","productUsage":{"testObservability":{"buildHashedId":"5ibiazliim8obosurtiujfqgnbca74qux3iugoix","manuallySet":false,"enabled":true,"events":{"hookEvents":{"started":{"errors":[],"failedCount":0,"triggeredCount":1,"sentCount":1},"finished":{"triggeredCount":1,"failedCount":0,"errors":[],"sentCount":1},"failed":{"errors":[],"failedCount":0,"triggeredCount":1,"sentCount":1}},"logEvents":{"errors":[],"failedCount":0,"triggeredCount":12,"sentCount":12,"log":{"errors":[],"failedCount":0,"triggeredCount":12,"sentCount":12}},"testEvents":{"started":{"errors":[],"failedCount":0,"triggeredCount":4,"sentCount":4},"finished":{"triggeredCount":4,"failedCount":0,"errors":[],"sentCount":4},"skipped":{"errors":[],"failedCount":0,"triggeredCount":4,"sentCount":4}},"batchEvents":{"triggeredCount":2,"failedCount":0,"errors":[],"sentCount":2},"cbtSessionEvents":{"errors":[],"failedCount":0,"triggeredCount":0,"sentCount":0},"buildEvents":{"started":{"error":null,"triggered":true,"status":"success"},"finished":{"error":null,"triggered":true,"status":"success"}}}}},"detectedSeleniumVersion":"null","browserStackConfig":{"browserstackLocal":true,"percy":false,"logLevel":"info","staticWebDriver":true,"autoDetectFramework":true,"percyCaptureMode":"MANUAL","browserStackLocalOptions":{"localIdentifier":"06_Aug_1454_DESKTOP_13RHPFK_dDVy","key":"****"},"percyOptions":null,"testContextOptions":{"skipSessionName":false,"serenityOverridePlugin":false,"skipSessionStatus":false},"platforms":[{"capabilities":{"platformVersion":13.0,"platformName":"android","deviceName":"Samsung Galaxy S23"},"browserVersion":null,"browser":null,"device":"Samsung Galaxy S23","os":null,"osVersion":null,"platformCaps":{"platformVersion":13.0,"platformName":"android","deviceName":"Samsung Galaxy S23"},"platformString":"Samsung Galaxy S23, 13.0","customVariables":"****"}],"parallelsPerPlatform":1,"framework":"testng","accessibility":false,"accessibilityOptions":{},"turboScaleOptions":{},"disableAutoCaptureLogs":true,"testObservability":true,"browserstackAutomation":true,"turboScale":false,"testObservabilityOptions":{},"gradleMConfig":null,"proxySettings":null},"seleniumVersion":""}}
14:55:34.699 [Thread-0] DEBUG c.b.utils.FunnelInstrumentation - API Event SDKTestSuccessful response - {"message":"SDK Event recorded successfully"}
14:55:36.663 [Thread-0] DEBUG c.browserstack.utils.UtilityMethods - Browserstack Gradle-M Config File does not exist.
14:55:52.093 [main] DEBUG c.b.config.BrowserStackConfig - Cli Config passed - {}
14:55:52.391 [main] DEBUG c.b.logger.BrowserstackLoggerFactory - Log Level set to TRACE for logger com.browserstack
14:55:52.392 [main] DEBUG c.b.logger.BrowserstackLoggerFactory - Log Level set to INFO for logger stdoutPrinter
14:55:52.501 [main] DEBUG c.b.utils.FrameworkDetectionUtils - Java command - com.intellij.rt.testng.RemoteTestNGStarter -usedefaultlisteners false -socket53075 @w@C:\Users\Hp\AppData\Local\Temp\idea_working_dirs_testng.tmp -temp C:\Users\Hp\AppData\Local\Temp\idea_testng.tmp
14:55:52.501 [main] DEBUG c.b.utils.FrameworkDetectionUtils - Test classes detected: 
14:55:52.507 [main] DEBUG c.b.utils.FrameworkDetectionUtils - Runner: testng, Engine: none
14:55:52.523 [main] DEBUG c.b.utils.FrameworkDetectionUtils - Runner: testng, Engine: none from dependencies
14:55:52.523 [main] DEBUG c.b.utils.FrameworkDetectionUtils - Detected final framework as: testng
14:55:52.523 [main] DEBUG c.browserstack.BrowserStackJavaAgent - JavaAgent Version 1.20.2
14:55:52.526 [main] DEBUG c.b.utils.ExitSignalHandler - Registered handler for INT
14:55:52.526 [main] DEBUG c.b.utils.ExitSignalHandler - Registered handler for TERM
14:55:52.526 [main] DEBUG c.b.utils.ExitSignalHandler - Unable to attach signal handler for HUP Unknown signal: HUP
14:55:52.526 [main] DEBUG c.b.utils.ExitSignalHandler - Registered handler for ABRT
14:55:52.898 [Thread-1] DEBUG c.browserstack.utils.UtilityMethods - NEXT HUBS ARE: ["hub-aps.browserstack.com","hub-euw.browserstack.com","hub-apse.browserstack.com"]
14:55:53.141 [main] DEBUG c.browserstack.utils.UtilityMethods - EXECUTION TIME OF hub-aps.browserstack.com HUB IS: 241ms
14:55:53.998 [main] DEBUG c.browserstack.utils.UtilityMethods - EXECUTION TIME OF hub-euw.browserstack.com HUB IS: 854ms
14:55:54.939 [main] DEBUG c.browserstack.utils.UtilityMethods - EXECUTION TIME OF hub-apse.browserstack.com HUB IS: 939ms
14:55:54.941 [main] DEBUG c.browserstack.utils.UtilityMethods - NEAREST HUB ALLOCATED IS - hub-aps.browserstack.com
14:55:54.951 [main] DEBUG c.b.utils.FunnelInstrumentation - Sending funnel data for SDKTestAttempted with data: {"event_type":"SDKTestAttempted","accessKey":"cdWAYU5meFd1rax23PEp","userName":"nayankumar_Rp0sMa","event_properties":{"product":"[app-automate, observability]","buildName":"browserstack build","os":"Windows 11","languageVersion":"18.0.2.1","appiumVersion":"9.2.2","frameworkDetectionInstrumentation":{"parseLoadClass":4,"parseDependencies":16},"language":"java","sdkRunId":"3ec41e14-d712-4a6a-83f6-861ccc9265be","buildIdentifier":"#31","userFramework":"testng","testhub_uuid":"","detectedAppiumVersion":"null","detectedDependencies":"testng","productMap":{"app_automate":true,"accessibility":false,"automate":false,"percy":false,"observability":true},"referrer":"testng-javaagent\/1.20.2","hostname":"DESKTOP-13RHPFK","language_framework":"java_testng","detectedFramework":"testng","detectedSeleniumVersion":"null","seleniumVersion":""}}
14:55:55.372 [main] DEBUG c.b.utils.FunnelInstrumentation - API Event SDKTestAttempted response - {"message":"SDK Event recorded successfully"}
14:55:55.580 [main] DEBUG c.browserstack.testOps.RequestUtils - [ TESTHUB ] Processing Request Kind launchTestSession
14:55:55.580 [main] DEBUG c.browserstack.testOps.RequestUtils - [requestToTestOps] Sending Observability request: POST api/v2/builds with request size 1331
14:55:56.892 [main] DEBUG c.browserstack.testOps.RequestUtils - requestToTestOps: Response code: 200
14:55:56.892 [main] DEBUG com.browserstack.testOps.Listener - BROWSERSTACK_TESTHUB_UUID : wlip2mkafxquke94v1yixbrapwsx07jeukkoqdq2
14:55:56.894 [main] DEBUG com.browserstack.testOps.Listener - [ TESTHUB ] Build creation successfull
14:55:56.896 [main] DEBUG com.browserstack.LocalFactory - Starting BrowserStack Local with identifier 06_Aug_1455_DESKTOP_13RHPFK_lAva
14:56:02.444 [main] DEBUG c.b.t.XMLSuiteClassListener - Number of parallels - 1 and number of platforms - 1
14:56:02.692 [main] DEBUG com.browserstack.testOps.Listener - [ TESTHUB ] Processing Request Kind LogCreated
14:56:02.697 [main] DEBUG com.browserstack.testOps.Listener - [ TESTHUB ] Processing Request Kind LogCreated
14:56:02.701 [main] DEBUG com.browserstack.testOps.Listener - [ TESTHUB ] Processing Request Kind LogCreated
14:56:02.701 [main] DEBUG com.browserstack.testOps.Listener - [ TESTHUB ] Processing Request Kind LogCreated
14:56:02.701 [main] DEBUG com.browserstack.testOps.Listener - [ TESTHUB ] Processing Request Kind LogCreated
14:56:02.710 [main] DEBUG com.browserstack.testOps.Listener - [ TESTHUB ] Processing Request Kind LogCreated
14:56:02.710 [main] DEBUG com.browserstack.testOps.Listener - [ TESTHUB ] Processing Request Kind LogCreated
14:56:02.710 [main] DEBUG com.browserstack.testOps.Listener - [ TESTHUB ] Processing Request Kind LogCreated
14:56:02.710 [main] DEBUG com.browserstack.testOps.Listener - [ TESTHUB ] Processing Request Kind LogCreated
14:56:02.710 [main] DEBUG com.browserstack.testOps.Listener - [ TESTHUB ] Processing Request Kind LogCreated
14:56:02.715 [main] DEBUG com.browserstack.testOps.Listener - [ TESTHUB ] Processing Request Kind LogCreated
14:56:02.716 [main] DEBUG c.browserstack.utils.LogReportingAPI - [2024-08-06T09:26:02.716731900Z][ OBSERVABILITY ] Processing Logs patching stream
14:56:02.761 [configureAppium@0] DEBUG c.b.testNgListeners.TestNGUtils - [populateTestDataForBSTestOps] Event Type :: HookRunStarted, Method ClassName :: testBaseUtils.WFlashBeforeEachTestAndroid 
14:56:02.761 [configureAppium@0] DEBUG c.browserstack.utils.UtilityMethods - [findFileMatcher] Current Path is :: C:\Users\Hp\Documents\IntelliJ Projects\AppiumPOMProject, TestClass :: testBaseUtils\WFlashBeforeEachTestAndroid
14:56:02.777 [configureAppium@0] DEBUG c.b.testNgListeners.TestNGUtils - [populateTestDataForBSTestOps] The filename fetched :: C:\Users\Hp\Documents\IntelliJ Projects\AppiumPOMProject\src\test\java\testBaseUtils\WFlashBeforeEachTestAndroid.java, fileSeparator :: \, AbsolutePath :: C:\Users\Hp\Documents\IntelliJ Projects\AppiumPOMProject\., Normalized Path :: C:\Users\Hp\Documents\IntelliJ Projects\AppiumPOMProject, File.Separator :: \
14:56:02.778 [configureAppium@0] DEBUG c.b.testNgListeners.TestNGUtils - [populateTestDataForBSTestOps] Replaced File Name is :: AppiumPOMProject\src\test\java\testBaseUtils\WFlashBeforeEachTestAndroid.java, Absolute Path :: C:\Users\Hp\Documents\IntelliJ Projects\AppiumPOMProject\.., Normalized Path :: C:\Users\Hp\Documents\IntelliJ Projects 
14:56:02.780 [configureAppium@0] DEBUG com.browserstack.testOps.Listener - [ TESTHUB ] Processing Request Kind HookRunStarted
14:56:04.702 [pool-4-thread-1] DEBUG c.browserstack.utils.RequestBatcher - Time Since Last Batch Processed 1722936364702

14:56:04.705 [pool-5-thread-1] DEBUG c.browserstack.utils.RequestBatcher - Processing Batch 12

14:56:04.705 [pool-5-thread-1] DEBUG c.browserstack.testOps.RequestUtils - [requestToTestOps] Sending Observability request: POST api/v1/batch with request size 3436
14:56:04.944 [pool-5-thread-1] DEBUG c.browserstack.testOps.RequestUtils - requestToTestOps: Response code: 200
14:56:04.944 [pool-5-thread-1] DEBUG c.browserstack.utils.LogReportingAPI - 
[2024-08-06T09:26:04.944389Z][ TESTHUB ] Batch event successfull!

14:56:05.052 [configureAppium@0] DEBUG c.browserstack.utils.UtilityMethods - [Patch]: SDK enabled, patching remote server
14:56:05.060 [configureAppium@0] DEBUG c.b.selenium.SeleniumHandler - beforeDriverInit: SDK enabled. Thread ID: 43
14:56:05.065 [configureAppium@0] DEBUG c.browserstack.utils.UtilityMethods - [Patch]: SDK enabled, patching remote server
14:56:08.699 [pool-4-thread-1] DEBUG c.browserstack.utils.RequestBatcher - Time Since Last Batch Processed 3997

14:56:10.706 [pool-4-thread-1] DEBUG c.browserstack.utils.RequestBatcher - Time Since Last Batch Processed 2007

14:56:14.696 [pool-4-thread-1] DEBUG c.browserstack.utils.RequestBatcher - Time Since Last Batch Processed 3990

14:56:16.705 [pool-4-thread-1] DEBUG c.browserstack.utils.RequestBatcher - Time Since Last Batch Processed 2009

14:56:18.709 [pool-4-thread-1] DEBUG c.browserstack.utils.RequestBatcher - Time Since Last Batch Processed 2004

14:56:22.697 [pool-4-thread-1] DEBUG c.browserstack.utils.RequestBatcher - Time Since Last Batch Processed 3988

14:56:24.700 [pool-4-thread-1] DEBUG c.browserstack.utils.RequestBatcher - Time Since Last Batch Processed 2003

14:56:28.697 [pool-4-thread-1] DEBUG c.browserstack.utils.RequestBatcher - Time Since Last Batch Processed 3997

14:56:32.703 [pool-4-thread-1] DEBUG c.browserstack.utils.RequestBatcher - Time Since Last Batch Processed 4006

14:56:36.699 [pool-4-thread-1] DEBUG c.browserstack.utils.RequestBatcher - Time Since Last Batch Processed 3996

14:56:40.708 [pool-4-thread-1] DEBUG c.browserstack.utils.RequestBatcher - Time Since Last Batch Processed 4009

14:56:44.704 [pool-4-thread-1] DEBUG c.browserstack.utils.RequestBatcher - Time Since Last Batch Processed 3996

14:56:48.711 [pool-4-thread-1] DEBUG c.browserstack.utils.RequestBatcher - Time Since Last Batch Processed 4007

14:56:52.710 [pool-4-thread-1] DEBUG c.browserstack.utils.RequestBatcher - Time Since Last Batch Processed 3999

14:56:56.698 [pool-4-thread-1] DEBUG c.browserstack.utils.RequestBatcher - Time Since Last Batch Processed 3988

14:56:58.700 [pool-4-thread-1] DEBUG c.browserstack.utils.RequestBatcher - Time Since Last Batch Processed 2002

14:57:02.705 [pool-4-thread-1] DEBUG c.browserstack.utils.RequestBatcher - Time Since Last Batch Processed 4005

14:57:06.709 [pool-4-thread-1] DEBUG c.browserstack.utils.RequestBatcher - Time Since Last Batch Processed 4004

14:57:10.707 [pool-4-thread-1] DEBUG c.browserstack.utils.RequestBatcher - Time Since Last Batch Processed 3998

14:57:12.710 [pool-4-thread-1] DEBUG c.browserstack.utils.RequestBatcher - Time Since Last Batch Processed 2003

14:57:15.972 [configureAppium@0] DEBUG c.b.selenium.SeleniumHandler - afterDriverInit: requested
14:57:16.003 [configureAppium@0] DEBUG c.b.utils.SeleniumMethodUtils - getURLFromCommandExecutor: Getting Hub url from HttpCommandExecutor
14:57:16.003 [configureAppium@0] DEBUG c.b.utils.SeleniumMethodUtils - getURLFromCommandExecutor: Found url: https://hub-aps.browserstack.com/wd/hub
14:57:16.706 [pool-4-thread-1] DEBUG c.browserstack.utils.RequestBatcher - Time Since Last Batch Processed 3996

14:57:17.158 [AppiumPOMProject-0@0] DEBUG c.b.testNgListeners.TestNGUtils - [populateTestDataForBSTestOps] Event Type :: TestRunStarted, Test ClassName :: GroupID.FlashTestClass
14:57:17.158 [AppiumPOMProject-0@0] DEBUG c.browserstack.utils.UtilityMethods - [findFileMatcher] Current Path is :: C:\Users\Hp\Documents\IntelliJ Projects\AppiumPOMProject, TestClass :: GroupID\FlashObjectOptimised
14:57:17.165 [AppiumPOMProject-0@0] DEBUG c.b.testNgListeners.TestNGUtils - [populateTestDataForBSTestOps] The filename fetched :: C:\Users\Hp\Documents\IntelliJ Projects\AppiumPOMProject\src\test\java\GroupID\FlashObjectOptimised.java, fileSeparator :: \, AbsolutePath :: C:\Users\Hp\Documents\IntelliJ Projects\AppiumPOMProject\., Normalized Path :: C:\Users\Hp\Documents\IntelliJ Projects\AppiumPOMProject, File.Separator :: \
14:57:17.165 [AppiumPOMProject-0@0] DEBUG c.b.testNgListeners.TestNGUtils - [populateTestDataForBSTestOps] Replaced File Name is :: AppiumPOMProject\src\test\java\GroupID\FlashObjectOptimised.java, Absolute Path :: C:\Users\Hp\Documents\IntelliJ Projects\AppiumPOMProject\.., Normalized Path :: C:\Users\Hp\Documents\IntelliJ Projects 
14:57:17.180 [AppiumPOMProject-0@0] DEBUG c.b.utils.SeleniumMethodUtils - getURLFromCommandExecutor: Getting Hub url from HttpCommandExecutor
14:57:17.180 [AppiumPOMProject-0@0] DEBUG c.b.utils.SeleniumMethodUtils - getURLFromCommandExecutor: Found url: https://hub-aps.browserstack.com/wd/hub
14:57:17.184 [AppiumPOMProject-0@0] DEBUG com.browserstack.testOps.Listener - [ TESTHUB ] Processing Request Kind TestRunStarted
14:57:20.698 [pool-4-thread-1] DEBUG c.browserstack.utils.RequestBatcher - Time Since Last Batch Processed 3992

14:57:20.698 [pool-5-thread-1] DEBUG c.browserstack.utils.RequestBatcher - Processing Batch 1

14:57:20.699 [pool-5-thread-1] DEBUG c.browserstack.testOps.RequestUtils - [requestToTestOps] Sending Observability request: POST api/v1/batch with request size 3422
14:57:21.982 [pool-5-thread-1] DEBUG c.browserstack.testOps.RequestUtils - requestToTestOps: Response code: 200
14:57:21.982 [pool-5-thread-1] DEBUG c.browserstack.utils.LogReportingAPI - 
[2024-08-06T09:27:21.982407Z][ TESTHUB ] Batch event successfull!

14:57:22.701 [pool-4-thread-1] DEBUG c.browserstack.utils.RequestBatcher - Time Since Last Batch Processed 2003

14:57:24.703 [pool-4-thread-1] DEBUG c.browserstack.utils.RequestBatcher - Time Since Last Batch Processed 2002

14:57:28.700 [pool-4-thread-1] DEBUG c.browserstack.utils.RequestBatcher - Time Since Last Batch Processed 3997

14:57:30.705 [pool-4-thread-1] DEBUG c.browserstack.utils.RequestBatcher - Time Since Last Batch Processed 2005

14:57:34.696 [pool-4-thread-1] DEBUG c.browserstack.utils.RequestBatcher - Time Since Last Batch Processed 3991

14:57:34.842 [AppiumTest1@0] DEBUG c.b.testNgListeners.TestNGUtils - [populateTestDataForBSTestOps] Event Type :: HookRunFinished, Method ClassName :: testBaseUtils.WFlashBeforeEachTestAndroid 
14:57:34.843 [AppiumTest1@0] DEBUG c.browserstack.utils.UtilityMethods - [findFileMatcher] Current Path is :: C:\Users\Hp\Documents\IntelliJ Projects\AppiumPOMProject, TestClass :: testBaseUtils\WFlashBeforeEachTestAndroid
14:57:34.850 [AppiumTest1@0] DEBUG c.b.testNgListeners.TestNGUtils - [populateTestDataForBSTestOps] The filename fetched :: C:\Users\Hp\Documents\IntelliJ Projects\AppiumPOMProject\src\test\java\testBaseUtils\WFlashBeforeEachTestAndroid.java, fileSeparator :: \, AbsolutePath :: C:\Users\Hp\Documents\IntelliJ Projects\AppiumPOMProject\., Normalized Path :: C:\Users\Hp\Documents\IntelliJ Projects\AppiumPOMProject, File.Separator :: \
14:57:34.850 [AppiumTest1@0] DEBUG c.b.testNgListeners.TestNGUtils - [populateTestDataForBSTestOps] Replaced File Name is :: AppiumPOMProject\src\test\java\testBaseUtils\WFlashBeforeEachTestAndroid.java, Absolute Path :: C:\Users\Hp\Documents\IntelliJ Projects\AppiumPOMProject\.., Normalized Path :: C:\Users\Hp\Documents\IntelliJ Projects 
14:57:34.861 [AppiumTest1@0] DEBUG c.b.utils.SeleniumMethodUtils - getURLFromCommandExecutor: Getting Hub url from HttpCommandExecutor
14:57:34.861 [AppiumTest1@0] DEBUG c.b.utils.SeleniumMethodUtils - getURLFromCommandExecutor: Found url: https://hub-aps.browserstack.com/wd/hub
14:57:34.861 [AppiumTest1@0] DEBUG com.browserstack.testOps.Listener - [ TESTHUB ] Processing Request Kind HookRunFinished
14:57:34.862 [AppiumTest1@0] DEBUG c.b.testNgListeners.TestNGUtils - [populateTestDataForBSTestOps] Event Type :: TestRunFinished, Test ClassName :: GroupID.FlashTestClass
14:57:34.862 [AppiumTest1@0] DEBUG c.browserstack.utils.UtilityMethods - [findFileMatcher] Current Path is :: C:\Users\Hp\Documents\IntelliJ Projects\AppiumPOMProject, TestClass :: GroupID\FlashObjectOptimised
14:57:34.872 [AppiumTest1@0] DEBUG c.b.testNgListeners.TestNGUtils - [populateTestDataForBSTestOps] The filename fetched :: C:\Users\Hp\Documents\IntelliJ Projects\AppiumPOMProject\src\test\java\GroupID\FlashObjectOptimised.java, fileSeparator :: \, AbsolutePath :: C:\Users\Hp\Documents\IntelliJ Projects\AppiumPOMProject\., Normalized Path :: C:\Users\Hp\Documents\IntelliJ Projects\AppiumPOMProject, File.Separator :: \
14:57:34.872 [AppiumTest1@0] DEBUG c.b.testNgListeners.TestNGUtils - [populateTestDataForBSTestOps] Replaced File Name is :: AppiumPOMProject\src\test\java\GroupID\FlashObjectOptimised.java, Absolute Path :: C:\Users\Hp\Documents\IntelliJ Projects\AppiumPOMProject\.., Normalized Path :: C:\Users\Hp\Documents\IntelliJ Projects 
14:57:34.883 [AppiumTest1@0] DEBUG c.b.utils.SeleniumMethodUtils - getURLFromCommandExecutor: Getting Hub url from HttpCommandExecutor
14:57:34.883 [AppiumTest1@0] DEBUG c.b.utils.SeleniumMethodUtils - getURLFromCommandExecutor: Found url: https://hub-aps.browserstack.com/wd/hub
14:57:34.886 [AppiumTest1@0] DEBUG com.browserstack.testOps.Listener - [ TESTHUB ] Processing Request Kind TestRunFinished
14:57:34.937 [AppiumPOMProject-0@0] DEBUG c.b.testNgListeners.TestNGUtils - [populateTestDataForBSTestOps] Event Type :: TestRunStarted, Test ClassName :: GroupID.FlashTestClass
14:57:34.938 [AppiumPOMProject-0@0] DEBUG c.browserstack.utils.UtilityMethods - [findFileMatcher] Current Path is :: C:\Users\Hp\Documents\IntelliJ Projects\AppiumPOMProject, TestClass :: GroupID\FlashObjectOptimised
14:57:34.945 [AppiumPOMProject-0@0] DEBUG c.b.testNgListeners.TestNGUtils - [populateTestDataForBSTestOps] The filename fetched :: C:\Users\Hp\Documents\IntelliJ Projects\AppiumPOMProject\src\test\java\GroupID\FlashObjectOptimised.java, fileSeparator :: \, AbsolutePath :: C:\Users\Hp\Documents\IntelliJ Projects\AppiumPOMProject\., Normalized Path :: C:\Users\Hp\Documents\IntelliJ Projects\AppiumPOMProject, File.Separator :: \
14:57:34.945 [AppiumPOMProject-0@0] DEBUG c.b.testNgListeners.TestNGUtils - [populateTestDataForBSTestOps] Replaced File Name is :: AppiumPOMProject\src\test\java\GroupID\FlashObjectOptimised.java, Absolute Path :: C:\Users\Hp\Documents\IntelliJ Projects\AppiumPOMProject\.., Normalized Path :: C:\Users\Hp\Documents\IntelliJ Projects 
14:57:34.955 [AppiumPOMProject-0@0] DEBUG c.b.utils.SeleniumMethodUtils - getURLFromCommandExecutor: Getting Hub url from HttpCommandExecutor
14:57:34.956 [AppiumPOMProject-0@0] DEBUG c.b.utils.SeleniumMethodUtils - getURLFromCommandExecutor: Found url: https://hub-aps.browserstack.com/wd/hub
14:57:34.958 [AppiumPOMProject-0@0] DEBUG com.browserstack.testOps.Listener - [ TESTHUB ] Processing Request Kind TestRunStarted
14:57:36.708 [pool-4-thread-1] DEBUG c.browserstack.utils.RequestBatcher - Time Since Last Batch Processed 2012

14:57:36.709 [pool-5-thread-1] DEBUG c.browserstack.utils.RequestBatcher - Processing Batch 3

14:57:36.710 [pool-5-thread-1] DEBUG c.browserstack.testOps.RequestUtils - [requestToTestOps] Sending Observability request: POST api/v1/batch with request size 15314
14:57:36.961 [pool-5-thread-1] DEBUG c.browserstack.testOps.RequestUtils - requestToTestOps: Response code: 200
14:57:36.962 [pool-5-thread-1] DEBUG c.browserstack.utils.LogReportingAPI - 
[2024-08-06T09:27:36.962591Z][ TESTHUB ] Batch event successfull!

14:57:38.710 [pool-4-thread-1] DEBUG c.browserstack.utils.RequestBatcher - Time Since Last Batch Processed 2002

14:57:41.198 [AppiumTest1@0] DEBUG c.b.testNgListeners.TestNGUtils - [populateTestDataForBSTestOps] Event Type :: TestRunFinished, Test ClassName :: GroupID.FlashTestClass
14:57:41.198 [AppiumTest1@0] DEBUG c.browserstack.utils.UtilityMethods - [findFileMatcher] Current Path is :: C:\Users\Hp\Documents\IntelliJ Projects\AppiumPOMProject, TestClass :: GroupID\FlashObjectOptimised
14:57:41.207 [AppiumTest1@0] DEBUG c.b.testNgListeners.TestNGUtils - [populateTestDataForBSTestOps] The filename fetched :: C:\Users\Hp\Documents\IntelliJ Projects\AppiumPOMProject\src\test\java\GroupID\FlashObjectOptimised.java, fileSeparator :: \, AbsolutePath :: C:\Users\Hp\Documents\IntelliJ Projects\AppiumPOMProject\., Normalized Path :: C:\Users\Hp\Documents\IntelliJ Projects\AppiumPOMProject, File.Separator :: \
14:57:41.207 [AppiumTest1@0] DEBUG c.b.testNgListeners.TestNGUtils - [populateTestDataForBSTestOps] Replaced File Name is :: AppiumPOMProject\src\test\java\GroupID\FlashObjectOptimised.java, Absolute Path :: C:\Users\Hp\Documents\IntelliJ Projects\AppiumPOMProject\.., Normalized Path :: C:\Users\Hp\Documents\IntelliJ Projects 
14:57:41.220 [AppiumTest1@0] DEBUG c.b.utils.SeleniumMethodUtils - getURLFromCommandExecutor: Getting Hub url from HttpCommandExecutor
14:57:41.220 [AppiumTest1@0] DEBUG c.b.utils.SeleniumMethodUtils - getURLFromCommandExecutor: Found url: https://hub-aps.browserstack.com/wd/hub
14:57:41.222 [AppiumTest1@0] DEBUG com.browserstack.testOps.Listener - [ TESTHUB ] Processing Request Kind TestRunFinished
14:57:41.270 [AppiumPOMProject-0@0] DEBUG c.b.testNgListeners.TestNGUtils - [populateTestDataForBSTestOps] Event Type :: TestRunStarted, Test ClassName :: GroupID.FlashTestClass
14:57:41.270 [AppiumPOMProject-0@0] DEBUG c.browserstack.utils.UtilityMethods - [findFileMatcher] Current Path is :: C:\Users\Hp\Documents\IntelliJ Projects\AppiumPOMProject, TestClass :: GroupID\FlashObjectOptimised
14:57:41.277 [AppiumPOMProject-0@0] DEBUG c.b.testNgListeners.TestNGUtils - [populateTestDataForBSTestOps] The filename fetched :: C:\Users\Hp\Documents\IntelliJ Projects\AppiumPOMProject\src\test\java\GroupID\FlashObjectOptimised.java, fileSeparator :: \, AbsolutePath :: C:\Users\Hp\Documents\IntelliJ Projects\AppiumPOMProject\., Normalized Path :: C:\Users\Hp\Documents\IntelliJ Projects\AppiumPOMProject, File.Separator :: \
14:57:41.278 [AppiumPOMProject-0@0] DEBUG c.b.testNgListeners.TestNGUtils - [populateTestDataForBSTestOps] Replaced File Name is :: AppiumPOMProject\src\test\java\GroupID\FlashObjectOptimised.java, Absolute Path :: C:\Users\Hp\Documents\IntelliJ Projects\AppiumPOMProject\.., Normalized Path :: C:\Users\Hp\Documents\IntelliJ Projects 
14:57:41.290 [AppiumPOMProject-0@0] DEBUG c.b.utils.SeleniumMethodUtils - getURLFromCommandExecutor: Getting Hub url from HttpCommandExecutor
14:57:41.290 [AppiumPOMProject-0@0] DEBUG c.b.utils.SeleniumMethodUtils - getURLFromCommandExecutor: Found url: https://hub-aps.browserstack.com/wd/hub
14:57:41.292 [AppiumPOMProject-0@0] DEBUG com.browserstack.testOps.Listener - [ TESTHUB ] Processing Request Kind TestRunStarted
14:57:42.699 [pool-4-thread-1] DEBUG c.browserstack.utils.RequestBatcher - Time Since Last Batch Processed 3989

14:57:42.699 [pool-5-thread-1] DEBUG c.browserstack.utils.RequestBatcher - Processing Batch 2

14:57:42.700 [pool-5-thread-1] DEBUG c.browserstack.testOps.RequestUtils - [requestToTestOps] Sending Observability request: POST api/v1/batch with request size 11907
14:57:42.955 [pool-5-thread-1] DEBUG c.browserstack.testOps.RequestUtils - requestToTestOps: Response code: 200
14:57:42.955 [pool-5-thread-1] DEBUG c.browserstack.utils.LogReportingAPI - 
[2024-08-06T09:27:42.955625500Z][ TESTHUB ] Batch event successfull!

14:57:44.710 [pool-4-thread-1] DEBUG c.browserstack.utils.RequestBatcher - Time Since Last Batch Processed 2011

14:57:47.176 [AppiumTest1@0] DEBUG c.b.testNgListeners.TestNGUtils - [populateTestDataForBSTestOps] Event Type :: TestRunFinished, Test ClassName :: GroupID.FlashTestClass
14:57:47.176 [AppiumTest1@0] DEBUG c.browserstack.utils.UtilityMethods - [findFileMatcher] Current Path is :: C:\Users\Hp\Documents\IntelliJ Projects\AppiumPOMProject, TestClass :: GroupID\FlashObjectOptimised
14:57:47.183 [AppiumTest1@0] DEBUG c.b.testNgListeners.TestNGUtils - [populateTestDataForBSTestOps] The filename fetched :: C:\Users\Hp\Documents\IntelliJ Projects\AppiumPOMProject\src\test\java\GroupID\FlashObjectOptimised.java, fileSeparator :: \, AbsolutePath :: C:\Users\Hp\Documents\IntelliJ Projects\AppiumPOMProject\., Normalized Path :: C:\Users\Hp\Documents\IntelliJ Projects\AppiumPOMProject, File.Separator :: \
14:57:47.183 [AppiumTest1@0] DEBUG c.b.testNgListeners.TestNGUtils - [populateTestDataForBSTestOps] Replaced File Name is :: AppiumPOMProject\src\test\java\GroupID\FlashObjectOptimised.java, Absolute Path :: C:\Users\Hp\Documents\IntelliJ Projects\AppiumPOMProject\.., Normalized Path :: C:\Users\Hp\Documents\IntelliJ Projects 
14:57:47.189 [AppiumTest1@0] DEBUG c.b.utils.SeleniumMethodUtils - getURLFromCommandExecutor: Getting Hub url from HttpCommandExecutor
14:57:47.189 [AppiumTest1@0] DEBUG c.b.utils.SeleniumMethodUtils - getURLFromCommandExecutor: Found url: https://hub-aps.browserstack.com/wd/hub
14:57:47.190 [AppiumTest1@0] DEBUG com.browserstack.testOps.Listener - [ TESTHUB ] Processing Request Kind TestRunFinished
14:57:47.238 [AppiumPOMProject-0@0] DEBUG c.b.testNgListeners.TestNGUtils - [populateTestDataForBSTestOps] Event Type :: TestRunStarted, Test ClassName :: GroupID.FlashTestClass
14:57:47.238 [AppiumPOMProject-0@0] DEBUG c.browserstack.utils.UtilityMethods - [findFileMatcher] Current Path is :: C:\Users\Hp\Documents\IntelliJ Projects\AppiumPOMProject, TestClass :: GroupID\FlashObjectOptimised
14:57:47.244 [AppiumPOMProject-0@0] DEBUG c.b.testNgListeners.TestNGUtils - [populateTestDataForBSTestOps] The filename fetched :: C:\Users\Hp\Documents\IntelliJ Projects\AppiumPOMProject\src\test\java\GroupID\FlashObjectOptimised.java, fileSeparator :: \, AbsolutePath :: C:\Users\Hp\Documents\IntelliJ Projects\AppiumPOMProject\., Normalized Path :: C:\Users\Hp\Documents\IntelliJ Projects\AppiumPOMProject, File.Separator :: \
14:57:47.244 [AppiumPOMProject-0@0] DEBUG c.b.testNgListeners.TestNGUtils - [populateTestDataForBSTestOps] Replaced File Name is :: AppiumPOMProject\src\test\java\GroupID\FlashObjectOptimised.java, Absolute Path :: C:\Users\Hp\Documents\IntelliJ Projects\AppiumPOMProject\.., Normalized Path :: C:\Users\Hp\Documents\IntelliJ Projects 
14:57:47.250 [AppiumPOMProject-0@0] DEBUG c.b.utils.SeleniumMethodUtils - getURLFromCommandExecutor: Getting Hub url from HttpCommandExecutor
14:57:47.250 [AppiumPOMProject-0@0] DEBUG c.b.utils.SeleniumMethodUtils - getURLFromCommandExecutor: Found url: https://hub-aps.browserstack.com/wd/hub
14:57:47.251 [AppiumPOMProject-0@0] DEBUG com.browserstack.testOps.Listener - [ TESTHUB ] Processing Request Kind TestRunStarted
14:57:48.698 [pool-4-thread-1] DEBUG c.browserstack.utils.RequestBatcher - Time Since Last Batch Processed 3988

14:57:48.698 [pool-5-thread-1] DEBUG c.browserstack.utils.RequestBatcher - Processing Batch 2

14:57:48.699 [pool-5-thread-1] DEBUG c.browserstack.testOps.RequestUtils - [requestToTestOps] Sending Observability request: POST api/v1/batch with request size 11903
14:57:48.949 [pool-5-thread-1] DEBUG c.browserstack.testOps.RequestUtils - requestToTestOps: Response code: 200
14:57:48.950 [pool-5-thread-1] DEBUG c.browserstack.utils.LogReportingAPI - 
[2024-08-06T09:27:48.950616700Z][ TESTHUB ] Batch event successfull!

14:57:50.705 [pool-4-thread-1] DEBUG c.browserstack.utils.RequestBatcher - Time Since Last Batch Processed 2007

14:57:53.122 [AppiumTest1@0] DEBUG c.b.testNgListeners.TestNGUtils - [populateTestDataForBSTestOps] Event Type :: TestRunFinished, Test ClassName :: GroupID.FlashTestClass
14:57:53.122 [AppiumTest1@0] DEBUG c.browserstack.utils.UtilityMethods - [findFileMatcher] Current Path is :: C:\Users\Hp\Documents\IntelliJ Projects\AppiumPOMProject, TestClass :: GroupID\FlashObjectOptimised
14:57:53.129 [AppiumTest1@0] DEBUG c.b.testNgListeners.TestNGUtils - [populateTestDataForBSTestOps] The filename fetched :: C:\Users\Hp\Documents\IntelliJ Projects\AppiumPOMProject\src\test\java\GroupID\FlashObjectOptimised.java, fileSeparator :: \, AbsolutePath :: C:\Users\Hp\Documents\IntelliJ Projects\AppiumPOMProject\., Normalized Path :: C:\Users\Hp\Documents\IntelliJ Projects\AppiumPOMProject, File.Separator :: \
14:57:53.129 [AppiumTest1@0] DEBUG c.b.testNgListeners.TestNGUtils - [populateTestDataForBSTestOps] Replaced File Name is :: AppiumPOMProject\src\test\java\GroupID\FlashObjectOptimised.java, Absolute Path :: C:\Users\Hp\Documents\IntelliJ Projects\AppiumPOMProject\.., Normalized Path :: C:\Users\Hp\Documents\IntelliJ Projects 
14:57:53.136 [AppiumTest1@0] DEBUG c.b.utils.SeleniumMethodUtils - getURLFromCommandExecutor: Getting Hub url from HttpCommandExecutor
14:57:53.136 [AppiumTest1@0] DEBUG c.b.utils.SeleniumMethodUtils - getURLFromCommandExecutor: Found url: https://hub-aps.browserstack.com/wd/hub
14:57:53.137 [AppiumTest1@0] DEBUG com.browserstack.testOps.Listener - [ TESTHUB ] Processing Request Kind TestRunFinished
14:57:53.185 [AppiumTest1@0] DEBUG c.browserstack.utils.LogReportingAPI - sendPlatformDetails: Can't send CBT info, as driver or test is not found
14:57:54.699 [pool-4-thread-1] DEBUG c.browserstack.utils.RequestBatcher - Time Since Last Batch Processed 3994

14:57:54.699 [pool-5-thread-1] DEBUG c.browserstack.utils.RequestBatcher - Processing Batch 1

14:57:54.699 [pool-5-thread-1] DEBUG c.browserstack.testOps.RequestUtils - [requestToTestOps] Sending Observability request: POST api/v1/batch with request size 8499
14:57:55.186 [pool-5-thread-1] DEBUG c.browserstack.testOps.RequestUtils - requestToTestOps: Response code: 200
14:57:55.186 [pool-5-thread-1] DEBUG c.browserstack.utils.LogReportingAPI - 
[2024-08-06T09:27:55.186722300Z][ TESTHUB ] Batch event successfull!

14:57:56.224 [main] DEBUG com.browserstack.testOps.Listener - [ TESTHUB ] Processing Request Kind LogCreated
14:57:56.225 [Thread-0] DEBUG c.browserstack.BrowserStackJavaAgent - Starting final execution
14:57:56.225 [Thread-0] DEBUG c.b.u.ObservabilityUtilityMethods - Processing batch requests with type: Global
14:57:56.225 [Thread-0] DEBUG c.browserstack.utils.LogReportingAPI - [2024-08-06T09:27:56.225536700Z][ OBSERVABILITY ] Processing stop observability
14:57:56.225 [pool-5-thread-1] DEBUG c.browserstack.utils.RequestBatcher - Processing Batch 1

14:57:56.225 [pool-5-thread-1] DEBUG c.browserstack.testOps.RequestUtils - [requestToTestOps] Sending Observability request: POST api/v1/batch with request size 340
14:57:56.592 [pool-5-thread-1] DEBUG c.browserstack.testOps.RequestUtils - requestToTestOps: Response code: 200
14:57:56.592 [pool-5-thread-1] DEBUG c.browserstack.utils.LogReportingAPI - 
[2024-08-06T09:27:56.592469Z][ TESTHUB ] Batch event successfull!

14:57:56.593 [Thread-0] DEBUG c.browserstack.testOps.RequestUtils - [ TESTHUB ] Processing Request Kind stopBuildUpstream
14:57:56.593 [Thread-0] DEBUG c.browserstack.testOps.RequestUtils - [requestToTestOps] Sending Observability request: PUT api/v1/builds/wlip2mkafxquke94v1yixbrapwsx07jeukkoqdq2/stop with request size 65
14:57:56.842 [Thread-0] DEBUG c.browserstack.testOps.RequestUtils - requestToTestOps: Response code: 200
14:57:56.842 [Thread-0] DEBUG com.browserstack.testOps.Listener - Testhub stop response: 
14:57:59.066 [Thread-0] DEBUG com.browserstack.testOps.UsageStats - getFormattedData: Collecting data for TestObservability
14:57:59.066 [Thread-0] DEBUG com.browserstack.testOps.UsageStats - getEventStats: Getting event data for TestObservability
14:57:59.069 [Thread-0] DEBUG com.browserstack.testOps.UsageStats - [OBSERVABILITY] Failed to parse data from workers
14:57:59.131 [Thread-0] DEBUG c.b.utils.FunnelInstrumentation - Sending funnel data for SDKTestSuccessful with data: {"event_type":"SDKTestSuccessful","accessKey":"cdWAYU5meFd1rax23PEp","userName":"nayankumar_Rp0sMa","event_properties":{"product":"[app-automate, observability]","buildName":"browserstack build","os":"Windows 11","languageVersion":"18.0.2.1","appiumVersion":"9.2.2","frameworkDetectionInstrumentation":{"parseLoadClass":4,"ret-org.openqa.selenium.remote.RemoteWebDriver":339,"retransformClasses":339,"parseDependencies":16},"language":"java","sdkRunId":"3ec41e14-d712-4a6a-83f6-861ccc9265be","buildIdentifier":"#31","error":"[{\"tests\":{\"GroupID.FlashTestClass-AppiumTest1\":\"Can't locate an element by this strategy: By.chained({By.xpath: \\\/\\\/android.view.View[@index=1]})\"},\"platformVersion\":\"13.0\",\"deviceName\":\"Samsung Galaxy S23\"}]","userFramework":"testng","testhub_uuid":"wlip2mkafxquke94v1yixbrapwsx07jeukkoqdq2","detectedAppiumVersion":"null","detectedDependencies":"testng","productMap":{"app_automate":true,"accessibility":false,"automate":false,"percy":false,"observability":true},"referrer":"testng-javaagent\/1.20.2","hostname":"DESKTOP-13RHPFK","measures":{"local:start":5022,"sdk:setup":10186,"local:stop":2220},"language_framework":"java_testng","detectedFramework":"testng","productUsage":{"testObservability":{"buildHashedId":"wlip2mkafxquke94v1yixbrapwsx07jeukkoqdq2","manuallySet":false,"enabled":true,"events":{"hookEvents":{"started":{"errors":[],"sentCount":1,"triggeredCount":1,"failedCount":0},"finished":{"triggeredCount":1,"failedCount":0,"errors":[],"sentCount":1},"passed":{"errors":[],"sentCount":1,"triggeredCount":1,"failedCount":0}},"logEvents":{"errors":[],"sentCount":12,"triggeredCount":12,"failedCount":0,"log":{"errors":[],"sentCount":12,"triggeredCount":12,"failedCount":0}},"testEvents":{"started":{"errors":[],"sentCount":4,"triggeredCount":4,"failedCount":0},"finished":{"triggeredCount":4,"failedCount":0,"errors":[],"sentCount":4},"failed":{"errors":[],"sentCount":4,"triggeredCount":4,"failedCount":0}},"batchEvents":{"triggeredCount":7,"failedCount":0,"errors":[],"sentCount":7},"cbtSessionEvents":{"errors":[],"sentCount":0,"triggeredCount":0,"failedCount":0},"buildEvents":{"started":{"error":null,"status":"success","triggered":true},"finished":{"error":null,"status":"success","triggered":true}}}}},"detectedSeleniumVersion":"null","browserStackConfig":{"browserstackLocal":true,"percy":false,"logLevel":"info","staticWebDriver":true,"autoDetectFramework":true,"percyCaptureMode":"MANUAL","browserStackLocalOptions":{"localIdentifier":"06_Aug_1455_DESKTOP_13RHPFK_lAva","key":"****"},"percyOptions":null,"testContextOptions":{"skipSessionStatus":false,"serenityOverridePlugin":false,"skipSessionName":false},"platforms":[{"browser":null,"device":"Samsung Galaxy S23","osVersion":null,"browserVersion":null,"os":null,"capabilities":{"platformVersion":13.0,"platformName":"android","deviceName":"Samsung Galaxy S23"},"platformCaps":{"platformVersion":13.0,"platformName":"android","deviceName":"Samsung Galaxy S23"},"platformString":"Samsung Galaxy S23, 13.0","customVariables":"****"}],"parallelsPerPlatform":1,"framework":"testng","accessibility":false,"accessibilityOptions":{},"turboScaleOptions":{},"disableAutoCaptureLogs":true,"testObservability":true,"browserstackAutomation":true,"turboScale":false,"testObservabilityOptions":{},"gradleMConfig":null,"proxySettings":null},"seleniumVersion":""}}
14:58:00.071 [Thread-0] DEBUG c.b.utils.FunnelInstrumentation - API Event SDKTestSuccessful response - {"message":"SDK Event recorded successfully"}
14:58:02.155 [Thread-0] DEBUG c.browserstack.utils.UtilityMethods - Server side buildName(browserstack build  31) is not same as client side buildName(browserstack build #31)
14:58:02.156 [Thread-0] DEBUG c.browserstack.utils.UtilityMethods - Browserstack Gradle-M Config File does not exist.
15:01:58.954 [main] DEBUG c.b.config.BrowserStackConfig - Cli Config passed - {}
15:01:59.251 [main] DEBUG c.b.logger.BrowserstackLoggerFactory - Log Level set to TRACE for logger com.browserstack
15:01:59.251 [main] DEBUG c.b.logger.BrowserstackLoggerFactory - Log Level set to INFO for logger stdoutPrinter
15:01:59.349 [main] DEBUG c.b.utils.FrameworkDetectionUtils - Java command - com.intellij.rt.testng.RemoteTestNGStarter -usedefaultlisteners false -socket53714 @w@C:\Users\Hp\AppData\Local\Temp\idea_working_dirs_testng.tmp -temp C:\Users\Hp\AppData\Local\Temp\idea_testng.tmp
15:01:59.349 [main] DEBUG c.b.utils.FrameworkDetectionUtils - Test classes detected: 
15:01:59.355 [main] DEBUG c.b.utils.FrameworkDetectionUtils - Runner: testng, Engine: none
15:01:59.372 [main] DEBUG c.b.utils.FrameworkDetectionUtils - Runner: testng, Engine: none from dependencies
15:01:59.373 [main] DEBUG c.b.utils.FrameworkDetectionUtils - Detected final framework as: testng
15:01:59.373 [main] DEBUG c.browserstack.BrowserStackJavaAgent - JavaAgent Version 1.20.2
15:01:59.376 [main] DEBUG c.b.utils.ExitSignalHandler - Registered handler for INT
15:01:59.376 [main] DEBUG c.b.utils.ExitSignalHandler - Registered handler for TERM
15:01:59.376 [main] DEBUG c.b.utils.ExitSignalHandler - Unable to attach signal handler for HUP Unknown signal: HUP
15:01:59.376 [main] DEBUG c.b.utils.ExitSignalHandler - Registered handler for ABRT
15:01:59.853 [Thread-1] DEBUG c.browserstack.utils.UtilityMethods - NEXT HUBS ARE: ["hub-aps.browserstack.com","hub-euw.browserstack.com","hub-apse.browserstack.com"]
15:02:00.156 [main] DEBUG c.browserstack.utils.UtilityMethods - EXECUTION TIME OF hub-aps.browserstack.com HUB IS: 301ms
15:02:01.049 [main] DEBUG c.browserstack.utils.UtilityMethods - EXECUTION TIME OF hub-euw.browserstack.com HUB IS: 891ms
15:02:01.985 [main] DEBUG c.browserstack.utils.UtilityMethods - EXECUTION TIME OF hub-apse.browserstack.com HUB IS: 934ms
15:02:01.986 [main] DEBUG c.browserstack.utils.UtilityMethods - NEAREST HUB ALLOCATED IS - hub-aps.browserstack.com
15:02:01.999 [main] DEBUG c.b.utils.FunnelInstrumentation - Sending funnel data for SDKTestAttempted with data: {"event_type":"SDKTestAttempted","accessKey":"cdWAYU5meFd1rax23PEp","userName":"nayankumar_Rp0sMa","event_properties":{"product":"[app-automate, observability]","buildName":"browserstack build","os":"Windows 11","languageVersion":"18.0.2.1","appiumVersion":"9.2.2","frameworkDetectionInstrumentation":{"parseLoadClass":5,"parseDependencies":17},"language":"java","sdkRunId":"b4b64272-2965-4bfe-88d0-39fe77a53766","buildIdentifier":"#32","userFramework":"testng","testhub_uuid":"","detectedAppiumVersion":"null","detectedDependencies":"testng","productMap":{"app_automate":true,"accessibility":false,"automate":false,"percy":false,"observability":true},"referrer":"testng-javaagent\/1.20.2","hostname":"DESKTOP-13RHPFK","language_framework":"java_testng","detectedFramework":"testng","detectedSeleniumVersion":"null","seleniumVersion":""}}
15:02:02.394 [main] DEBUG c.b.utils.FunnelInstrumentation - API Event SDKTestAttempted response - {"message":"SDK Event recorded successfully"}
15:02:02.592 [main] DEBUG c.browserstack.testOps.RequestUtils - [ TESTHUB ] Processing Request Kind launchTestSession
15:02:02.592 [main] DEBUG c.browserstack.testOps.RequestUtils - [requestToTestOps] Sending Observability request: POST api/v2/builds with request size 1331
15:02:04.031 [main] DEBUG c.browserstack.testOps.RequestUtils - requestToTestOps: Response code: 200
15:02:04.032 [main] DEBUG com.browserstack.testOps.Listener - BROWSERSTACK_TESTHUB_UUID : jmkybcurwjczfk4qg03nniezb378ttaqaysstuhc
15:02:04.032 [main] DEBUG com.browserstack.testOps.Listener - [ TESTHUB ] Build creation successfull
15:02:04.035 [main] DEBUG com.browserstack.LocalFactory - Starting BrowserStack Local with identifier 06_Aug_151_DESKTOP_13RHPFK_rgkB
15:02:10.129 [main] DEBUG c.b.t.XMLSuiteClassListener - Number of parallels - 1 and number of platforms - 1
15:02:10.493 [main] DEBUG com.browserstack.testOps.Listener - [ TESTHUB ] Processing Request Kind LogCreated
15:02:10.497 [main] DEBUG com.browserstack.testOps.Listener - [ TESTHUB ] Processing Request Kind LogCreated
15:02:10.502 [main] DEBUG com.browserstack.testOps.Listener - [ TESTHUB ] Processing Request Kind LogCreated
15:02:10.503 [main] DEBUG com.browserstack.testOps.Listener - [ TESTHUB ] Processing Request Kind LogCreated
15:02:10.503 [main] DEBUG com.browserstack.testOps.Listener - [ TESTHUB ] Processing Request Kind LogCreated
15:02:10.513 [main] DEBUG com.browserstack.testOps.Listener - [ TESTHUB ] Processing Request Kind LogCreated
15:02:10.513 [main] DEBUG com.browserstack.testOps.Listener - [ TESTHUB ] Processing Request Kind LogCreated
15:02:10.513 [main] DEBUG com.browserstack.testOps.Listener - [ TESTHUB ] Processing Request Kind LogCreated
15:02:10.513 [main] DEBUG com.browserstack.testOps.Listener - [ TESTHUB ] Processing Request Kind LogCreated
15:02:10.513 [main] DEBUG com.browserstack.testOps.Listener - [ TESTHUB ] Processing Request Kind LogCreated
15:02:10.522 [main] DEBUG com.browserstack.testOps.Listener - [ TESTHUB ] Processing Request Kind LogCreated
15:02:10.523 [main] DEBUG c.browserstack.utils.LogReportingAPI - [2024-08-06T09:32:10.523359200Z][ OBSERVABILITY ] Processing Logs patching stream
15:02:10.584 [configureAppium@0] DEBUG c.b.testNgListeners.TestNGUtils - [populateTestDataForBSTestOps] Event Type :: HookRunStarted, Method ClassName :: testBaseUtils.WFlashBeforeEachTestAndroid 
15:02:10.584 [configureAppium@0] DEBUG c.browserstack.utils.UtilityMethods - [findFileMatcher] Current Path is :: C:\Users\Hp\Documents\IntelliJ Projects\AppiumPOMProject, TestClass :: testBaseUtils\WFlashBeforeEachTestAndroid
15:02:10.604 [configureAppium@0] DEBUG c.b.testNgListeners.TestNGUtils - [populateTestDataForBSTestOps] The filename fetched :: C:\Users\Hp\Documents\IntelliJ Projects\AppiumPOMProject\src\test\java\testBaseUtils\WFlashBeforeEachTestAndroid.java, fileSeparator :: \, AbsolutePath :: C:\Users\Hp\Documents\IntelliJ Projects\AppiumPOMProject\., Normalized Path :: C:\Users\Hp\Documents\IntelliJ Projects\AppiumPOMProject, File.Separator :: \
15:02:10.605 [configureAppium@0] DEBUG c.b.testNgListeners.TestNGUtils - [populateTestDataForBSTestOps] Replaced File Name is :: AppiumPOMProject\src\test\java\testBaseUtils\WFlashBeforeEachTestAndroid.java, Absolute Path :: C:\Users\Hp\Documents\IntelliJ Projects\AppiumPOMProject\.., Normalized Path :: C:\Users\Hp\Documents\IntelliJ Projects 
15:02:10.609 [configureAppium@0] DEBUG com.browserstack.testOps.Listener - [ TESTHUB ] Processing Request Kind HookRunStarted
15:02:12.499 [pool-4-thread-1] DEBUG c.browserstack.utils.RequestBatcher - Time Since Last Batch Processed 1722936732499

15:02:12.502 [pool-5-thread-1] DEBUG c.browserstack.utils.RequestBatcher - Processing Batch 12

15:02:12.503 [pool-5-thread-1] DEBUG c.browserstack.testOps.RequestUtils - [requestToTestOps] Sending Observability request: POST api/v1/batch with request size 3433
15:02:12.747 [pool-5-thread-1] DEBUG c.browserstack.testOps.RequestUtils - requestToTestOps: Response code: 200
15:02:12.747 [pool-5-thread-1] DEBUG c.browserstack.utils.LogReportingAPI - 
[2024-08-06T09:32:12.747786700Z][ TESTHUB ] Batch event successfull!

15:02:16.505 [pool-4-thread-1] DEBUG c.browserstack.utils.RequestBatcher - Time Since Last Batch Processed 4005

15:02:18.507 [pool-4-thread-1] DEBUG c.browserstack.utils.RequestBatcher - Time Since Last Batch Processed 2001

15:02:20.510 [pool-4-thread-1] DEBUG c.browserstack.utils.RequestBatcher - Time Since Last Batch Processed 2003

15:02:24.510 [pool-4-thread-1] DEBUG c.browserstack.utils.RequestBatcher - Time Since Last Batch Processed 4000

15:02:26.511 [pool-4-thread-1] DEBUG c.browserstack.utils.RequestBatcher - Time Since Last Batch Processed 2001

15:02:30.501 [pool-4-thread-1] DEBUG c.browserstack.utils.RequestBatcher - Time Since Last Batch Processed 3990

15:02:30.870 [AppiumPOMProject-0@0] DEBUG c.b.testNgListeners.TestNGUtils - [populateTestDataForBSTestOps] Event Type :: TestRunStarted, Test ClassName :: GroupID.FlashTestClass
15:02:30.870 [AppiumPOMProject-0@0] DEBUG c.browserstack.utils.UtilityMethods - [findFileMatcher] Current Path is :: C:\Users\Hp\Documents\IntelliJ Projects\AppiumPOMProject, TestClass :: GroupID\FlashObjectOptimised
15:02:30.877 [AppiumPOMProject-0@0] DEBUG c.b.testNgListeners.TestNGUtils - [populateTestDataForBSTestOps] The filename fetched :: C:\Users\Hp\Documents\IntelliJ Projects\AppiumPOMProject\src\test\java\GroupID\FlashObjectOptimised.java, fileSeparator :: \, AbsolutePath :: C:\Users\Hp\Documents\IntelliJ Projects\AppiumPOMProject\., Normalized Path :: C:\Users\Hp\Documents\IntelliJ Projects\AppiumPOMProject, File.Separator :: \
15:02:30.877 [AppiumPOMProject-0@0] DEBUG c.b.testNgListeners.TestNGUtils - [populateTestDataForBSTestOps] Replaced File Name is :: AppiumPOMProject\src\test\java\GroupID\FlashObjectOptimised.java, Absolute Path :: C:\Users\Hp\Documents\IntelliJ Projects\AppiumPOMProject\.., Normalized Path :: C:\Users\Hp\Documents\IntelliJ Projects 
15:02:30.883 [AppiumPOMProject-0@0] DEBUG com.browserstack.testOps.Listener - [ TESTHUB ] Processing Request Kind TestRunStarted
15:02:30.884 [AppiumTest1@0] DEBUG c.b.testNgListeners.TestNGUtils - [populateTestDataForBSTestOps] Event Type :: HookRunFinished, Method ClassName :: testBaseUtils.WFlashBeforeEachTestAndroid 
15:02:30.885 [AppiumTest1@0] DEBUG c.browserstack.utils.UtilityMethods - [findFileMatcher] Current Path is :: C:\Users\Hp\Documents\IntelliJ Projects\AppiumPOMProject, TestClass :: testBaseUtils\WFlashBeforeEachTestAndroid
15:02:30.891 [AppiumTest1@0] DEBUG c.b.testNgListeners.TestNGUtils - [populateTestDataForBSTestOps] The filename fetched :: C:\Users\Hp\Documents\IntelliJ Projects\AppiumPOMProject\src\test\java\testBaseUtils\WFlashBeforeEachTestAndroid.java, fileSeparator :: \, AbsolutePath :: C:\Users\Hp\Documents\IntelliJ Projects\AppiumPOMProject\., Normalized Path :: C:\Users\Hp\Documents\IntelliJ Projects\AppiumPOMProject, File.Separator :: \
15:02:30.891 [AppiumTest1@0] DEBUG c.b.testNgListeners.TestNGUtils - [populateTestDataForBSTestOps] Replaced File Name is :: AppiumPOMProject\src\test\java\testBaseUtils\WFlashBeforeEachTestAndroid.java, Absolute Path :: C:\Users\Hp\Documents\IntelliJ Projects\AppiumPOMProject\.., Normalized Path :: C:\Users\Hp\Documents\IntelliJ Projects 
15:02:30.891 [AppiumTest1@0] DEBUG com.browserstack.testOps.Listener - [ TESTHUB ] Processing Request Kind HookRunFinished
15:02:30.892 [AppiumTest1@0] DEBUG c.b.testNgListeners.TestNGUtils - [populateTestDataForBSTestOps] Event Type :: TestRunSkipped, Test ClassName :: GroupID.FlashTestClass
15:02:30.892 [AppiumTest1@0] DEBUG c.browserstack.utils.UtilityMethods - [findFileMatcher] Current Path is :: C:\Users\Hp\Documents\IntelliJ Projects\AppiumPOMProject, TestClass :: GroupID\FlashObjectOptimised
15:02:30.899 [AppiumTest1@0] DEBUG c.b.testNgListeners.TestNGUtils - [populateTestDataForBSTestOps] The filename fetched :: C:\Users\Hp\Documents\IntelliJ Projects\AppiumPOMProject\src\test\java\GroupID\FlashObjectOptimised.java, fileSeparator :: \, AbsolutePath :: C:\Users\Hp\Documents\IntelliJ Projects\AppiumPOMProject\., Normalized Path :: C:\Users\Hp\Documents\IntelliJ Projects\AppiumPOMProject, File.Separator :: \
15:02:30.899 [AppiumTest1@0] DEBUG c.b.testNgListeners.TestNGUtils - [populateTestDataForBSTestOps] Replaced File Name is :: AppiumPOMProject\src\test\java\GroupID\FlashObjectOptimised.java, Absolute Path :: C:\Users\Hp\Documents\IntelliJ Projects\AppiumPOMProject\.., Normalized Path :: C:\Users\Hp\Documents\IntelliJ Projects 
15:02:30.903 [AppiumTest1@0] DEBUG com.browserstack.testOps.Listener - [ TESTHUB ] Processing Request Kind TestRunFinished
15:02:30.903 [AppiumTest1@0] DEBUG c.browserstack.utils.LogReportingAPI - sendSync failed - driver not found
15:02:30.906 [AppiumPOMProject-0@0] DEBUG c.b.testNgListeners.TestNGUtils - [populateTestDataForBSTestOps] Event Type :: TestRunStarted, Test ClassName :: GroupID.FlashTestClass
15:02:30.907 [AppiumPOMProject-0@0] DEBUG c.browserstack.utils.UtilityMethods - [findFileMatcher] Current Path is :: C:\Users\Hp\Documents\IntelliJ Projects\AppiumPOMProject, TestClass :: GroupID\FlashObjectOptimised
15:02:30.915 [AppiumPOMProject-0@0] DEBUG c.b.testNgListeners.TestNGUtils - [populateTestDataForBSTestOps] The filename fetched :: C:\Users\Hp\Documents\IntelliJ Projects\AppiumPOMProject\src\test\java\GroupID\FlashObjectOptimised.java, fileSeparator :: \, AbsolutePath :: C:\Users\Hp\Documents\IntelliJ Projects\AppiumPOMProject\., Normalized Path :: C:\Users\Hp\Documents\IntelliJ Projects\AppiumPOMProject, File.Separator :: \
15:02:30.915 [AppiumPOMProject-0@0] DEBUG c.b.testNgListeners.TestNGUtils - [populateTestDataForBSTestOps] Replaced File Name is :: AppiumPOMProject\src\test\java\GroupID\FlashObjectOptimised.java, Absolute Path :: C:\Users\Hp\Documents\IntelliJ Projects\AppiumPOMProject\.., Normalized Path :: C:\Users\Hp\Documents\IntelliJ Projects 
15:02:30.919 [AppiumPOMProject-0@0] DEBUG com.browserstack.testOps.Listener - [ TESTHUB ] Processing Request Kind TestRunStarted
15:02:30.921 [AppiumTest1@0] DEBUG c.b.testNgListeners.TestNGUtils - [populateTestDataForBSTestOps] Event Type :: TestRunSkipped, Test ClassName :: GroupID.FlashTestClass
15:02:30.921 [AppiumTest1@0] DEBUG c.browserstack.utils.UtilityMethods - [findFileMatcher] Current Path is :: C:\Users\Hp\Documents\IntelliJ Projects\AppiumPOMProject, TestClass :: GroupID\FlashObjectOptimised
15:02:30.927 [AppiumTest1@0] DEBUG c.b.testNgListeners.TestNGUtils - [populateTestDataForBSTestOps] The filename fetched :: C:\Users\Hp\Documents\IntelliJ Projects\AppiumPOMProject\src\test\java\GroupID\FlashObjectOptimised.java, fileSeparator :: \, AbsolutePath :: C:\Users\Hp\Documents\IntelliJ Projects\AppiumPOMProject\., Normalized Path :: C:\Users\Hp\Documents\IntelliJ Projects\AppiumPOMProject, File.Separator :: \
15:02:30.927 [AppiumTest1@0] DEBUG c.b.testNgListeners.TestNGUtils - [populateTestDataForBSTestOps] Replaced File Name is :: AppiumPOMProject\src\test\java\GroupID\FlashObjectOptimised.java, Absolute Path :: C:\Users\Hp\Documents\IntelliJ Projects\AppiumPOMProject\.., Normalized Path :: C:\Users\Hp\Documents\IntelliJ Projects 
15:02:30.930 [AppiumTest1@0] DEBUG com.browserstack.testOps.Listener - [ TESTHUB ] Processing Request Kind TestRunFinished
15:02:30.930 [AppiumTest1@0] DEBUG c.browserstack.utils.LogReportingAPI - sendSync failed - driver not found
15:02:30.934 [AppiumPOMProject-0@0] DEBUG c.b.testNgListeners.TestNGUtils - [populateTestDataForBSTestOps] Event Type :: TestRunStarted, Test ClassName :: GroupID.FlashTestClass
15:02:30.934 [AppiumPOMProject-0@0] DEBUG c.browserstack.utils.UtilityMethods - [findFileMatcher] Current Path is :: C:\Users\Hp\Documents\IntelliJ Projects\AppiumPOMProject, TestClass :: GroupID\FlashObjectOptimised
15:02:30.943 [AppiumPOMProject-0@0] DEBUG c.b.testNgListeners.TestNGUtils - [populateTestDataForBSTestOps] The filename fetched :: C:\Users\Hp\Documents\IntelliJ Projects\AppiumPOMProject\src\test\java\GroupID\FlashObjectOptimised.java, fileSeparator :: \, AbsolutePath :: C:\Users\Hp\Documents\IntelliJ Projects\AppiumPOMProject\., Normalized Path :: C:\Users\Hp\Documents\IntelliJ Projects\AppiumPOMProject, File.Separator :: \
15:02:30.944 [AppiumPOMProject-0@0] DEBUG c.b.testNgListeners.TestNGUtils - [populateTestDataForBSTestOps] Replaced File Name is :: AppiumPOMProject\src\test\java\GroupID\FlashObjectOptimised.java, Absolute Path :: C:\Users\Hp\Documents\IntelliJ Projects\AppiumPOMProject\.., Normalized Path :: C:\Users\Hp\Documents\IntelliJ Projects 
15:02:30.947 [AppiumPOMProject-0@0] DEBUG com.browserstack.testOps.Listener - [ TESTHUB ] Processing Request Kind TestRunStarted
15:02:30.947 [AppiumTest1@0] DEBUG c.b.testNgListeners.TestNGUtils - [populateTestDataForBSTestOps] Event Type :: TestRunSkipped, Test ClassName :: GroupID.FlashTestClass
15:02:30.948 [AppiumTest1@0] DEBUG c.browserstack.utils.UtilityMethods - [findFileMatcher] Current Path is :: C:\Users\Hp\Documents\IntelliJ Projects\AppiumPOMProject, TestClass :: GroupID\FlashObjectOptimised
15:02:30.954 [AppiumTest1@0] DEBUG c.b.testNgListeners.TestNGUtils - [populateTestDataForBSTestOps] The filename fetched :: C:\Users\Hp\Documents\IntelliJ Projects\AppiumPOMProject\src\test\java\GroupID\FlashObjectOptimised.java, fileSeparator :: \, AbsolutePath :: C:\Users\Hp\Documents\IntelliJ Projects\AppiumPOMProject\., Normalized Path :: C:\Users\Hp\Documents\IntelliJ Projects\AppiumPOMProject, File.Separator :: \
15:02:30.954 [AppiumTest1@0] DEBUG c.b.testNgListeners.TestNGUtils - [populateTestDataForBSTestOps] Replaced File Name is :: AppiumPOMProject\src\test\java\GroupID\FlashObjectOptimised.java, Absolute Path :: C:\Users\Hp\Documents\IntelliJ Projects\AppiumPOMProject\.., Normalized Path :: C:\Users\Hp\Documents\IntelliJ Projects 
15:02:30.958 [AppiumTest1@0] DEBUG com.browserstack.testOps.Listener - [ TESTHUB ] Processing Request Kind TestRunFinished
15:02:30.958 [AppiumTest1@0] DEBUG c.browserstack.utils.LogReportingAPI - sendSync failed - driver not found
15:02:30.961 [AppiumPOMProject-0@0] DEBUG c.b.testNgListeners.TestNGUtils - [populateTestDataForBSTestOps] Event Type :: TestRunStarted, Test ClassName :: GroupID.FlashTestClass
15:02:30.961 [AppiumPOMProject-0@0] DEBUG c.browserstack.utils.UtilityMethods - [findFileMatcher] Current Path is :: C:\Users\Hp\Documents\IntelliJ Projects\AppiumPOMProject, TestClass :: GroupID\FlashObjectOptimised
15:02:30.968 [AppiumPOMProject-0@0] DEBUG c.b.testNgListeners.TestNGUtils - [populateTestDataForBSTestOps] The filename fetched :: C:\Users\Hp\Documents\IntelliJ Projects\AppiumPOMProject\src\test\java\GroupID\FlashObjectOptimised.java, fileSeparator :: \, AbsolutePath :: C:\Users\Hp\Documents\IntelliJ Projects\AppiumPOMProject\., Normalized Path :: C:\Users\Hp\Documents\IntelliJ Projects\AppiumPOMProject, File.Separator :: \
15:02:30.969 [AppiumPOMProject-0@0] DEBUG c.b.testNgListeners.TestNGUtils - [populateTestDataForBSTestOps] Replaced File Name is :: AppiumPOMProject\src\test\java\GroupID\FlashObjectOptimised.java, Absolute Path :: C:\Users\Hp\Documents\IntelliJ Projects\AppiumPOMProject\.., Normalized Path :: C:\Users\Hp\Documents\IntelliJ Projects 
15:02:30.970 [AppiumPOMProject-0@0] DEBUG com.browserstack.testOps.Listener - [ TESTHUB ] Processing Request Kind TestRunStarted
15:02:30.972 [AppiumTest1@0] DEBUG c.b.testNgListeners.TestNGUtils - [populateTestDataForBSTestOps] Event Type :: TestRunSkipped, Test ClassName :: GroupID.FlashTestClass
15:02:30.972 [AppiumTest1@0] DEBUG c.browserstack.utils.UtilityMethods - [findFileMatcher] Current Path is :: C:\Users\Hp\Documents\IntelliJ Projects\AppiumPOMProject, TestClass :: GroupID\FlashObjectOptimised
15:02:30.980 [AppiumTest1@0] DEBUG c.b.testNgListeners.TestNGUtils - [populateTestDataForBSTestOps] The filename fetched :: C:\Users\Hp\Documents\IntelliJ Projects\AppiumPOMProject\src\test\java\GroupID\FlashObjectOptimised.java, fileSeparator :: \, AbsolutePath :: C:\Users\Hp\Documents\IntelliJ Projects\AppiumPOMProject\., Normalized Path :: C:\Users\Hp\Documents\IntelliJ Projects\AppiumPOMProject, File.Separator :: \
15:02:30.980 [AppiumTest1@0] DEBUG c.b.testNgListeners.TestNGUtils - [populateTestDataForBSTestOps] Replaced File Name is :: AppiumPOMProject\src\test\java\GroupID\FlashObjectOptimised.java, Absolute Path :: C:\Users\Hp\Documents\IntelliJ Projects\AppiumPOMProject\.., Normalized Path :: C:\Users\Hp\Documents\IntelliJ Projects 
15:02:30.984 [AppiumTest1@0] DEBUG com.browserstack.testOps.Listener - [ TESTHUB ] Processing Request Kind TestRunFinished
15:02:30.984 [AppiumTest1@0] DEBUG c.browserstack.utils.LogReportingAPI - sendSync failed - driver not found
15:02:30.992 [main] DEBUG com.browserstack.testOps.Listener - [ TESTHUB ] Processing Request Kind LogCreated
15:02:30.993 [Thread-0] DEBUG c.browserstack.BrowserStackJavaAgent - Starting final execution
15:02:30.993 [Thread-0] DEBUG c.b.u.ObservabilityUtilityMethods - Processing batch requests with type: Global
15:02:30.993 [Thread-0] DEBUG c.browserstack.utils.LogReportingAPI - [2024-08-06T09:32:30.993582900Z][ OBSERVABILITY ] Processing stop observability
15:02:30.994 [pool-5-thread-1] DEBUG c.browserstack.utils.RequestBatcher - Processing Batch 10

15:02:31.008 [pool-5-thread-1] DEBUG c.browserstack.testOps.RequestUtils - [requestToTestOps] Sending Observability request: POST api/v1/batch with request size 49302
15:02:31.492 [pool-5-thread-1] DEBUG c.browserstack.testOps.RequestUtils - requestToTestOps: Response code: 200
15:02:31.493 [pool-5-thread-1] DEBUG c.browserstack.utils.LogReportingAPI - 
[2024-08-06T09:32:31.493503700Z][ TESTHUB ] Batch event successfull!

15:02:31.493 [Thread-0] DEBUG c.browserstack.testOps.RequestUtils - [ TESTHUB ] Processing Request Kind stopBuildUpstream
15:02:31.494 [Thread-0] DEBUG c.browserstack.testOps.RequestUtils - [requestToTestOps] Sending Observability request: PUT api/v1/builds/jmkybcurwjczfk4qg03nniezb378ttaqaysstuhc/stop with request size 65
15:02:31.742 [Thread-0] DEBUG c.browserstack.testOps.RequestUtils - requestToTestOps: Response code: 200
15:02:31.742 [Thread-0] DEBUG com.browserstack.testOps.Listener - Testhub stop response: 
15:02:34.038 [Thread-0] DEBUG com.browserstack.testOps.UsageStats - getFormattedData: Collecting data for TestObservability
15:02:34.038 [Thread-0] DEBUG com.browserstack.testOps.UsageStats - getEventStats: Getting event data for TestObservability
15:02:34.040 [Thread-0] DEBUG com.browserstack.testOps.UsageStats - [OBSERVABILITY] Failed to parse data from workers
15:02:34.127 [Thread-0] DEBUG c.b.utils.FunnelInstrumentation - Sending funnel data for SDKTestSuccessful with data: {"event_type":"SDKTestSuccessful","accessKey":"cdWAYU5meFd1rax23PEp","userName":"nayankumar_Rp0sMa","event_properties":{"product":"[app-automate, observability]","buildName":"browserstack build","os":"Windows 11","languageVersion":"18.0.2.1","appiumVersion":"9.2.2","frameworkDetectionInstrumentation":{"parseLoadClass":5,"ret-org.openqa.selenium.remote.RemoteWebDriver":373,"retransformClasses":373,"parseDependencies":17},"language":"java","sdkRunId":"b4b64272-2965-4bfe-88d0-39fe77a53766","buildIdentifier":"#32","userFramework":"testng","testhub_uuid":"jmkybcurwjczfk4qg03nniezb378ttaqaysstuhc","detectedAppiumVersion":"null","detectedDependencies":"testng","productMap":{"app_automate":true,"accessibility":false,"automate":false,"percy":false,"observability":true},"referrer":"testng-javaagent\/1.20.2","hostname":"DESKTOP-13RHPFK","measures":{"local:start":5484,"sdk:setup":10916,"local:stop":2292},"language_framework":"java_testng","detectedFramework":"testng","productUsage":{"testObservability":{"buildHashedId":"jmkybcurwjczfk4qg03nniezb378ttaqaysstuhc","manuallySet":false,"enabled":true,"events":{"hookEvents":{"started":{"errors":[],"triggeredCount":1,"sentCount":1,"failedCount":0},"finished":{"triggeredCount":1,"failedCount":0,"errors":[],"sentCount":1},"failed":{"errors":[],"triggeredCount":1,"sentCount":1,"failedCount":0}},"logEvents":{"errors":[],"triggeredCount":12,"sentCount":12,"failedCount":0,"log":{"errors":[],"triggeredCount":12,"sentCount":12,"failedCount":0}},"testEvents":{"started":{"errors":[],"triggeredCount":4,"sentCount":4,"failedCount":0},"finished":{"triggeredCount":4,"failedCount":0,"errors":[],"sentCount":4},"skipped":{"errors":[],"triggeredCount":4,"sentCount":4,"failedCount":0}},"batchEvents":{"triggeredCount":2,"failedCount":0,"errors":[],"sentCount":2},"cbtSessionEvents":{"errors":[],"triggeredCount":0,"sentCount":0,"failedCount":0},"buildEvents":{"started":{"error":null,"triggered":true,"status":"success"},"finished":{"error":null,"triggered":true,"status":"success"}}}}},"detectedSeleniumVersion":"null","browserStackConfig":{"browserstackLocal":true,"percy":false,"logLevel":"info","staticWebDriver":true,"autoDetectFramework":true,"percyCaptureMode":"MANUAL","browserStackLocalOptions":{"localIdentifier":"06_Aug_151_DESKTOP_13RHPFK_rgkB","key":"****"},"percyOptions":null,"testContextOptions":{"skipSessionStatus":false,"skipSessionName":false,"serenityOverridePlugin":false},"platforms":[{"device":"Samsung Galaxy S23","capabilities":{"platformVersion":13.0,"platformName":"android","deviceName":"Samsung Galaxy S23"},"os":null,"osVersion":null,"platformCaps":{"platformVersion":13.0,"platformName":"android","deviceName":"Samsung Galaxy S23"},"browser":null,"browserVersion":null,"platformString":"Samsung Galaxy S23, 13.0","customVariables":"****"}],"parallelsPerPlatform":1,"framework":"testng","accessibility":false,"accessibilityOptions":{},"turboScaleOptions":{},"disableAutoCaptureLogs":true,"testObservability":true,"browserstackAutomation":true,"turboScale":false,"testObservabilityOptions":{},"gradleMConfig":null,"proxySettings":null},"seleniumVersion":""}}
15:02:34.456 [Thread-0] DEBUG c.b.utils.FunnelInstrumentation - API Event SDKTestSuccessful response - {"message":"SDK Event recorded successfully"}
15:02:36.528 [Thread-0] DEBUG c.browserstack.utils.UtilityMethods - Browserstack Gradle-M Config File does not exist.
15:02:41.389 [main] DEBUG c.b.config.BrowserStackConfig - Cli Config passed - {}
15:02:41.699 [main] DEBUG c.b.logger.BrowserstackLoggerFactory - Log Level set to TRACE for logger com.browserstack
15:02:41.699 [main] DEBUG c.b.logger.BrowserstackLoggerFactory - Log Level set to INFO for logger stdoutPrinter
15:02:41.799 [main] DEBUG c.b.utils.FrameworkDetectionUtils - Java command - com.intellij.rt.testng.RemoteTestNGStarter -usedefaultlisteners false -socket53861 @w@C:\Users\Hp\AppData\Local\Temp\idea_working_dirs_testng.tmp -temp C:\Users\Hp\AppData\Local\Temp\idea_testng.tmp
15:02:41.799 [main] DEBUG c.b.utils.FrameworkDetectionUtils - Test classes detected: 
15:02:41.807 [main] DEBUG c.b.utils.FrameworkDetectionUtils - Runner: testng, Engine: none
15:02:41.820 [main] DEBUG c.b.utils.FrameworkDetectionUtils - Runner: testng, Engine: none from dependencies
15:02:41.820 [main] DEBUG c.b.utils.FrameworkDetectionUtils - Detected final framework as: testng
15:02:41.820 [main] DEBUG c.browserstack.BrowserStackJavaAgent - JavaAgent Version 1.20.2
15:02:41.824 [main] DEBUG c.b.utils.ExitSignalHandler - Registered handler for INT
15:02:41.825 [main] DEBUG c.b.utils.ExitSignalHandler - Registered handler for TERM
15:02:41.825 [main] DEBUG c.b.utils.ExitSignalHandler - Unable to attach signal handler for HUP Unknown signal: HUP
15:02:41.825 [main] DEBUG c.b.utils.ExitSignalHandler - Registered handler for ABRT
15:02:42.203 [Thread-1] DEBUG c.browserstack.utils.UtilityMethods - NEXT HUBS ARE: ["hub-aps.browserstack.com","hub-euw.browserstack.com","hub-apse.browserstack.com"]
15:02:42.470 [main] DEBUG c.browserstack.utils.UtilityMethods - EXECUTION TIME OF hub-aps.browserstack.com HUB IS: 266ms
15:02:43.332 [main] DEBUG c.browserstack.utils.UtilityMethods - EXECUTION TIME OF hub-euw.browserstack.com HUB IS: 857ms
15:02:44.306 [main] DEBUG c.browserstack.utils.UtilityMethods - EXECUTION TIME OF hub-apse.browserstack.com HUB IS: 974ms
15:02:44.307 [main] DEBUG c.browserstack.utils.UtilityMethods - NEAREST HUB ALLOCATED IS - hub-aps.browserstack.com
15:02:44.319 [main] DEBUG c.b.utils.FunnelInstrumentation - Sending funnel data for SDKTestAttempted with data: {"event_type":"SDKTestAttempted","accessKey":"cdWAYU5meFd1rax23PEp","userName":"nayankumar_Rp0sMa","event_properties":{"product":"[app-automate, observability]","buildName":"browserstack build","os":"Windows 11","languageVersion":"18.0.2.1","appiumVersion":"9.2.2","frameworkDetectionInstrumentation":{"parseLoadClass":5,"parseDependencies":13},"language":"java","sdkRunId":"ad78bd0a-6998-4254-9000-9762d9840488","buildIdentifier":"#33","userFramework":"testng","testhub_uuid":"","detectedAppiumVersion":"null","detectedDependencies":"testng","productMap":{"app_automate":true,"accessibility":false,"automate":false,"percy":false,"observability":true},"referrer":"testng-javaagent\/1.20.2","hostname":"DESKTOP-13RHPFK","language_framework":"java_testng","detectedFramework":"testng","detectedSeleniumVersion":"null","seleniumVersion":""}}
15:02:44.683 [main] DEBUG c.b.utils.FunnelInstrumentation - API Event SDKTestAttempted response - {"message":"SDK Event recorded successfully"}
15:02:44.876 [main] DEBUG c.browserstack.testOps.RequestUtils - [ TESTHUB ] Processing Request Kind launchTestSession
15:02:44.876 [main] DEBUG c.browserstack.testOps.RequestUtils - [requestToTestOps] Sending Observability request: POST api/v2/builds with request size 1331
15:02:46.181 [main] DEBUG c.browserstack.testOps.RequestUtils - requestToTestOps: Response code: 200
15:02:46.182 [main] DEBUG com.browserstack.testOps.Listener - BROWSERSTACK_TESTHUB_UUID : 7isz6fmk2cyjm2arsayruvkycr8csmboospdyub3
15:02:46.182 [main] DEBUG com.browserstack.testOps.Listener - [ TESTHUB ] Build creation successfull
15:02:46.186 [main] DEBUG com.browserstack.LocalFactory - Starting BrowserStack Local with identifier 06_Aug_152_DESKTOP_13RHPFK_Ywcy
15:02:52.115 [main] DEBUG c.b.t.XMLSuiteClassListener - Number of parallels - 1 and number of platforms - 1
15:02:52.407 [main] DEBUG com.browserstack.testOps.Listener - [ TESTHUB ] Processing Request Kind LogCreated
15:02:52.411 [main] DEBUG com.browserstack.testOps.Listener - [ TESTHUB ] Processing Request Kind LogCreated
15:02:52.413 [main] DEBUG com.browserstack.testOps.Listener - [ TESTHUB ] Processing Request Kind LogCreated
15:02:52.413 [main] DEBUG com.browserstack.testOps.Listener - [ TESTHUB ] Processing Request Kind LogCreated
15:02:52.413 [main] DEBUG com.browserstack.testOps.Listener - [ TESTHUB ] Processing Request Kind LogCreated
15:02:52.422 [main] DEBUG com.browserstack.testOps.Listener - [ TESTHUB ] Processing Request Kind LogCreated
15:02:52.422 [main] DEBUG com.browserstack.testOps.Listener - [ TESTHUB ] Processing Request Kind LogCreated
15:02:52.422 [main] DEBUG com.browserstack.testOps.Listener - [ TESTHUB ] Processing Request Kind LogCreated
15:02:52.423 [main] DEBUG com.browserstack.testOps.Listener - [ TESTHUB ] Processing Request Kind LogCreated
15:02:52.423 [main] DEBUG com.browserstack.testOps.Listener - [ TESTHUB ] Processing Request Kind LogCreated
15:02:52.428 [main] DEBUG com.browserstack.testOps.Listener - [ TESTHUB ] Processing Request Kind LogCreated
15:02:52.429 [main] DEBUG c.browserstack.utils.LogReportingAPI - [2024-08-06T09:32:52.429794300Z][ OBSERVABILITY ] Processing Logs patching stream
15:02:52.470 [configureAppium@0] DEBUG c.b.testNgListeners.TestNGUtils - [populateTestDataForBSTestOps] Event Type :: HookRunStarted, Method ClassName :: testBaseUtils.WFlashBeforeEachTestAndroid 
15:02:52.470 [configureAppium@0] DEBUG c.browserstack.utils.UtilityMethods - [findFileMatcher] Current Path is :: C:\Users\Hp\Documents\IntelliJ Projects\AppiumPOMProject, TestClass :: testBaseUtils\WFlashBeforeEachTestAndroid
15:02:52.482 [configureAppium@0] DEBUG c.b.testNgListeners.TestNGUtils - [populateTestDataForBSTestOps] The filename fetched :: C:\Users\Hp\Documents\IntelliJ Projects\AppiumPOMProject\src\test\java\testBaseUtils\WFlashBeforeEachTestAndroid.java, fileSeparator :: \, AbsolutePath :: C:\Users\Hp\Documents\IntelliJ Projects\AppiumPOMProject\., Normalized Path :: C:\Users\Hp\Documents\IntelliJ Projects\AppiumPOMProject, File.Separator :: \
15:02:52.483 [configureAppium@0] DEBUG c.b.testNgListeners.TestNGUtils - [populateTestDataForBSTestOps] Replaced File Name is :: AppiumPOMProject\src\test\java\testBaseUtils\WFlashBeforeEachTestAndroid.java, Absolute Path :: C:\Users\Hp\Documents\IntelliJ Projects\AppiumPOMProject\.., Normalized Path :: C:\Users\Hp\Documents\IntelliJ Projects 
15:02:52.485 [configureAppium@0] DEBUG com.browserstack.testOps.Listener - [ TESTHUB ] Processing Request Kind HookRunStarted
15:02:54.422 [pool-4-thread-1] DEBUG c.browserstack.utils.RequestBatcher - Time Since Last Batch Processed 1722936774422

15:02:54.425 [pool-5-thread-1] DEBUG c.browserstack.utils.RequestBatcher - Processing Batch 12

15:02:54.425 [pool-5-thread-1] DEBUG c.browserstack.testOps.RequestUtils - [requestToTestOps] Sending Observability request: POST api/v1/batch with request size 3436
15:02:54.668 [pool-5-thread-1] DEBUG c.browserstack.testOps.RequestUtils - requestToTestOps: Response code: 200
15:02:54.668 [pool-5-thread-1] DEBUG c.browserstack.utils.LogReportingAPI - 
[2024-08-06T09:32:54.668630300Z][ TESTHUB ] Batch event successfull!

15:02:54.708 [configureAppium@0] DEBUG c.browserstack.utils.UtilityMethods - [Patch]: SDK enabled, patching remote server
15:02:54.711 [configureAppium@0] DEBUG c.b.selenium.SeleniumHandler - beforeDriverInit: SDK enabled. Thread ID: 43
15:02:54.715 [configureAppium@0] DEBUG c.browserstack.utils.UtilityMethods - [Patch]: SDK enabled, patching remote server
15:02:58.423 [pool-4-thread-1] DEBUG c.browserstack.utils.RequestBatcher - Time Since Last Batch Processed 3999

15:03:02.417 [pool-4-thread-1] DEBUG c.browserstack.utils.RequestBatcher - Time Since Last Batch Processed 3994

15:03:04.419 [pool-4-thread-1] DEBUG c.browserstack.utils.RequestBatcher - Time Since Last Batch Processed 2002

15:03:08.420 [pool-4-thread-1] DEBUG c.browserstack.utils.RequestBatcher - Time Since Last Batch Processed 4001

15:03:12.410 [pool-4-thread-1] DEBUG c.browserstack.utils.RequestBatcher - Time Since Last Batch Processed 3990

15:03:14.420 [pool-4-thread-1] DEBUG c.browserstack.utils.RequestBatcher - Time Since Last Batch Processed 2010

15:03:18.411 [pool-4-thread-1] DEBUG c.browserstack.utils.RequestBatcher - Time Since Last Batch Processed 3991

15:03:20.426 [pool-4-thread-1] DEBUG c.browserstack.utils.RequestBatcher - Time Since Last Batch Processed 2015

15:03:24.422 [pool-4-thread-1] DEBUG c.browserstack.utils.RequestBatcher - Time Since Last Batch Processed 3996

15:03:28.411 [pool-4-thread-1] DEBUG c.browserstack.utils.RequestBatcher - Time Since Last Batch Processed 3989

15:03:30.308 [configureAppium@0] DEBUG c.b.selenium.SeleniumHandler - afterDriverInit: requested
15:03:30.336 [configureAppium@0] DEBUG c.b.utils.SeleniumMethodUtils - getURLFromCommandExecutor: Getting Hub url from HttpCommandExecutor
15:03:30.336 [configureAppium@0] DEBUG c.b.utils.SeleniumMethodUtils - getURLFromCommandExecutor: Found url: https://hub-aps.browserstack.com/wd/hub
15:03:30.420 [pool-4-thread-1] DEBUG c.browserstack.utils.RequestBatcher - Time Since Last Batch Processed 2009

15:03:31.398 [AppiumPOMProject-0@0] DEBUG c.b.testNgListeners.TestNGUtils - [populateTestDataForBSTestOps] Event Type :: TestRunStarted, Test ClassName :: GroupID.FlashTestClass
15:03:31.398 [AppiumPOMProject-0@0] DEBUG c.browserstack.utils.UtilityMethods - [findFileMatcher] Current Path is :: C:\Users\Hp\Documents\IntelliJ Projects\AppiumPOMProject, TestClass :: GroupID\FlashObjectOptimised
15:03:31.406 [AppiumPOMProject-0@0] DEBUG c.b.testNgListeners.TestNGUtils - [populateTestDataForBSTestOps] The filename fetched :: C:\Users\Hp\Documents\IntelliJ Projects\AppiumPOMProject\src\test\java\GroupID\FlashObjectOptimised.java, fileSeparator :: \, AbsolutePath :: C:\Users\Hp\Documents\IntelliJ Projects\AppiumPOMProject\., Normalized Path :: C:\Users\Hp\Documents\IntelliJ Projects\AppiumPOMProject, File.Separator :: \
15:03:31.406 [AppiumPOMProject-0@0] DEBUG c.b.testNgListeners.TestNGUtils - [populateTestDataForBSTestOps] Replaced File Name is :: AppiumPOMProject\src\test\java\GroupID\FlashObjectOptimised.java, Absolute Path :: C:\Users\Hp\Documents\IntelliJ Projects\AppiumPOMProject\.., Normalized Path :: C:\Users\Hp\Documents\IntelliJ Projects 
15:03:31.418 [AppiumPOMProject-0@0] DEBUG c.b.utils.SeleniumMethodUtils - getURLFromCommandExecutor: Getting Hub url from HttpCommandExecutor
15:03:31.418 [AppiumPOMProject-0@0] DEBUG c.b.utils.SeleniumMethodUtils - getURLFromCommandExecutor: Found url: https://hub-aps.browserstack.com/wd/hub
15:03:31.421 [AppiumPOMProject-0@0] DEBUG com.browserstack.testOps.Listener - [ TESTHUB ] Processing Request Kind TestRunStarted
15:03:34.422 [pool-4-thread-1] DEBUG c.browserstack.utils.RequestBatcher - Time Since Last Batch Processed 4002

15:03:34.422 [pool-5-thread-1] DEBUG c.browserstack.utils.RequestBatcher - Processing Batch 1

15:03:34.423 [pool-5-thread-1] DEBUG c.browserstack.testOps.RequestUtils - [requestToTestOps] Sending Observability request: POST api/v1/batch with request size 3420
15:03:34.662 [pool-5-thread-1] DEBUG c.browserstack.testOps.RequestUtils - requestToTestOps: Response code: 200
15:03:34.662 [pool-5-thread-1] DEBUG c.browserstack.utils.LogReportingAPI - 
[2024-08-06T09:33:34.662292500Z][ TESTHUB ] Batch event successfull!

15:03:38.421 [pool-4-thread-1] DEBUG c.browserstack.utils.RequestBatcher - Time Since Last Batch Processed 3999

15:03:42.418 [pool-4-thread-1] DEBUG c.browserstack.utils.RequestBatcher - Time Since Last Batch Processed 3997

15:03:44.419 [pool-4-thread-1] DEBUG c.browserstack.utils.RequestBatcher - Time Since Last Batch Processed 2001

15:03:48.413 [pool-4-thread-1] DEBUG c.browserstack.utils.RequestBatcher - Time Since Last Batch Processed 3994

15:03:50.108 [AppiumTest1@0] DEBUG c.b.testNgListeners.TestNGUtils - [populateTestDataForBSTestOps] Event Type :: HookRunFinished, Method ClassName :: testBaseUtils.WFlashBeforeEachTestAndroid 
15:03:50.109 [AppiumTest1@0] DEBUG c.browserstack.utils.UtilityMethods - [findFileMatcher] Current Path is :: C:\Users\Hp\Documents\IntelliJ Projects\AppiumPOMProject, TestClass :: testBaseUtils\WFlashBeforeEachTestAndroid
15:03:50.116 [AppiumTest1@0] DEBUG c.b.testNgListeners.TestNGUtils - [populateTestDataForBSTestOps] The filename fetched :: C:\Users\Hp\Documents\IntelliJ Projects\AppiumPOMProject\src\test\java\testBaseUtils\WFlashBeforeEachTestAndroid.java, fileSeparator :: \, AbsolutePath :: C:\Users\Hp\Documents\IntelliJ Projects\AppiumPOMProject\., Normalized Path :: C:\Users\Hp\Documents\IntelliJ Projects\AppiumPOMProject, File.Separator :: \
15:03:50.116 [AppiumTest1@0] DEBUG c.b.testNgListeners.TestNGUtils - [populateTestDataForBSTestOps] Replaced File Name is :: AppiumPOMProject\src\test\java\testBaseUtils\WFlashBeforeEachTestAndroid.java, Absolute Path :: C:\Users\Hp\Documents\IntelliJ Projects\AppiumPOMProject\.., Normalized Path :: C:\Users\Hp\Documents\IntelliJ Projects 
15:03:50.126 [AppiumTest1@0] DEBUG c.b.utils.SeleniumMethodUtils - getURLFromCommandExecutor: Getting Hub url from HttpCommandExecutor
15:03:50.126 [AppiumTest1@0] DEBUG c.b.utils.SeleniumMethodUtils - getURLFromCommandExecutor: Found url: https://hub-aps.browserstack.com/wd/hub
15:03:50.126 [AppiumTest1@0] DEBUG com.browserstack.testOps.Listener - [ TESTHUB ] Processing Request Kind HookRunFinished
15:03:50.127 [AppiumTest1@0] DEBUG c.b.testNgListeners.TestNGUtils - [populateTestDataForBSTestOps] Event Type :: TestRunFinished, Test ClassName :: GroupID.FlashTestClass
15:03:50.127 [AppiumTest1@0] DEBUG c.browserstack.utils.UtilityMethods - [findFileMatcher] Current Path is :: C:\Users\Hp\Documents\IntelliJ Projects\AppiumPOMProject, TestClass :: GroupID\FlashObjectOptimised
15:03:50.132 [AppiumTest1@0] DEBUG c.b.testNgListeners.TestNGUtils - [populateTestDataForBSTestOps] The filename fetched :: C:\Users\Hp\Documents\IntelliJ Projects\AppiumPOMProject\src\test\java\GroupID\FlashObjectOptimised.java, fileSeparator :: \, AbsolutePath :: C:\Users\Hp\Documents\IntelliJ Projects\AppiumPOMProject\., Normalized Path :: C:\Users\Hp\Documents\IntelliJ Projects\AppiumPOMProject, File.Separator :: \
15:03:50.132 [AppiumTest1@0] DEBUG c.b.testNgListeners.TestNGUtils - [populateTestDataForBSTestOps] Replaced File Name is :: AppiumPOMProject\src\test\java\GroupID\FlashObjectOptimised.java, Absolute Path :: C:\Users\Hp\Documents\IntelliJ Projects\AppiumPOMProject\.., Normalized Path :: C:\Users\Hp\Documents\IntelliJ Projects 
15:03:50.142 [AppiumTest1@0] DEBUG c.b.utils.SeleniumMethodUtils - getURLFromCommandExecutor: Getting Hub url from HttpCommandExecutor
15:03:50.143 [AppiumTest1@0] DEBUG c.b.utils.SeleniumMethodUtils - getURLFromCommandExecutor: Found url: https://hub-aps.browserstack.com/wd/hub
15:03:50.145 [AppiumTest1@0] DEBUG com.browserstack.testOps.Listener - [ TESTHUB ] Processing Request Kind TestRunFinished
15:03:50.196 [AppiumPOMProject-0@0] DEBUG c.b.testNgListeners.TestNGUtils - [populateTestDataForBSTestOps] Event Type :: TestRunStarted, Test ClassName :: GroupID.FlashTestClass
15:03:50.196 [AppiumPOMProject-0@0] DEBUG c.browserstack.utils.UtilityMethods - [findFileMatcher] Current Path is :: C:\Users\Hp\Documents\IntelliJ Projects\AppiumPOMProject, TestClass :: GroupID\FlashObjectOptimised
15:03:50.203 [AppiumPOMProject-0@0] DEBUG c.b.testNgListeners.TestNGUtils - [populateTestDataForBSTestOps] The filename fetched :: C:\Users\Hp\Documents\IntelliJ Projects\AppiumPOMProject\src\test\java\GroupID\FlashObjectOptimised.java, fileSeparator :: \, AbsolutePath :: C:\Users\Hp\Documents\IntelliJ Projects\AppiumPOMProject\., Normalized Path :: C:\Users\Hp\Documents\IntelliJ Projects\AppiumPOMProject, File.Separator :: \
15:03:50.204 [AppiumPOMProject-0@0] DEBUG c.b.testNgListeners.TestNGUtils - [populateTestDataForBSTestOps] Replaced File Name is :: AppiumPOMProject\src\test\java\GroupID\FlashObjectOptimised.java, Absolute Path :: C:\Users\Hp\Documents\IntelliJ Projects\AppiumPOMProject\.., Normalized Path :: C:\Users\Hp\Documents\IntelliJ Projects 
15:03:50.214 [AppiumPOMProject-0@0] DEBUG c.b.utils.SeleniumMethodUtils - getURLFromCommandExecutor: Getting Hub url from HttpCommandExecutor
15:03:50.214 [AppiumPOMProject-0@0] DEBUG c.b.utils.SeleniumMethodUtils - getURLFromCommandExecutor: Found url: https://hub-aps.browserstack.com/wd/hub
15:03:50.216 [AppiumPOMProject-0@0] DEBUG com.browserstack.testOps.Listener - [ TESTHUB ] Processing Request Kind TestRunStarted
15:03:52.415 [pool-4-thread-1] DEBUG c.browserstack.utils.RequestBatcher - Time Since Last Batch Processed 4002

15:03:52.416 [pool-5-thread-1] DEBUG c.browserstack.utils.RequestBatcher - Processing Batch 3

15:03:52.417 [pool-5-thread-1] DEBUG c.browserstack.testOps.RequestUtils - [requestToTestOps] Sending Observability request: POST api/v1/batch with request size 15308
15:03:52.651 [pool-5-thread-1] DEBUG c.browserstack.testOps.RequestUtils - requestToTestOps: Response code: 200
15:03:52.651 [pool-5-thread-1] DEBUG c.browserstack.utils.LogReportingAPI - 
[2024-08-06T09:33:52.651274400Z][ TESTHUB ] Batch event successfull!

15:03:54.420 [pool-4-thread-1] DEBUG c.browserstack.utils.RequestBatcher - Time Since Last Batch Processed 2005

15:03:56.160 [AppiumTest1@0] DEBUG c.b.testNgListeners.TestNGUtils - [populateTestDataForBSTestOps] Event Type :: TestRunFinished, Test ClassName :: GroupID.FlashTestClass
15:03:56.160 [AppiumTest1@0] DEBUG c.browserstack.utils.UtilityMethods - [findFileMatcher] Current Path is :: C:\Users\Hp\Documents\IntelliJ Projects\AppiumPOMProject, TestClass :: GroupID\FlashObjectOptimised
15:03:56.165 [AppiumTest1@0] DEBUG c.b.testNgListeners.TestNGUtils - [populateTestDataForBSTestOps] The filename fetched :: C:\Users\Hp\Documents\IntelliJ Projects\AppiumPOMProject\src\test\java\GroupID\FlashObjectOptimised.java, fileSeparator :: \, AbsolutePath :: C:\Users\Hp\Documents\IntelliJ Projects\AppiumPOMProject\., Normalized Path :: C:\Users\Hp\Documents\IntelliJ Projects\AppiumPOMProject, File.Separator :: \
15:03:56.166 [AppiumTest1@0] DEBUG c.b.testNgListeners.TestNGUtils - [populateTestDataForBSTestOps] Replaced File Name is :: AppiumPOMProject\src\test\java\GroupID\FlashObjectOptimised.java, Absolute Path :: C:\Users\Hp\Documents\IntelliJ Projects\AppiumPOMProject\.., Normalized Path :: C:\Users\Hp\Documents\IntelliJ Projects 
15:03:56.175 [AppiumTest1@0] DEBUG c.b.utils.SeleniumMethodUtils - getURLFromCommandExecutor: Getting Hub url from HttpCommandExecutor
15:03:56.175 [AppiumTest1@0] DEBUG c.b.utils.SeleniumMethodUtils - getURLFromCommandExecutor: Found url: https://hub-aps.browserstack.com/wd/hub
15:03:56.177 [AppiumTest1@0] DEBUG com.browserstack.testOps.Listener - [ TESTHUB ] Processing Request Kind TestRunFinished
15:03:56.237 [AppiumPOMProject-0@0] DEBUG c.b.testNgListeners.TestNGUtils - [populateTestDataForBSTestOps] Event Type :: TestRunStarted, Test ClassName :: GroupID.FlashTestClass
15:03:56.237 [AppiumPOMProject-0@0] DEBUG c.browserstack.utils.UtilityMethods - [findFileMatcher] Current Path is :: C:\Users\Hp\Documents\IntelliJ Projects\AppiumPOMProject, TestClass :: GroupID\FlashObjectOptimised
15:03:56.244 [AppiumPOMProject-0@0] DEBUG c.b.testNgListeners.TestNGUtils - [populateTestDataForBSTestOps] The filename fetched :: C:\Users\Hp\Documents\IntelliJ Projects\AppiumPOMProject\src\test\java\GroupID\FlashObjectOptimised.java, fileSeparator :: \, AbsolutePath :: C:\Users\Hp\Documents\IntelliJ Projects\AppiumPOMProject\., Normalized Path :: C:\Users\Hp\Documents\IntelliJ Projects\AppiumPOMProject, File.Separator :: \
15:03:56.245 [AppiumPOMProject-0@0] DEBUG c.b.testNgListeners.TestNGUtils - [populateTestDataForBSTestOps] Replaced File Name is :: AppiumPOMProject\src\test\java\GroupID\FlashObjectOptimised.java, Absolute Path :: C:\Users\Hp\Documents\IntelliJ Projects\AppiumPOMProject\.., Normalized Path :: C:\Users\Hp\Documents\IntelliJ Projects 
15:03:56.253 [AppiumPOMProject-0@0] DEBUG c.b.utils.SeleniumMethodUtils - getURLFromCommandExecutor: Getting Hub url from HttpCommandExecutor
15:03:56.253 [AppiumPOMProject-0@0] DEBUG c.b.utils.SeleniumMethodUtils - getURLFromCommandExecutor: Found url: https://hub-aps.browserstack.com/wd/hub
15:03:56.254 [AppiumPOMProject-0@0] DEBUG com.browserstack.testOps.Listener - [ TESTHUB ] Processing Request Kind TestRunStarted
15:03:56.425 [pool-4-thread-1] DEBUG c.browserstack.utils.RequestBatcher - Time Since Last Batch Processed 2005

15:03:56.425 [pool-5-thread-1] DEBUG c.browserstack.utils.RequestBatcher - Processing Batch 2

15:03:56.427 [pool-5-thread-1] DEBUG c.browserstack.testOps.RequestUtils - [requestToTestOps] Sending Observability request: POST api/v1/batch with request size 11903
15:03:56.662 [pool-5-thread-1] DEBUG c.browserstack.testOps.RequestUtils - requestToTestOps: Response code: 200
15:03:56.662 [pool-5-thread-1] DEBUG c.browserstack.utils.LogReportingAPI - 
[2024-08-06T09:33:56.662846100Z][ TESTHUB ] Batch event successfull!

15:04:00.413 [pool-4-thread-1] DEBUG c.browserstack.utils.RequestBatcher - Time Since Last Batch Processed 3988

15:04:01.958 [AppiumTest1@0] DEBUG c.b.testNgListeners.TestNGUtils - [populateTestDataForBSTestOps] Event Type :: TestRunFinished, Test ClassName :: GroupID.FlashTestClass
15:04:01.958 [AppiumTest1@0] DEBUG c.browserstack.utils.UtilityMethods - [findFileMatcher] Current Path is :: C:\Users\Hp\Documents\IntelliJ Projects\AppiumPOMProject, TestClass :: GroupID\FlashObjectOptimised
15:04:01.964 [AppiumTest1@0] DEBUG c.b.testNgListeners.TestNGUtils - [populateTestDataForBSTestOps] The filename fetched :: C:\Users\Hp\Documents\IntelliJ Projects\AppiumPOMProject\src\test\java\GroupID\FlashObjectOptimised.java, fileSeparator :: \, AbsolutePath :: C:\Users\Hp\Documents\IntelliJ Projects\AppiumPOMProject\., Normalized Path :: C:\Users\Hp\Documents\IntelliJ Projects\AppiumPOMProject, File.Separator :: \
15:04:01.964 [AppiumTest1@0] DEBUG c.b.testNgListeners.TestNGUtils - [populateTestDataForBSTestOps] Replaced File Name is :: AppiumPOMProject\src\test\java\GroupID\FlashObjectOptimised.java, Absolute Path :: C:\Users\Hp\Documents\IntelliJ Projects\AppiumPOMProject\.., Normalized Path :: C:\Users\Hp\Documents\IntelliJ Projects 
15:04:01.971 [AppiumTest1@0] DEBUG c.b.utils.SeleniumMethodUtils - getURLFromCommandExecutor: Getting Hub url from HttpCommandExecutor
15:04:01.971 [AppiumTest1@0] DEBUG c.b.utils.SeleniumMethodUtils - getURLFromCommandExecutor: Found url: https://hub-aps.browserstack.com/wd/hub
15:04:01.973 [AppiumTest1@0] DEBUG com.browserstack.testOps.Listener - [ TESTHUB ] Processing Request Kind TestRunFinished
15:04:02.024 [AppiumPOMProject-0@0] DEBUG c.b.testNgListeners.TestNGUtils - [populateTestDataForBSTestOps] Event Type :: TestRunStarted, Test ClassName :: GroupID.FlashTestClass
15:04:02.024 [AppiumPOMProject-0@0] DEBUG c.browserstack.utils.UtilityMethods - [findFileMatcher] Current Path is :: C:\Users\Hp\Documents\IntelliJ Projects\AppiumPOMProject, TestClass :: GroupID\FlashObjectOptimised
15:04:02.031 [AppiumPOMProject-0@0] DEBUG c.b.testNgListeners.TestNGUtils - [populateTestDataForBSTestOps] The filename fetched :: C:\Users\Hp\Documents\IntelliJ Projects\AppiumPOMProject\src\test\java\GroupID\FlashObjectOptimised.java, fileSeparator :: \, AbsolutePath :: C:\Users\Hp\Documents\IntelliJ Projects\AppiumPOMProject\., Normalized Path :: C:\Users\Hp\Documents\IntelliJ Projects\AppiumPOMProject, File.Separator :: \
15:04:02.031 [AppiumPOMProject-0@0] DEBUG c.b.testNgListeners.TestNGUtils - [populateTestDataForBSTestOps] Replaced File Name is :: AppiumPOMProject\src\test\java\GroupID\FlashObjectOptimised.java, Absolute Path :: C:\Users\Hp\Documents\IntelliJ Projects\AppiumPOMProject\.., Normalized Path :: C:\Users\Hp\Documents\IntelliJ Projects 
15:04:02.038 [AppiumPOMProject-0@0] DEBUG c.b.utils.SeleniumMethodUtils - getURLFromCommandExecutor: Getting Hub url from HttpCommandExecutor
15:04:02.038 [AppiumPOMProject-0@0] DEBUG c.b.utils.SeleniumMethodUtils - getURLFromCommandExecutor: Found url: https://hub-aps.browserstack.com/wd/hub
15:04:02.039 [AppiumPOMProject-0@0] DEBUG com.browserstack.testOps.Listener - [ TESTHUB ] Processing Request Kind TestRunStarted
15:04:04.422 [pool-4-thread-1] DEBUG c.browserstack.utils.RequestBatcher - Time Since Last Batch Processed 4009

15:04:04.422 [pool-5-thread-1] DEBUG c.browserstack.utils.RequestBatcher - Processing Batch 2

15:04:04.423 [pool-5-thread-1] DEBUG c.browserstack.testOps.RequestUtils - [requestToTestOps] Sending Observability request: POST api/v1/batch with request size 11899
15:04:04.658 [pool-5-thread-1] DEBUG c.browserstack.testOps.RequestUtils - requestToTestOps: Response code: 200
15:04:04.658 [pool-5-thread-1] DEBUG c.browserstack.utils.LogReportingAPI - 
[2024-08-06T09:34:04.658181800Z][ TESTHUB ] Batch event successfull!

15:04:08.277 [AppiumTest1@0] DEBUG c.b.testNgListeners.TestNGUtils - [populateTestDataForBSTestOps] Event Type :: TestRunFinished, Test ClassName :: GroupID.FlashTestClass
15:04:08.279 [AppiumTest1@0] DEBUG c.browserstack.utils.UtilityMethods - [findFileMatcher] Current Path is :: C:\Users\Hp\Documents\IntelliJ Projects\AppiumPOMProject, TestClass :: GroupID\FlashObjectOptimised
15:04:08.285 [AppiumTest1@0] DEBUG c.b.testNgListeners.TestNGUtils - [populateTestDataForBSTestOps] The filename fetched :: C:\Users\Hp\Documents\IntelliJ Projects\AppiumPOMProject\src\test\java\GroupID\FlashObjectOptimised.java, fileSeparator :: \, AbsolutePath :: C:\Users\Hp\Documents\IntelliJ Projects\AppiumPOMProject\., Normalized Path :: C:\Users\Hp\Documents\IntelliJ Projects\AppiumPOMProject, File.Separator :: \
15:04:08.285 [AppiumTest1@0] DEBUG c.b.testNgListeners.TestNGUtils - [populateTestDataForBSTestOps] Replaced File Name is :: AppiumPOMProject\src\test\java\GroupID\FlashObjectOptimised.java, Absolute Path :: C:\Users\Hp\Documents\IntelliJ Projects\AppiumPOMProject\.., Normalized Path :: C:\Users\Hp\Documents\IntelliJ Projects 
15:04:08.293 [AppiumTest1@0] DEBUG c.b.utils.SeleniumMethodUtils - getURLFromCommandExecutor: Getting Hub url from HttpCommandExecutor
15:04:08.293 [AppiumTest1@0] DEBUG c.b.utils.SeleniumMethodUtils - getURLFromCommandExecutor: Found url: https://hub-aps.browserstack.com/wd/hub
15:04:08.295 [AppiumTest1@0] DEBUG com.browserstack.testOps.Listener - [ TESTHUB ] Processing Request Kind TestRunFinished
15:04:08.343 [AppiumTest1@0] DEBUG c.browserstack.utils.LogReportingAPI - sendPlatformDetails: Can't send CBT info, as driver or test is not found
15:04:08.421 [pool-4-thread-1] DEBUG c.browserstack.utils.RequestBatcher - Time Since Last Batch Processed 3999

15:04:08.421 [pool-5-thread-1] DEBUG c.browserstack.utils.RequestBatcher - Processing Batch 1

15:04:08.421 [pool-5-thread-1] DEBUG c.browserstack.testOps.RequestUtils - [requestToTestOps] Sending Observability request: POST api/v1/batch with request size 8497
15:04:08.927 [pool-5-thread-1] DEBUG c.browserstack.testOps.RequestUtils - requestToTestOps: Response code: 200
15:04:08.927 [pool-5-thread-1] DEBUG c.browserstack.utils.LogReportingAPI - 
[2024-08-06T09:34:08.927568100Z][ TESTHUB ] Batch event successfull!

15:04:11.118 [main] DEBUG com.browserstack.testOps.Listener - [ TESTHUB ] Processing Request Kind LogCreated
15:04:11.120 [Thread-0] DEBUG c.browserstack.BrowserStackJavaAgent - Starting final execution
15:04:11.121 [Thread-0] DEBUG c.b.u.ObservabilityUtilityMethods - Processing batch requests with type: Global
15:04:11.121 [Thread-0] DEBUG c.browserstack.utils.LogReportingAPI - [2024-08-06T09:34:11.121020600Z][ OBSERVABILITY ] Processing stop observability
15:04:11.121 [pool-5-thread-1] DEBUG c.browserstack.utils.RequestBatcher - Processing Batch 1

15:04:11.121 [pool-5-thread-1] DEBUG c.browserstack.testOps.RequestUtils - [requestToTestOps] Sending Observability request: POST api/v1/batch with request size 340
15:04:11.358 [pool-5-thread-1] DEBUG c.browserstack.testOps.RequestUtils - requestToTestOps: Response code: 200
15:04:11.358 [pool-5-thread-1] DEBUG c.browserstack.utils.LogReportingAPI - 
[2024-08-06T09:34:11.358614300Z][ TESTHUB ] Batch event successfull!

15:04:11.359 [Thread-0] DEBUG c.browserstack.testOps.RequestUtils - [ TESTHUB ] Processing Request Kind stopBuildUpstream
15:04:11.359 [Thread-0] DEBUG c.browserstack.testOps.RequestUtils - [requestToTestOps] Sending Observability request: PUT api/v1/builds/7isz6fmk2cyjm2arsayruvkycr8csmboospdyub3/stop with request size 65
15:04:11.596 [Thread-0] DEBUG c.browserstack.testOps.RequestUtils - requestToTestOps: Response code: 200
15:04:11.597 [Thread-0] DEBUG com.browserstack.testOps.Listener - Testhub stop response: 
15:04:13.891 [Thread-0] DEBUG com.browserstack.testOps.UsageStats - getFormattedData: Collecting data for TestObservability
15:04:13.892 [Thread-0] DEBUG com.browserstack.testOps.UsageStats - getEventStats: Getting event data for TestObservability
15:04:13.896 [Thread-0] DEBUG com.browserstack.testOps.UsageStats - [OBSERVABILITY] Failed to parse data from workers
15:04:13.963 [Thread-0] DEBUG c.b.utils.FunnelInstrumentation - Sending funnel data for SDKTestSuccessful with data: {"event_type":"SDKTestSuccessful","accessKey":"cdWAYU5meFd1rax23PEp","userName":"nayankumar_Rp0sMa","event_properties":{"product":"[app-automate, observability]","buildName":"browserstack build","os":"Windows 11","languageVersion":"18.0.2.1","appiumVersion":"9.2.2","frameworkDetectionInstrumentation":{"parseLoadClass":5,"ret-org.openqa.selenium.remote.RemoteWebDriver":295,"retransformClasses":295,"parseDependencies":13},"language":"java","sdkRunId":"ad78bd0a-6998-4254-9000-9762d9840488","buildIdentifier":"#33","error":"[{\"tests\":{\"GroupID.FlashTestClass-AppiumTest1\":\"Can't locate an element by this strategy: By.chained({By.xpath: \\\/\\\/android.view.View[@index=1]})\"},\"platformVersion\":\"13.0\",\"deviceName\":\"Samsung Galaxy S23\"}]","userFramework":"testng","testhub_uuid":"7isz6fmk2cyjm2arsayruvkycr8csmboospdyub3","detectedAppiumVersion":"null","detectedDependencies":"testng","productMap":{"app_automate":true,"accessibility":false,"automate":false,"percy":false,"observability":true},"referrer":"testng-javaagent\/1.20.2","hostname":"DESKTOP-13RHPFK","measures":{"local:start":5415,"sdk:setup":10543,"local:stop":2292},"language_framework":"java_testng","detectedFramework":"testng","productUsage":{"testObservability":{"buildHashedId":"7isz6fmk2cyjm2arsayruvkycr8csmboospdyub3","manuallySet":false,"enabled":true,"events":{"hookEvents":{"started":{"errors":[],"triggeredCount":1,"failedCount":0,"sentCount":1},"finished":{"triggeredCount":1,"failedCount":0,"errors":[],"sentCount":1},"passed":{"errors":[],"triggeredCount":1,"failedCount":0,"sentCount":1}},"logEvents":{"errors":[],"triggeredCount":12,"failedCount":0,"sentCount":12,"log":{"errors":[],"triggeredCount":12,"failedCount":0,"sentCount":12}},"testEvents":{"started":{"errors":[],"triggeredCount":4,"failedCount":0,"sentCount":4},"finished":{"triggeredCount":4,"failedCount":0,"errors":[],"sentCount":4},"failed":{"errors":[],"triggeredCount":4,"failedCount":0,"sentCount":4}},"batchEvents":{"triggeredCount":7,"failedCount":0,"errors":[],"sentCount":7},"cbtSessionEvents":{"errors":[],"triggeredCount":0,"failedCount":0,"sentCount":0},"buildEvents":{"started":{"error":null,"status":"success","triggered":true},"finished":{"error":null,"status":"success","triggered":true}}}}},"detectedSeleniumVersion":"null","browserStackConfig":{"browserstackLocal":true,"percy":false,"logLevel":"info","staticWebDriver":true,"autoDetectFramework":true,"percyCaptureMode":"MANUAL","browserStackLocalOptions":{"localIdentifier":"06_Aug_152_DESKTOP_13RHPFK_Ywcy","key":"****"},"percyOptions":null,"testContextOptions":{"skipSessionStatus":false,"serenityOverridePlugin":false,"skipSessionName":false},"platforms":[{"platformCaps":{"platformVersion":13.0,"platformName":"android","deviceName":"Samsung Galaxy S23"},"capabilities":{"platformVersion":13.0,"platformName":"android","deviceName":"Samsung Galaxy S23"},"browser":null,"osVersion":null,"browserVersion":null,"device":"Samsung Galaxy S23","os":null,"platformString":"Samsung Galaxy S23, 13.0","customVariables":"****"}],"parallelsPerPlatform":1,"framework":"testng","accessibility":false,"accessibilityOptions":{},"turboScaleOptions":{},"disableAutoCaptureLogs":true,"testObservability":true,"browserstackAutomation":true,"turboScale":false,"testObservabilityOptions":{},"gradleMConfig":null,"proxySettings":null},"seleniumVersion":""}}
15:04:14.290 [Thread-0] DEBUG c.b.utils.FunnelInstrumentation - API Event SDKTestSuccessful response - {"message":"SDK Event recorded successfully"}
15:04:16.976 [Thread-0] DEBUG c.browserstack.utils.UtilityMethods - Server side buildName(browserstack build  33) is not same as client side buildName(browserstack build #33)
15:04:16.977 [Thread-0] DEBUG c.browserstack.utils.UtilityMethods - Browserstack Gradle-M Config File does not exist.
21:52:00.138 [main] DEBUG c.b.config.BrowserStackConfig - Cli Config passed - {}
21:52:00.581 [main] DEBUG c.b.logger.BrowserstackLoggerFactory - Log Level set to TRACE for logger com.browserstack
21:52:00.581 [main] DEBUG c.b.logger.BrowserstackLoggerFactory - Log Level set to INFO for logger stdoutPrinter
21:52:00.691 [main] DEBUG c.b.utils.FrameworkDetectionUtils - Java command - com.intellij.rt.testng.RemoteTestNGStarter -usedefaultlisteners false -listener testBaseUtils.Listeners -socket53939 @w@C:\Users\Hp\AppData\Local\Temp\idea_working_dirs_testng.tmp -temp C:\Users\Hp\AppData\Local\Temp\idea_testng.tmp
21:52:00.691 [main] DEBUG c.b.utils.FrameworkDetectionUtils - Test classes detected: 
21:52:00.702 [main] DEBUG c.b.utils.FrameworkDetectionUtils - Runner: testng, Engine: none
21:52:00.720 [main] DEBUG c.b.utils.FrameworkDetectionUtils - Runner: testng, Engine: none from dependencies
21:52:00.720 [main] DEBUG c.b.utils.FrameworkDetectionUtils - Detected final framework as: testng
21:52:00.720 [main] DEBUG c.browserstack.BrowserStackJavaAgent - JavaAgent Version 1.20.2
21:52:00.726 [main] DEBUG c.b.utils.ExitSignalHandler - Registered handler for INT
21:52:00.726 [main] DEBUG c.b.utils.ExitSignalHandler - Registered handler for TERM
21:52:00.726 [main] DEBUG c.b.utils.ExitSignalHandler - Unable to attach signal handler for HUP Unknown signal: HUP
21:52:00.726 [main] DEBUG c.b.utils.ExitSignalHandler - Registered handler for ABRT
21:52:01.489 [Thread-1] DEBUG c.browserstack.utils.UtilityMethods - NEXT HUBS ARE: ["hub-aps.browserstack.com","hub-euw.browserstack.com","hub-apse.browserstack.com"]
21:52:01.995 [main] DEBUG c.browserstack.utils.UtilityMethods - EXECUTION TIME OF hub-aps.browserstack.com HUB IS: 503ms
21:52:03.122 [main] DEBUG c.browserstack.utils.UtilityMethods - EXECUTION TIME OF hub-euw.browserstack.com HUB IS: 1119ms
21:52:04.247 [main] DEBUG c.browserstack.utils.UtilityMethods - EXECUTION TIME OF hub-apse.browserstack.com HUB IS: 1125ms
21:52:04.248 [main] DEBUG c.browserstack.utils.UtilityMethods - NEAREST HUB ALLOCATED IS - hub-aps.browserstack.com
21:52:04.271 [main] DEBUG c.b.utils.FunnelInstrumentation - Sending funnel data for SDKTestAttempted with data: {"event_type":"SDKTestAttempted","accessKey":"cdWAYU5meFd1rax23PEp","userName":"nayankumar_Rp0sMa","event_properties":{"product":"[app-automate, observability]","buildName":"browserstack build","os":"Windows 11","languageVersion":"18.0.2.1","appiumVersion":"9.2.2","frameworkDetectionInstrumentation":{"parseLoadClass":10,"parseDependencies":17},"language":"java","sdkRunId":"9140acbf-3b50-42a0-8f4a-27abe017b9d8","buildIdentifier":"#34","userFramework":"testng","testhub_uuid":"","detectedAppiumVersion":"null","detectedDependencies":"testng","productMap":{"app_automate":true,"accessibility":false,"automate":false,"percy":false,"observability":true},"referrer":"testng-javaagent\/1.20.2","hostname":"DESKTOP-13RHPFK","language_framework":"java_testng","detectedFramework":"testng","detectedSeleniumVersion":"null","seleniumVersion":""}}
21:52:04.873 [main] DEBUG c.b.utils.FunnelInstrumentation - API Event SDKTestAttempted response - {"message":"SDK Event recorded successfully"}
21:52:05.403 [main] DEBUG c.browserstack.testOps.RequestUtils - [ TESTHUB ] Processing Request Kind launchTestSession
21:52:05.403 [main] DEBUG c.browserstack.testOps.RequestUtils - [requestToTestOps] Sending Observability request: POST api/v2/builds with request size 1331
21:52:06.911 [main] DEBUG c.browserstack.testOps.RequestUtils - requestToTestOps: Response code: 200
21:52:06.911 [main] DEBUG com.browserstack.testOps.Listener - BROWSERSTACK_TESTHUB_UUID : qq4prijikvjuvavoykqod7helkcmzsppmqo7paa6
21:52:06.911 [main] DEBUG com.browserstack.testOps.Listener - [ TESTHUB ] Build creation successfull
21:52:06.916 [main] DEBUG com.browserstack.LocalFactory - Starting BrowserStack Local with identifier 06_Aug_2152_DESKTOP_13RHPFK_mZuU
21:52:14.764 [main] DEBUG com.browserstack.testOps.Listener - [ TESTHUB ] Processing Request Kind LogCreated
21:52:14.771 [main] DEBUG c.b.t.XMLSuiteClassListener - Number of parallels - 1 and number of platforms - 1
21:52:14.973 [main] DEBUG com.browserstack.testOps.Listener - [ TESTHUB ] Processing Request Kind LogCreated
21:52:14.978 [main] DEBUG com.browserstack.testOps.Listener - [ TESTHUB ] Processing Request Kind LogCreated
21:52:14.981 [main] DEBUG com.browserstack.testOps.Listener - [ TESTHUB ] Processing Request Kind LogCreated
21:52:14.981 [main] DEBUG com.browserstack.testOps.Listener - [ TESTHUB ] Processing Request Kind LogCreated
21:52:14.981 [main] DEBUG com.browserstack.testOps.Listener - [ TESTHUB ] Processing Request Kind LogCreated
21:52:14.981 [main] DEBUG com.browserstack.testOps.Listener - [ TESTHUB ] Processing Request Kind LogCreated
21:52:14.982 [main] DEBUG com.browserstack.testOps.Listener - [ TESTHUB ] Processing Request Kind LogCreated
21:52:14.982 [main] DEBUG com.browserstack.testOps.Listener - [ TESTHUB ] Processing Request Kind LogCreated
21:52:14.986 [main] DEBUG com.browserstack.testOps.Listener - [ TESTHUB ] Processing Request Kind LogCreated
21:52:15.002 [main] DEBUG com.browserstack.testOps.Listener - [ TESTHUB ] Processing Request Kind LogCreated
21:52:15.003 [main] DEBUG com.browserstack.testOps.Listener - [ TESTHUB ] Processing Request Kind LogCreated
21:52:15.008 [main] DEBUG com.browserstack.testOps.Listener - [ TESTHUB ] Processing Request Kind LogCreated
21:52:15.008 [main] DEBUG com.browserstack.testOps.Listener - [ TESTHUB ] Processing Request Kind LogCreated
21:52:15.008 [main] DEBUG com.browserstack.testOps.Listener - [ TESTHUB ] Processing Request Kind LogCreated
21:52:15.008 [main] DEBUG com.browserstack.testOps.Listener - [ TESTHUB ] Processing Request Kind LogCreated
21:52:15.010 [main] DEBUG com.browserstack.testOps.Listener - [ TESTHUB ] Processing Request Kind LogCreated
21:52:15.010 [main] DEBUG com.browserstack.testOps.Listener - [ TESTHUB ] Processing Request Kind LogCreated
21:52:15.010 [main] DEBUG com.browserstack.testOps.Listener - [ TESTHUB ] Processing Request Kind LogCreated
21:52:15.010 [main] DEBUG com.browserstack.testOps.Listener - [ TESTHUB ] Processing Request Kind LogCreated
21:52:15.010 [main] DEBUG com.browserstack.testOps.Listener - [ TESTHUB ] Processing Request Kind LogCreated
21:52:15.012 [main] DEBUG com.browserstack.testOps.Listener - [ TESTHUB ] Processing Request Kind LogCreated
21:52:15.015 [main] DEBUG com.browserstack.testOps.Listener - [ TESTHUB ] Processing Request Kind LogCreated
21:52:15.015 [main] DEBUG com.browserstack.testOps.Listener - [ TESTHUB ] Processing Request Kind LogCreated
21:52:15.015 [main] DEBUG com.browserstack.testOps.Listener - [ TESTHUB ] Processing Request Kind LogCreated
21:52:15.015 [main] DEBUG com.browserstack.testOps.Listener - [ TESTHUB ] Processing Request Kind LogCreated
21:52:15.016 [main] DEBUG com.browserstack.testOps.Listener - [ TESTHUB ] Processing Request Kind LogCreated
21:52:15.016 [main] DEBUG com.browserstack.testOps.Listener - [ TESTHUB ] Processing Request Kind LogCreated
21:52:15.016 [main] DEBUG com.browserstack.testOps.Listener - [ TESTHUB ] Processing Request Kind LogCreated
21:52:15.016 [main] DEBUG com.browserstack.testOps.Listener - [ TESTHUB ] Processing Request Kind LogCreated
21:52:15.018 [main] DEBUG com.browserstack.testOps.Listener - [ TESTHUB ] Processing Request Kind LogCreated
21:52:15.019 [main] DEBUG com.browserstack.testOps.Listener - [ TESTHUB ] Processing Request Kind LogCreated
21:52:15.019 [main] DEBUG com.browserstack.testOps.Listener - [ TESTHUB ] Processing Request Kind LogCreated
21:52:15.019 [main] DEBUG com.browserstack.testOps.Listener - [ TESTHUB ] Processing Request Kind LogCreated
21:52:15.019 [main] DEBUG com.browserstack.testOps.Listener - [ TESTHUB ] Processing Request Kind LogCreated
21:52:15.019 [main] DEBUG com.browserstack.testOps.Listener - [ TESTHUB ] Processing Request Kind LogCreated
21:52:15.020 [main] DEBUG com.browserstack.testOps.Listener - [ TESTHUB ] Processing Request Kind LogCreated
21:52:15.021 [main] DEBUG com.browserstack.testOps.Listener - [ TESTHUB ] Processing Request Kind LogCreated
21:52:15.021 [main] DEBUG com.browserstack.testOps.Listener - [ TESTHUB ] Processing Request Kind LogCreated
21:52:15.021 [main] DEBUG com.browserstack.testOps.Listener - [ TESTHUB ] Processing Request Kind LogCreated
21:52:15.021 [main] DEBUG com.browserstack.testOps.Listener - [ TESTHUB ] Processing Request Kind LogCreated
21:52:15.026 [main] DEBUG com.browserstack.testOps.Listener - [ TESTHUB ] Processing Request Kind LogCreated
21:52:15.026 [main] DEBUG c.browserstack.utils.LogReportingAPI - [2024-08-06T16:22:15.026748Z][ OBSERVABILITY ] Processing Logs patching stream
21:52:15.033 [main] DEBUG com.browserstack.testOps.Listener - [ TESTHUB ] Processing Request Kind LogCreated
21:52:15.052 [C:/Users/Hp/Documents/IntelliJ Projects/AppiumPOMProject-0@0] DEBUG com.browserstack.testOps.Listener - [ TESTHUB ] Processing Request Kind LogCreated
21:52:15.073 [configureAppium@0] DEBUG c.b.testNgListeners.TestNGUtils - [populateTestDataForBSTestOps] Event Type :: HookRunStarted, Method ClassName :: testBaseUtils.WFlashBeforeEachTestAndroid 
21:52:15.073 [configureAppium@0] DEBUG c.browserstack.utils.UtilityMethods - [findFileMatcher] Current Path is :: C:\Users\Hp\Documents\IntelliJ Projects\AppiumPOMProject, TestClass :: testBaseUtils\WFlashBeforeEachTestAndroid
21:52:15.086 [configureAppium@0] DEBUG c.b.testNgListeners.TestNGUtils - [populateTestDataForBSTestOps] The filename fetched :: C:\Users\Hp\Documents\IntelliJ Projects\AppiumPOMProject\src\test\java\testBaseUtils\WFlashBeforeEachTestAndroid.java, fileSeparator :: \, AbsolutePath :: C:\Users\Hp\Documents\IntelliJ Projects\AppiumPOMProject\., Normalized Path :: C:\Users\Hp\Documents\IntelliJ Projects\AppiumPOMProject, File.Separator :: \
21:52:15.086 [configureAppium@0] DEBUG c.b.testNgListeners.TestNGUtils - [populateTestDataForBSTestOps] Replaced File Name is :: AppiumPOMProject\src\test\java\testBaseUtils\WFlashBeforeEachTestAndroid.java, Absolute Path :: C:\Users\Hp\Documents\IntelliJ Projects\AppiumPOMProject\.., Normalized Path :: C:\Users\Hp\Documents\IntelliJ Projects 
21:52:15.088 [configureAppium@0] DEBUG com.browserstack.testOps.Listener - [ TESTHUB ] Processing Request Kind HookRunStarted
21:52:16.776 [pool-4-thread-1] DEBUG c.browserstack.utils.RequestBatcher - Time Since Last Batch Processed 1722961336776

21:52:16.779 [pool-5-thread-1] DEBUG c.browserstack.utils.RequestBatcher - Processing Batch 45

21:52:16.779 [pool-5-thread-1] DEBUG c.browserstack.testOps.RequestUtils - [requestToTestOps] Sending Observability request: POST api/v1/batch with request size 10906
21:52:17.149 [pool-5-thread-1] DEBUG c.browserstack.testOps.RequestUtils - requestToTestOps: Response code: 200
21:52:17.150 [pool-5-thread-1] DEBUG c.browserstack.utils.LogReportingAPI - 
[2024-08-06T16:22:17.150935700Z][ TESTHUB ] Batch event successfull!

21:52:18.779 [pool-4-thread-1] DEBUG c.browserstack.utils.RequestBatcher - Time Since Last Batch Processed 2002

21:52:19.085 [configureAppium@0] DEBUG c.browserstack.utils.UtilityMethods - [Patch]: SDK enabled, patching remote server
21:52:19.089 [configureAppium@0] DEBUG c.b.selenium.SeleniumHandler - beforeDriverInit: SDK enabled. Thread ID: 43
21:52:19.094 [configureAppium@0] DEBUG c.browserstack.utils.UtilityMethods - [Patch]: SDK enabled, patching remote server
21:52:22.768 [pool-4-thread-1] DEBUG c.browserstack.utils.RequestBatcher - Time Since Last Batch Processed 3988

21:52:24.781 [pool-4-thread-1] DEBUG c.browserstack.utils.RequestBatcher - Time Since Last Batch Processed 2013

21:52:26.782 [pool-4-thread-1] DEBUG c.browserstack.utils.RequestBatcher - Time Since Last Batch Processed 2001

21:52:30.768 [pool-4-thread-1] DEBUG c.browserstack.utils.RequestBatcher - Time Since Last Batch Processed 3986

21:52:34.770 [pool-4-thread-1] DEBUG c.browserstack.utils.RequestBatcher - Time Since Last Batch Processed 4002

21:52:36.774 [pool-4-thread-1] DEBUG c.browserstack.utils.RequestBatcher - Time Since Last Batch Processed 2004

21:52:38.779 [pool-4-thread-1] DEBUG c.browserstack.utils.RequestBatcher - Time Since Last Batch Processed 2005

21:52:42.767 [pool-4-thread-1] DEBUG c.browserstack.utils.RequestBatcher - Time Since Last Batch Processed 3988

21:52:44.781 [pool-4-thread-1] DEBUG c.browserstack.utils.RequestBatcher - Time Since Last Batch Processed 2014

21:52:45.361 [configureAppium@0] DEBUG c.b.selenium.SeleniumHandler - afterDriverInit: requested
21:52:45.391 [configureAppium@0] DEBUG c.b.utils.SeleniumMethodUtils - getURLFromCommandExecutor: Getting Hub url from HttpCommandExecutor
21:52:45.391 [configureAppium@0] DEBUG c.b.utils.SeleniumMethodUtils - getURLFromCommandExecutor: Found url: https://hub-aps.browserstack.com/wd/hub
21:52:46.112 [C:/Users/Hp/Documents/IntelliJ Projects/AppiumPOMProject-0@0] DEBUG c.b.testNgListeners.TestNGUtils - [populateTestDataForBSTestOps] Event Type :: TestRunStarted, Test ClassName :: GroupID.FlashTestClass
21:52:46.112 [C:/Users/Hp/Documents/IntelliJ Projects/AppiumPOMProject-0@0] DEBUG c.browserstack.utils.UtilityMethods - [findFileMatcher] Current Path is :: C:\Users\Hp\Documents\IntelliJ Projects\AppiumPOMProject, TestClass :: GroupID\FlashObjectOptimised
21:52:46.119 [C:/Users/Hp/Documents/IntelliJ Projects/AppiumPOMProject-0@0] DEBUG c.b.testNgListeners.TestNGUtils - [populateTestDataForBSTestOps] The filename fetched :: C:\Users\Hp\Documents\IntelliJ Projects\AppiumPOMProject\src\test\java\GroupID\FlashObjectOptimised.java, fileSeparator :: \, AbsolutePath :: C:\Users\Hp\Documents\IntelliJ Projects\AppiumPOMProject\., Normalized Path :: C:\Users\Hp\Documents\IntelliJ Projects\AppiumPOMProject, File.Separator :: \
21:52:46.119 [C:/Users/Hp/Documents/IntelliJ Projects/AppiumPOMProject-0@0] DEBUG c.b.testNgListeners.TestNGUtils - [populateTestDataForBSTestOps] Replaced File Name is :: AppiumPOMProject\src\test\java\GroupID\FlashObjectOptimised.java, Absolute Path :: C:\Users\Hp\Documents\IntelliJ Projects\AppiumPOMProject\.., Normalized Path :: C:\Users\Hp\Documents\IntelliJ Projects 
21:52:46.132 [C:/Users/Hp/Documents/IntelliJ Projects/AppiumPOMProject-0@0] DEBUG c.b.utils.SeleniumMethodUtils - getURLFromCommandExecutor: Getting Hub url from HttpCommandExecutor
21:52:46.133 [C:/Users/Hp/Documents/IntelliJ Projects/AppiumPOMProject-0@0] DEBUG c.b.utils.SeleniumMethodUtils - getURLFromCommandExecutor: Found url: https://hub-aps.browserstack.com/wd/hub
21:52:46.134 [C:/Users/Hp/Documents/IntelliJ Projects/AppiumPOMProject-0@0] DEBUG com.browserstack.testOps.Listener - [ TESTHUB ] Processing Request Kind TestRunStarted
21:52:48.783 [pool-4-thread-1] DEBUG c.browserstack.utils.RequestBatcher - Time Since Last Batch Processed 4002

21:52:48.783 [pool-5-thread-1] DEBUG c.browserstack.utils.RequestBatcher - Processing Batch 1

21:52:48.784 [pool-5-thread-1] DEBUG c.browserstack.testOps.RequestUtils - [requestToTestOps] Sending Observability request: POST api/v1/batch with request size 3464
21:52:49.024 [pool-5-thread-1] DEBUG c.browserstack.testOps.RequestUtils - requestToTestOps: Response code: 200
21:52:49.025 [pool-5-thread-1] DEBUG c.browserstack.utils.LogReportingAPI - 
[2024-08-06T16:22:49.025816100Z][ TESTHUB ] Batch event successfull!

21:52:52.780 [pool-4-thread-1] DEBUG c.browserstack.utils.RequestBatcher - Time Since Last Batch Processed 3997

21:52:54.781 [pool-4-thread-1] DEBUG c.browserstack.utils.RequestBatcher - Time Since Last Batch Processed 2001

21:52:55.758 [AppiumTest1@0] DEBUG com.browserstack.testOps.Listener - [ TESTHUB ] Processing Request Kind LogCreated
21:52:58.779 [pool-4-thread-1] DEBUG c.browserstack.utils.RequestBatcher - Time Since Last Batch Processed 3998

21:52:58.779 [pool-5-thread-1] DEBUG c.browserstack.utils.RequestBatcher - Processing Batch 1

21:52:58.779 [pool-5-thread-1] DEBUG c.browserstack.testOps.RequestUtils - [requestToTestOps] Sending Observability request: POST api/v1/batch with request size 228
21:52:59.056 [pool-5-thread-1] DEBUG c.browserstack.testOps.RequestUtils - requestToTestOps: Response code: 200
21:52:59.056 [pool-5-thread-1] DEBUG c.browserstack.utils.LogReportingAPI - 
[2024-08-06T16:22:59.056645700Z][ TESTHUB ] Batch event successfull!

21:53:00.782 [pool-4-thread-1] DEBUG c.browserstack.utils.RequestBatcher - Time Since Last Batch Processed 2003

21:53:04.770 [pool-4-thread-1] DEBUG c.browserstack.utils.RequestBatcher - Time Since Last Batch Processed 3988

21:53:06.773 [pool-4-thread-1] DEBUG c.browserstack.utils.RequestBatcher - Time Since Last Batch Processed 2003

21:53:10.782 [pool-4-thread-1] DEBUG c.browserstack.utils.RequestBatcher - Time Since Last Batch Processed 4008

21:53:14.772 [pool-4-thread-1] DEBUG c.browserstack.utils.RequestBatcher - Time Since Last Batch Processed 3990

21:53:16.777 [pool-4-thread-1] DEBUG c.browserstack.utils.RequestBatcher - Time Since Last Batch Processed 2005

21:53:20.778 [pool-4-thread-1] DEBUG c.browserstack.utils.RequestBatcher - Time Since Last Batch Processed 4001

21:53:24.770 [pool-4-thread-1] DEBUG c.browserstack.utils.RequestBatcher - Time Since Last Batch Processed 3992

21:53:28.781 [pool-4-thread-1] DEBUG c.browserstack.utils.RequestBatcher - Time Since Last Batch Processed 4011

21:53:30.782 [pool-4-thread-1] DEBUG c.browserstack.utils.RequestBatcher - Time Since Last Batch Processed 2001

21:53:34.258 [AppiumTest1@0] DEBUG c.b.testNgListeners.TestNGUtils - [populateTestDataForBSTestOps] Event Type :: HookRunFinished, Method ClassName :: testBaseUtils.WFlashBeforeEachTestAndroid 
21:53:34.258 [AppiumTest1@0] DEBUG c.browserstack.utils.UtilityMethods - [findFileMatcher] Current Path is :: C:\Users\Hp\Documents\IntelliJ Projects\AppiumPOMProject, TestClass :: testBaseUtils\WFlashBeforeEachTestAndroid
21:53:34.266 [AppiumTest1@0] DEBUG c.b.testNgListeners.TestNGUtils - [populateTestDataForBSTestOps] The filename fetched :: C:\Users\Hp\Documents\IntelliJ Projects\AppiumPOMProject\src\test\java\testBaseUtils\WFlashBeforeEachTestAndroid.java, fileSeparator :: \, AbsolutePath :: C:\Users\Hp\Documents\IntelliJ Projects\AppiumPOMProject\., Normalized Path :: C:\Users\Hp\Documents\IntelliJ Projects\AppiumPOMProject, File.Separator :: \
21:53:34.267 [AppiumTest1@0] DEBUG c.b.testNgListeners.TestNGUtils - [populateTestDataForBSTestOps] Replaced File Name is :: AppiumPOMProject\src\test\java\testBaseUtils\WFlashBeforeEachTestAndroid.java, Absolute Path :: C:\Users\Hp\Documents\IntelliJ Projects\AppiumPOMProject\.., Normalized Path :: C:\Users\Hp\Documents\IntelliJ Projects 
21:53:34.276 [AppiumTest1@0] DEBUG c.b.utils.SeleniumMethodUtils - getURLFromCommandExecutor: Getting Hub url from HttpCommandExecutor
21:53:34.277 [AppiumTest1@0] DEBUG c.b.utils.SeleniumMethodUtils - getURLFromCommandExecutor: Found url: https://hub-aps.browserstack.com/wd/hub
21:53:34.277 [AppiumTest1@0] DEBUG com.browserstack.testOps.Listener - [ TESTHUB ] Processing Request Kind HookRunFinished
21:53:34.277 [AppiumTest1@0] DEBUG c.b.testNgListeners.TestNGUtils - [populateTestDataForBSTestOps] Event Type :: TestRunFinished, Test ClassName :: GroupID.FlashTestClass
21:53:34.277 [AppiumTest1@0] DEBUG c.browserstack.utils.UtilityMethods - [findFileMatcher] Current Path is :: C:\Users\Hp\Documents\IntelliJ Projects\AppiumPOMProject, TestClass :: GroupID\FlashObjectOptimised
21:53:34.286 [AppiumTest1@0] DEBUG c.b.testNgListeners.TestNGUtils - [populateTestDataForBSTestOps] The filename fetched :: C:\Users\Hp\Documents\IntelliJ Projects\AppiumPOMProject\src\test\java\GroupID\FlashObjectOptimised.java, fileSeparator :: \, AbsolutePath :: C:\Users\Hp\Documents\IntelliJ Projects\AppiumPOMProject\., Normalized Path :: C:\Users\Hp\Documents\IntelliJ Projects\AppiumPOMProject, File.Separator :: \
21:53:34.286 [AppiumTest1@0] DEBUG c.b.testNgListeners.TestNGUtils - [populateTestDataForBSTestOps] Replaced File Name is :: AppiumPOMProject\src\test\java\GroupID\FlashObjectOptimised.java, Absolute Path :: C:\Users\Hp\Documents\IntelliJ Projects\AppiumPOMProject\.., Normalized Path :: C:\Users\Hp\Documents\IntelliJ Projects 
21:53:34.294 [AppiumTest1@0] DEBUG c.b.utils.SeleniumMethodUtils - getURLFromCommandExecutor: Getting Hub url from HttpCommandExecutor
21:53:34.295 [AppiumTest1@0] DEBUG c.b.utils.SeleniumMethodUtils - getURLFromCommandExecutor: Found url: https://hub-aps.browserstack.com/wd/hub
21:53:34.297 [AppiumTest1@0] DEBUG com.browserstack.testOps.Listener - [ TESTHUB ] Processing Request Kind TestRunFinished
21:53:34.466 [AppiumTest1@0] DEBUG c.browserstack.utils.LogReportingAPI - sendPlatformDetails: Can't send CBT info, as driver or test is not found
21:53:34.775 [pool-4-thread-1] DEBUG c.browserstack.utils.RequestBatcher - Time Since Last Batch Processed 3993

21:53:34.775 [pool-5-thread-1] DEBUG c.browserstack.utils.RequestBatcher - Processing Batch 2

21:53:34.775 [pool-5-thread-1] DEBUG c.browserstack.testOps.RequestUtils - [requestToTestOps] Sending Observability request: POST api/v1/batch with request size 6855
21:53:35.075 [pool-5-thread-1] DEBUG c.browserstack.testOps.RequestUtils - requestToTestOps: Response code: 200
21:53:35.075 [pool-5-thread-1] DEBUG c.browserstack.utils.LogReportingAPI - 
[2024-08-06T16:23:35.075666800Z][ TESTHUB ] Batch event successfull!

21:53:36.977 [main] DEBUG com.browserstack.testOps.Listener - [ TESTHUB ] Processing Request Kind LogCreated
21:53:36.978 [main] DEBUG com.browserstack.testOps.Listener - [ TESTHUB ] Processing Request Kind LogCreated
21:53:36.980 [Thread-0] DEBUG c.browserstack.BrowserStackJavaAgent - Starting final execution
21:53:36.980 [Thread-0] DEBUG c.b.u.ObservabilityUtilityMethods - Processing batch requests with type: Global
21:53:36.980 [Thread-0] DEBUG c.browserstack.utils.LogReportingAPI - [2024-08-06T16:23:36.980044400Z][ OBSERVABILITY ] Processing stop observability
21:53:36.981 [pool-5-thread-1] DEBUG c.browserstack.utils.RequestBatcher - Processing Batch 2

21:53:36.981 [pool-5-thread-1] DEBUG c.browserstack.testOps.RequestUtils - [requestToTestOps] Sending Observability request: POST api/v1/batch with request size 585
21:53:37.328 [pool-5-thread-1] DEBUG c.browserstack.testOps.RequestUtils - requestToTestOps: Response code: 200
21:53:37.330 [pool-5-thread-1] DEBUG c.browserstack.utils.LogReportingAPI - 
[2024-08-06T16:23:37.330000800Z][ TESTHUB ] Batch event successfull!

21:53:37.330 [Thread-0] DEBUG c.browserstack.testOps.RequestUtils - [ TESTHUB ] Processing Request Kind stopBuildUpstream
21:53:37.331 [Thread-0] DEBUG c.browserstack.testOps.RequestUtils - [requestToTestOps] Sending Observability request: PUT api/v1/builds/qq4prijikvjuvavoykqod7helkcmzsppmqo7paa6/stop with request size 65
21:53:37.636 [Thread-0] DEBUG c.browserstack.testOps.RequestUtils - requestToTestOps: Response code: 200
21:53:37.636 [Thread-0] DEBUG com.browserstack.testOps.Listener - Testhub stop response: 
21:53:39.899 [Thread-0] DEBUG com.browserstack.testOps.UsageStats - getFormattedData: Collecting data for TestObservability
21:53:39.899 [Thread-0] DEBUG com.browserstack.testOps.UsageStats - getEventStats: Getting event data for TestObservability
21:53:39.904 [Thread-0] DEBUG com.browserstack.testOps.UsageStats - [OBSERVABILITY] Failed to parse data from workers
21:53:39.972 [Thread-0] DEBUG c.b.utils.FunnelInstrumentation - Sending funnel data for SDKTestSuccessful with data: {"event_type":"SDKTestSuccessful","accessKey":"cdWAYU5meFd1rax23PEp","userName":"nayankumar_Rp0sMa","event_properties":{"product":"[app-automate, observability]","buildName":"browserstack build","os":"Windows 11","languageVersion":"18.0.2.1","appiumVersion":"9.2.2","frameworkDetectionInstrumentation":{"parseLoadClass":10,"ret-org.openqa.selenium.remote.RemoteWebDriver":327,"retransformClasses":330,"parseDependencies":17},"language":"java","sdkRunId":"9140acbf-3b50-42a0-8f4a-27abe017b9d8","buildIdentifier":"#34","userFramework":"testng","testhub_uuid":"qq4prijikvjuvavoykqod7helkcmzsppmqo7paa6","detectedAppiumVersion":"null","detectedDependencies":"testng","productMap":{"app_automate":true,"accessibility":false,"automate":false,"percy":false,"observability":true},"referrer":"testng-javaagent\/1.20.2","hostname":"DESKTOP-13RHPFK","measures":{"local:start":7019,"sdk:setup":14409,"local:stop":2260},"language_framework":"java_testng","detectedFramework":"testng","productUsage":{"testObservability":{"buildHashedId":"qq4prijikvjuvavoykqod7helkcmzsppmqo7paa6","manuallySet":false,"enabled":true,"events":{"hookEvents":{"started":{"errors":[],"sentCount":1,"triggeredCount":1,"failedCount":0},"finished":{"triggeredCount":1,"failedCount":0,"errors":[],"sentCount":1},"passed":{"errors":[],"sentCount":1,"triggeredCount":1,"failedCount":0}},"logEvents":{"errors":[],"sentCount":47,"triggeredCount":47,"failedCount":0,"log":{"errors":[],"sentCount":47,"triggeredCount":47,"failedCount":0}},"testEvents":{"started":{"errors":[],"sentCount":1,"triggeredCount":1,"failedCount":0},"finished":{"triggeredCount":1,"failedCount":0,"errors":[],"sentCount":1},"passed":{"errors":[],"sentCount":1,"triggeredCount":1,"failedCount":0}},"batchEvents":{"triggeredCount":5,"failedCount":0,"errors":[],"sentCount":5},"cbtSessionEvents":{"errors":[],"sentCount":0,"triggeredCount":0,"failedCount":0},"buildEvents":{"started":{"error":null,"status":"success","triggered":true},"finished":{"error":null,"status":"success","triggered":true}}}}},"detectedSeleniumVersion":"null","browserStackConfig":{"browserstackLocal":true,"percy":false,"logLevel":"info","staticWebDriver":true,"autoDetectFramework":true,"percyCaptureMode":"MANUAL","browserStackLocalOptions":{"localIdentifier":"06_Aug_2152_DESKTOP_13RHPFK_mZuU","key":"****"},"percyOptions":null,"testContextOptions":{"skipSessionStatus":false,"serenityOverridePlugin":false,"skipSessionName":false},"platforms":[{"capabilities":{"platformVersion":13.0,"platformName":"android","deviceName":"Samsung Galaxy S23"},"browserVersion":null,"os":null,"osVersion":null,"device":"Samsung Galaxy S23","browser":null,"platformCaps":{"platformVersion":13.0,"platformName":"android","deviceName":"Samsung Galaxy S23"},"platformString":"Samsung Galaxy S23, 13.0","customVariables":"****"}],"parallelsPerPlatform":1,"framework":"testng","accessibility":false,"accessibilityOptions":{},"turboScaleOptions":{},"disableAutoCaptureLogs":true,"testObservability":true,"browserstackAutomation":true,"turboScale":false,"testObservabilityOptions":{},"gradleMConfig":null,"proxySettings":null},"seleniumVersion":""}}
21:53:40.411 [Thread-0] DEBUG c.b.utils.FunnelInstrumentation - API Event SDKTestSuccessful response - {"message":"SDK Event recorded successfully"}
21:53:42.866 [Thread-0] DEBUG c.browserstack.utils.UtilityMethods - Server side buildName(browserstack build  34) is not same as client side buildName(browserstack build #34)
21:53:42.867 [Thread-0] DEBUG c.browserstack.utils.UtilityMethods - Browserstack Gradle-M Config File does not exist.
22:02:12.361 [main] DEBUG c.b.config.BrowserStackConfig - Cli Config passed - {}
22:02:12.826 [main] DEBUG c.b.logger.BrowserstackLoggerFactory - Log Level set to TRACE for logger com.browserstack
22:02:12.826 [main] DEBUG c.b.logger.BrowserstackLoggerFactory - Log Level set to INFO for logger stdoutPrinter
22:02:12.925 [main] DEBUG c.b.utils.FrameworkDetectionUtils - Java command - com.intellij.rt.testng.RemoteTestNGStarter -usedefaultlisteners false -listener testBaseUtils.Listeners -socket55194 @w@C:\Users\Hp\AppData\Local\Temp\idea_working_dirs_testng.tmp -temp C:\Users\Hp\AppData\Local\Temp\idea_testng.tmp
22:02:12.925 [main] DEBUG c.b.utils.FrameworkDetectionUtils - Test classes detected: 
22:02:12.933 [main] DEBUG c.b.utils.FrameworkDetectionUtils - Runner: testng, Engine: none
22:02:12.948 [main] DEBUG c.b.utils.FrameworkDetectionUtils - Runner: testng, Engine: none from dependencies
22:02:12.948 [main] DEBUG c.b.utils.FrameworkDetectionUtils - Detected final framework as: testng
22:02:12.948 [main] DEBUG c.browserstack.BrowserStackJavaAgent - JavaAgent Version 1.20.2
22:02:12.953 [main] DEBUG c.b.utils.ExitSignalHandler - Registered handler for INT
22:02:12.953 [main] DEBUG c.b.utils.ExitSignalHandler - Registered handler for TERM
22:02:12.953 [main] DEBUG c.b.utils.ExitSignalHandler - Unable to attach signal handler for HUP Unknown signal: HUP
22:02:12.953 [main] DEBUG c.b.utils.ExitSignalHandler - Registered handler for ABRT
22:02:13.938 [Thread-1] DEBUG c.browserstack.utils.UtilityMethods - NEXT HUBS ARE: ["hub-aps.browserstack.com","hub-euw.browserstack.com","hub-apse.browserstack.com"]
22:02:14.548 [main] DEBUG c.browserstack.utils.UtilityMethods - EXECUTION TIME OF hub-aps.browserstack.com HUB IS: 608ms
22:02:15.775 [main] DEBUG c.browserstack.utils.UtilityMethods - EXECUTION TIME OF hub-euw.browserstack.com HUB IS: 1213ms
22:02:16.903 [main] DEBUG c.browserstack.utils.UtilityMethods - EXECUTION TIME OF hub-apse.browserstack.com HUB IS: 1128ms
22:02:16.915 [main] DEBUG c.browserstack.utils.UtilityMethods - NEAREST HUB ALLOCATED IS - hub-aps.browserstack.com
22:02:16.932 [main] DEBUG c.b.utils.FunnelInstrumentation - Sending funnel data for SDKTestAttempted with data: {"event_type":"SDKTestAttempted","accessKey":"cdWAYU5meFd1rax23PEp","userName":"nayankumar_Rp0sMa","event_properties":{"product":"[app-automate, observability]","buildName":"browserstack build","os":"Windows 11","languageVersion":"18.0.2.1","appiumVersion":"9.2.2","frameworkDetectionInstrumentation":{"parseLoadClass":7,"parseDependencies":15},"language":"java","sdkRunId":"25ff5d78-0c2f-45df-821c-4af83d67467f","buildIdentifier":"#35","userFramework":"testng","testhub_uuid":"","detectedAppiumVersion":"null","detectedDependencies":"testng","productMap":{"app_automate":true,"accessibility":false,"automate":false,"percy":false,"observability":true},"referrer":"testng-javaagent\/1.20.2","hostname":"DESKTOP-13RHPFK","language_framework":"java_testng","detectedFramework":"testng","detectedSeleniumVersion":"null","seleniumVersion":""}}
22:02:17.528 [main] DEBUG c.b.utils.FunnelInstrumentation - API Event SDKTestAttempted response - {"message":"SDK Event recorded successfully"}
22:02:17.784 [main] DEBUG c.browserstack.testOps.RequestUtils - [ TESTHUB ] Processing Request Kind launchTestSession
22:02:17.785 [main] DEBUG c.browserstack.testOps.RequestUtils - [requestToTestOps] Sending Observability request: POST api/v2/builds with request size 1331
22:02:19.265 [main] DEBUG c.browserstack.testOps.RequestUtils - requestToTestOps: Response code: 200
22:02:19.266 [main] DEBUG com.browserstack.testOps.Listener - BROWSERSTACK_TESTHUB_UUID : qpvzln8ireib4bpolongekuquvlrh4fwc6a7kfur
22:02:19.266 [main] DEBUG com.browserstack.testOps.Listener - [ TESTHUB ] Build creation successfull
22:02:19.271 [main] DEBUG com.browserstack.LocalFactory - Starting BrowserStack Local with identifier 06_Aug_222_DESKTOP_13RHPFK_wtBV
22:02:26.439 [main] DEBUG com.browserstack.testOps.Listener - [ TESTHUB ] Processing Request Kind LogCreated
22:02:26.447 [main] DEBUG c.b.t.XMLSuiteClassListener - Number of parallels - 2 and number of platforms - 2
22:02:26.675 [main] DEBUG com.browserstack.testOps.Listener - [ TESTHUB ] Processing Request Kind LogCreated
22:02:26.679 [main] DEBUG com.browserstack.testOps.Listener - [ TESTHUB ] Processing Request Kind LogCreated
22:02:26.680 [main] DEBUG com.browserstack.testOps.Listener - [ TESTHUB ] Processing Request Kind LogCreated
22:02:26.680 [main] DEBUG com.browserstack.testOps.Listener - [ TESTHUB ] Processing Request Kind LogCreated
22:02:26.682 [main] DEBUG com.browserstack.testOps.Listener - [ TESTHUB ] Processing Request Kind LogCreated
22:02:26.682 [main] DEBUG com.browserstack.testOps.Listener - [ TESTHUB ] Processing Request Kind LogCreated
22:02:26.682 [main] DEBUG com.browserstack.testOps.Listener - [ TESTHUB ] Processing Request Kind LogCreated
22:02:26.682 [main] DEBUG com.browserstack.testOps.Listener - [ TESTHUB ] Processing Request Kind LogCreated
22:02:26.687 [main] DEBUG com.browserstack.testOps.Listener - [ TESTHUB ] Processing Request Kind LogCreated
22:02:26.697 [main] DEBUG com.browserstack.testOps.Listener - [ TESTHUB ] Processing Request Kind LogCreated
22:02:26.697 [main] DEBUG com.browserstack.testOps.Listener - [ TESTHUB ] Processing Request Kind LogCreated
22:02:26.703 [main] DEBUG com.browserstack.testOps.Listener - [ TESTHUB ] Processing Request Kind LogCreated
22:02:26.704 [main] DEBUG com.browserstack.testOps.Listener - [ TESTHUB ] Processing Request Kind LogCreated
22:02:26.704 [main] DEBUG com.browserstack.testOps.Listener - [ TESTHUB ] Processing Request Kind LogCreated
22:02:26.704 [main] DEBUG com.browserstack.testOps.Listener - [ TESTHUB ] Processing Request Kind LogCreated
22:02:26.710 [main] DEBUG com.browserstack.testOps.Listener - [ TESTHUB ] Processing Request Kind LogCreated
22:02:26.710 [main] DEBUG com.browserstack.testOps.Listener - [ TESTHUB ] Processing Request Kind LogCreated
22:02:26.711 [main] DEBUG com.browserstack.testOps.Listener - [ TESTHUB ] Processing Request Kind LogCreated
22:02:26.711 [main] DEBUG com.browserstack.testOps.Listener - [ TESTHUB ] Processing Request Kind LogCreated
22:02:26.713 [main] DEBUG com.browserstack.testOps.Listener - [ TESTHUB ] Processing Request Kind LogCreated
22:02:26.713 [main] DEBUG com.browserstack.testOps.Listener - [ TESTHUB ] Processing Request Kind LogCreated
22:02:26.716 [main] DEBUG com.browserstack.testOps.Listener - [ TESTHUB ] Processing Request Kind LogCreated
22:02:26.717 [main] DEBUG com.browserstack.testOps.Listener - [ TESTHUB ] Processing Request Kind LogCreated
22:02:26.717 [main] DEBUG com.browserstack.testOps.Listener - [ TESTHUB ] Processing Request Kind LogCreated
22:02:26.717 [main] DEBUG com.browserstack.testOps.Listener - [ TESTHUB ] Processing Request Kind LogCreated
22:02:26.719 [main] DEBUG com.browserstack.testOps.Listener - [ TESTHUB ] Processing Request Kind LogCreated
22:02:26.719 [main] DEBUG com.browserstack.testOps.Listener - [ TESTHUB ] Processing Request Kind LogCreated
22:02:26.719 [main] DEBUG com.browserstack.testOps.Listener - [ TESTHUB ] Processing Request Kind LogCreated
22:02:26.719 [main] DEBUG com.browserstack.testOps.Listener - [ TESTHUB ] Processing Request Kind LogCreated
22:02:26.721 [main] DEBUG com.browserstack.testOps.Listener - [ TESTHUB ] Processing Request Kind LogCreated
22:02:26.722 [main] DEBUG com.browserstack.testOps.Listener - [ TESTHUB ] Processing Request Kind LogCreated
22:02:26.722 [main] DEBUG com.browserstack.testOps.Listener - [ TESTHUB ] Processing Request Kind LogCreated
22:02:26.722 [main] DEBUG com.browserstack.testOps.Listener - [ TESTHUB ] Processing Request Kind LogCreated
22:02:26.722 [main] DEBUG com.browserstack.testOps.Listener - [ TESTHUB ] Processing Request Kind LogCreated
22:02:26.722 [main] DEBUG com.browserstack.testOps.Listener - [ TESTHUB ] Processing Request Kind LogCreated
22:02:26.722 [main] DEBUG com.browserstack.testOps.Listener - [ TESTHUB ] Processing Request Kind LogCreated
22:02:26.725 [main] DEBUG com.browserstack.testOps.Listener - [ TESTHUB ] Processing Request Kind LogCreated
22:02:26.725 [main] DEBUG com.browserstack.testOps.Listener - [ TESTHUB ] Processing Request Kind LogCreated
22:02:26.725 [main] DEBUG com.browserstack.testOps.Listener - [ TESTHUB ] Processing Request Kind LogCreated
22:02:26.725 [main] DEBUG com.browserstack.testOps.Listener - [ TESTHUB ] Processing Request Kind LogCreated
22:02:26.735 [main] DEBUG com.browserstack.testOps.Listener - [ TESTHUB ] Processing Request Kind LogCreated
22:02:26.735 [main] DEBUG com.browserstack.testOps.Listener - [ TESTHUB ] Processing Request Kind LogCreated
22:02:26.735 [main] DEBUG com.browserstack.testOps.Listener - [ TESTHUB ] Processing Request Kind LogCreated
22:02:26.735 [main] DEBUG com.browserstack.testOps.Listener - [ TESTHUB ] Processing Request Kind LogCreated
22:02:26.735 [main] DEBUG com.browserstack.testOps.Listener - [ TESTHUB ] Processing Request Kind LogCreated
22:02:26.735 [main] DEBUG com.browserstack.testOps.Listener - [ TESTHUB ] Processing Request Kind LogCreated
22:02:26.736 [main] DEBUG com.browserstack.testOps.Listener - [ TESTHUB ] Processing Request Kind LogCreated
22:02:26.736 [main] DEBUG com.browserstack.testOps.Listener - [ TESTHUB ] Processing Request Kind LogCreated
22:02:26.736 [main] DEBUG com.browserstack.testOps.Listener - [ TESTHUB ] Processing Request Kind LogCreated
22:02:26.737 [main] DEBUG com.browserstack.testOps.Listener - [ TESTHUB ] Processing Request Kind LogCreated
22:02:26.737 [main] DEBUG com.browserstack.testOps.Listener - [ TESTHUB ] Processing Request Kind LogCreated
22:02:26.737 [main] DEBUG com.browserstack.testOps.Listener - [ TESTHUB ] Processing Request Kind LogCreated
22:02:26.737 [main] DEBUG com.browserstack.testOps.Listener - [ TESTHUB ] Processing Request Kind LogCreated
22:02:26.737 [main] DEBUG com.browserstack.testOps.Listener - [ TESTHUB ] Processing Request Kind LogCreated
22:02:26.737 [main] DEBUG com.browserstack.testOps.Listener - [ TESTHUB ] Processing Request Kind LogCreated
22:02:26.737 [main] DEBUG com.browserstack.testOps.Listener - [ TESTHUB ] Processing Request Kind LogCreated
22:02:26.737 [main] DEBUG com.browserstack.testOps.Listener - [ TESTHUB ] Processing Request Kind LogCreated
22:02:26.739 [main] DEBUG com.browserstack.testOps.Listener - [ TESTHUB ] Processing Request Kind LogCreated
22:02:26.739 [main] DEBUG com.browserstack.testOps.Listener - [ TESTHUB ] Processing Request Kind LogCreated
22:02:26.739 [main] DEBUG com.browserstack.testOps.Listener - [ TESTHUB ] Processing Request Kind LogCreated
22:02:26.740 [main] DEBUG com.browserstack.testOps.Listener - [ TESTHUB ] Processing Request Kind LogCreated
22:02:26.740 [main] DEBUG com.browserstack.testOps.Listener - [ TESTHUB ] Processing Request Kind LogCreated
22:02:26.740 [main] DEBUG com.browserstack.testOps.Listener - [ TESTHUB ] Processing Request Kind LogCreated
22:02:26.742 [main] DEBUG com.browserstack.testOps.Listener - [ TESTHUB ] Processing Request Kind LogCreated
22:02:26.742 [main] DEBUG com.browserstack.testOps.Listener - [ TESTHUB ] Processing Request Kind LogCreated
22:02:26.742 [main] DEBUG com.browserstack.testOps.Listener - [ TESTHUB ] Processing Request Kind LogCreated
22:02:26.742 [main] DEBUG com.browserstack.testOps.Listener - [ TESTHUB ] Processing Request Kind LogCreated
22:02:26.742 [main] DEBUG com.browserstack.testOps.Listener - [ TESTHUB ] Processing Request Kind LogCreated
22:02:26.742 [main] DEBUG com.browserstack.testOps.Listener - [ TESTHUB ] Processing Request Kind LogCreated
22:02:26.743 [main] DEBUG com.browserstack.testOps.Listener - [ TESTHUB ] Processing Request Kind LogCreated
22:02:26.743 [main] DEBUG com.browserstack.testOps.Listener - [ TESTHUB ] Processing Request Kind LogCreated
22:02:26.743 [main] DEBUG com.browserstack.testOps.Listener - [ TESTHUB ] Processing Request Kind LogCreated
22:02:26.743 [main] DEBUG com.browserstack.testOps.Listener - [ TESTHUB ] Processing Request Kind LogCreated
22:02:26.743 [main] DEBUG com.browserstack.testOps.Listener - [ TESTHUB ] Processing Request Kind LogCreated
22:02:26.743 [main] DEBUG com.browserstack.testOps.Listener - [ TESTHUB ] Processing Request Kind LogCreated
22:02:26.744 [main] DEBUG com.browserstack.testOps.Listener - [ TESTHUB ] Processing Request Kind LogCreated
22:02:26.744 [main] DEBUG com.browserstack.testOps.Listener - [ TESTHUB ] Processing Request Kind LogCreated
22:02:26.744 [main] DEBUG com.browserstack.testOps.Listener - [ TESTHUB ] Processing Request Kind LogCreated
22:02:26.744 [main] DEBUG com.browserstack.testOps.Listener - [ TESTHUB ] Processing Request Kind LogCreated
22:02:26.744 [main] DEBUG com.browserstack.testOps.Listener - [ TESTHUB ] Processing Request Kind LogCreated
22:02:26.746 [main] DEBUG com.browserstack.testOps.Listener - [ TESTHUB ] Processing Request Kind LogCreated
22:02:26.746 [main] DEBUG c.browserstack.utils.LogReportingAPI - [2024-08-06T16:32:26.746554Z][ OBSERVABILITY ] Processing Logs patching stream
22:02:26.754 [main] DEBUG com.browserstack.testOps.Listener - [ TESTHUB ] Processing Request Kind LogCreated
22:02:26.782 [C:/Users/Hp/Documents/IntelliJ Projects/AppiumPOMProject-0@0] DEBUG com.browserstack.testOps.Listener - [ TESTHUB ] Processing Request Kind LogCreated
22:02:26.782 [C:/Users/Hp/Documents/IntelliJ Projects/AppiumPOMProject-1@1] DEBUG com.browserstack.testOps.Listener - [ TESTHUB ] Processing Request Kind LogCreated
22:02:26.818 [configureAppium@1] DEBUG c.b.testNgListeners.TestNGUtils - [populateTestDataForBSTestOps] Event Type :: HookRunStarted, Method ClassName :: testBaseUtils.WFlashBeforeEachTestAndroid 
22:02:26.818 [configureAppium@0] DEBUG c.b.testNgListeners.TestNGUtils - [populateTestDataForBSTestOps] Event Type :: HookRunStarted, Method ClassName :: testBaseUtils.WFlashBeforeEachTestAndroid 
22:02:26.818 [configureAppium@1] DEBUG c.browserstack.utils.UtilityMethods - [findFileMatcher] Current Path is :: C:\Users\Hp\Documents\IntelliJ Projects\AppiumPOMProject, TestClass :: testBaseUtils\WFlashBeforeEachTestAndroid
22:02:26.818 [configureAppium@0] DEBUG c.browserstack.utils.UtilityMethods - [findFileMatcher] Current Path is :: C:\Users\Hp\Documents\IntelliJ Projects\AppiumPOMProject, TestClass :: testBaseUtils\WFlashBeforeEachTestAndroid
22:02:26.845 [configureAppium@1] DEBUG c.b.testNgListeners.TestNGUtils - [populateTestDataForBSTestOps] The filename fetched :: C:\Users\Hp\Documents\IntelliJ Projects\AppiumPOMProject\src\test\java\testBaseUtils\WFlashBeforeEachTestAndroid.java, fileSeparator :: \, AbsolutePath :: C:\Users\Hp\Documents\IntelliJ Projects\AppiumPOMProject\., Normalized Path :: C:\Users\Hp\Documents\IntelliJ Projects\AppiumPOMProject, File.Separator :: \
22:02:26.845 [configureAppium@0] DEBUG c.b.testNgListeners.TestNGUtils - [populateTestDataForBSTestOps] The filename fetched :: C:\Users\Hp\Documents\IntelliJ Projects\AppiumPOMProject\src\test\java\testBaseUtils\WFlashBeforeEachTestAndroid.java, fileSeparator :: \, AbsolutePath :: C:\Users\Hp\Documents\IntelliJ Projects\AppiumPOMProject\., Normalized Path :: C:\Users\Hp\Documents\IntelliJ Projects\AppiumPOMProject, File.Separator :: \
22:02:26.847 [configureAppium@1] DEBUG c.b.testNgListeners.TestNGUtils - [populateTestDataForBSTestOps] Replaced File Name is :: AppiumPOMProject\src\test\java\testBaseUtils\WFlashBeforeEachTestAndroid.java, Absolute Path :: C:\Users\Hp\Documents\IntelliJ Projects\AppiumPOMProject\.., Normalized Path :: C:\Users\Hp\Documents\IntelliJ Projects 
22:02:26.847 [configureAppium@0] DEBUG c.b.testNgListeners.TestNGUtils - [populateTestDataForBSTestOps] Replaced File Name is :: AppiumPOMProject\src\test\java\testBaseUtils\WFlashBeforeEachTestAndroid.java, Absolute Path :: C:\Users\Hp\Documents\IntelliJ Projects\AppiumPOMProject\.., Normalized Path :: C:\Users\Hp\Documents\IntelliJ Projects 
22:02:26.850 [configureAppium@0] DEBUG com.browserstack.testOps.Listener - [ TESTHUB ] Processing Request Kind HookRunStarted
22:02:26.850 [configureAppium@1] DEBUG com.browserstack.testOps.Listener - [ TESTHUB ] Processing Request Kind HookRunStarted
22:02:28.455 [pool-4-thread-1] DEBUG c.browserstack.utils.RequestBatcher - Time Since Last Batch Processed 1722961948455

22:02:28.459 [pool-5-thread-1] DEBUG c.browserstack.utils.RequestBatcher - Processing Batch 87

22:02:28.460 [pool-5-thread-1] DEBUG c.browserstack.testOps.RequestUtils - [requestToTestOps] Sending Observability request: POST api/v1/batch with request size 21036
22:02:28.987 [pool-5-thread-1] DEBUG c.browserstack.testOps.RequestUtils - requestToTestOps: Response code: 200
22:02:28.987 [pool-5-thread-1] DEBUG c.browserstack.utils.LogReportingAPI - 
[2024-08-06T16:32:28.987449800Z][ TESTHUB ] Batch event successfull!

22:02:32.449 [pool-4-thread-1] DEBUG c.browserstack.utils.RequestBatcher - Time Since Last Batch Processed 3993

22:02:36.451 [pool-4-thread-1] DEBUG c.browserstack.utils.RequestBatcher - Time Since Last Batch Processed 4002

22:02:38.456 [pool-4-thread-1] DEBUG c.browserstack.utils.RequestBatcher - Time Since Last Batch Processed 2005

22:02:42.449 [pool-4-thread-1] DEBUG c.browserstack.utils.RequestBatcher - Time Since Last Batch Processed 3993

22:02:44.451 [pool-4-thread-1] DEBUG c.browserstack.utils.RequestBatcher - Time Since Last Batch Processed 2002

22:02:47.083 [C:/Users/Hp/Documents/IntelliJ Projects/AppiumPOMProject-0@0] DEBUG c.b.testNgListeners.TestNGUtils - [populateTestDataForBSTestOps] Event Type :: TestRunStarted, Test ClassName :: GroupID.FlashTestClass
22:02:47.083 [C:/Users/Hp/Documents/IntelliJ Projects/AppiumPOMProject-0@0] DEBUG c.browserstack.utils.UtilityMethods - [findFileMatcher] Current Path is :: C:\Users\Hp\Documents\IntelliJ Projects\AppiumPOMProject, TestClass :: GroupID\FlashObjectOptimised
22:02:47.083 [C:/Users/Hp/Documents/IntelliJ Projects/AppiumPOMProject-1@1] DEBUG c.b.testNgListeners.TestNGUtils - [populateTestDataForBSTestOps] Event Type :: TestRunStarted, Test ClassName :: GroupID.FlashTestClass
22:02:47.083 [C:/Users/Hp/Documents/IntelliJ Projects/AppiumPOMProject-1@1] DEBUG c.browserstack.utils.UtilityMethods - [findFileMatcher] Current Path is :: C:\Users\Hp\Documents\IntelliJ Projects\AppiumPOMProject, TestClass :: GroupID\FlashObjectOptimised
22:02:47.093 [C:/Users/Hp/Documents/IntelliJ Projects/AppiumPOMProject-1@1] DEBUG c.b.testNgListeners.TestNGUtils - [populateTestDataForBSTestOps] The filename fetched :: C:\Users\Hp\Documents\IntelliJ Projects\AppiumPOMProject\src\test\java\GroupID\FlashObjectOptimised.java, fileSeparator :: \, AbsolutePath :: C:\Users\Hp\Documents\IntelliJ Projects\AppiumPOMProject\., Normalized Path :: C:\Users\Hp\Documents\IntelliJ Projects\AppiumPOMProject, File.Separator :: \
22:02:47.093 [C:/Users/Hp/Documents/IntelliJ Projects/AppiumPOMProject-1@1] DEBUG c.b.testNgListeners.TestNGUtils - [populateTestDataForBSTestOps] Replaced File Name is :: AppiumPOMProject\src\test\java\GroupID\FlashObjectOptimised.java, Absolute Path :: C:\Users\Hp\Documents\IntelliJ Projects\AppiumPOMProject\.., Normalized Path :: C:\Users\Hp\Documents\IntelliJ Projects 
22:02:47.093 [C:/Users/Hp/Documents/IntelliJ Projects/AppiumPOMProject-0@0] DEBUG c.b.testNgListeners.TestNGUtils - [populateTestDataForBSTestOps] The filename fetched :: C:\Users\Hp\Documents\IntelliJ Projects\AppiumPOMProject\src\test\java\GroupID\FlashObjectOptimised.java, fileSeparator :: \, AbsolutePath :: C:\Users\Hp\Documents\IntelliJ Projects\AppiumPOMProject\., Normalized Path :: C:\Users\Hp\Documents\IntelliJ Projects\AppiumPOMProject, File.Separator :: \
22:02:47.094 [C:/Users/Hp/Documents/IntelliJ Projects/AppiumPOMProject-0@0] DEBUG c.b.testNgListeners.TestNGUtils - [populateTestDataForBSTestOps] Replaced File Name is :: AppiumPOMProject\src\test\java\GroupID\FlashObjectOptimised.java, Absolute Path :: C:\Users\Hp\Documents\IntelliJ Projects\AppiumPOMProject\.., Normalized Path :: C:\Users\Hp\Documents\IntelliJ Projects 
22:02:47.098 [C:/Users/Hp/Documents/IntelliJ Projects/AppiumPOMProject-0@0] DEBUG com.browserstack.testOps.Listener - [ TESTHUB ] Processing Request Kind TestRunStarted
22:02:47.098 [C:/Users/Hp/Documents/IntelliJ Projects/AppiumPOMProject-1@1] DEBUG com.browserstack.testOps.Listener - [ TESTHUB ] Processing Request Kind TestRunStarted
22:02:47.100 [AppiumTest1@0] DEBUG c.b.testNgListeners.TestNGUtils - [populateTestDataForBSTestOps] Event Type :: HookRunFinished, Method ClassName :: testBaseUtils.WFlashBeforeEachTestAndroid 
22:02:47.100 [AppiumTest1@1] DEBUG c.b.testNgListeners.TestNGUtils - [populateTestDataForBSTestOps] Event Type :: HookRunFinished, Method ClassName :: testBaseUtils.WFlashBeforeEachTestAndroid 
22:02:47.100 [AppiumTest1@0] DEBUG c.browserstack.utils.UtilityMethods - [findFileMatcher] Current Path is :: C:\Users\Hp\Documents\IntelliJ Projects\AppiumPOMProject, TestClass :: testBaseUtils\WFlashBeforeEachTestAndroid
22:02:47.100 [AppiumTest1@1] DEBUG c.browserstack.utils.UtilityMethods - [findFileMatcher] Current Path is :: C:\Users\Hp\Documents\IntelliJ Projects\AppiumPOMProject, TestClass :: testBaseUtils\WFlashBeforeEachTestAndroid
22:02:47.109 [AppiumTest1@0] DEBUG c.b.testNgListeners.TestNGUtils - [populateTestDataForBSTestOps] The filename fetched :: C:\Users\Hp\Documents\IntelliJ Projects\AppiumPOMProject\src\test\java\testBaseUtils\WFlashBeforeEachTestAndroid.java, fileSeparator :: \, AbsolutePath :: C:\Users\Hp\Documents\IntelliJ Projects\AppiumPOMProject\., Normalized Path :: C:\Users\Hp\Documents\IntelliJ Projects\AppiumPOMProject, File.Separator :: \
22:02:47.110 [AppiumTest1@0] DEBUG c.b.testNgListeners.TestNGUtils - [populateTestDataForBSTestOps] Replaced File Name is :: AppiumPOMProject\src\test\java\testBaseUtils\WFlashBeforeEachTestAndroid.java, Absolute Path :: C:\Users\Hp\Documents\IntelliJ Projects\AppiumPOMProject\.., Normalized Path :: C:\Users\Hp\Documents\IntelliJ Projects 
22:02:47.110 [AppiumTest1@1] DEBUG c.b.testNgListeners.TestNGUtils - [populateTestDataForBSTestOps] The filename fetched :: C:\Users\Hp\Documents\IntelliJ Projects\AppiumPOMProject\src\test\java\testBaseUtils\WFlashBeforeEachTestAndroid.java, fileSeparator :: \, AbsolutePath :: C:\Users\Hp\Documents\IntelliJ Projects\AppiumPOMProject\., Normalized Path :: C:\Users\Hp\Documents\IntelliJ Projects\AppiumPOMProject, File.Separator :: \
22:02:47.110 [AppiumTest1@1] DEBUG c.b.testNgListeners.TestNGUtils - [populateTestDataForBSTestOps] Replaced File Name is :: AppiumPOMProject\src\test\java\testBaseUtils\WFlashBeforeEachTestAndroid.java, Absolute Path :: C:\Users\Hp\Documents\IntelliJ Projects\AppiumPOMProject\.., Normalized Path :: C:\Users\Hp\Documents\IntelliJ Projects 
22:02:47.110 [AppiumTest1@1] DEBUG com.browserstack.testOps.Listener - [ TESTHUB ] Processing Request Kind HookRunFinished
22:02:47.110 [AppiumTest1@0] DEBUG com.browserstack.testOps.Listener - [ TESTHUB ] Processing Request Kind HookRunFinished
22:02:47.111 [AppiumTest1@0] DEBUG c.b.testNgListeners.TestNGUtils - [populateTestDataForBSTestOps] Event Type :: TestRunSkipped, Test ClassName :: GroupID.FlashTestClass
22:02:47.111 [AppiumTest1@0] DEBUG c.browserstack.utils.UtilityMethods - [findFileMatcher] Current Path is :: C:\Users\Hp\Documents\IntelliJ Projects\AppiumPOMProject, TestClass :: GroupID\FlashObjectOptimised
22:02:47.111 [AppiumTest1@1] DEBUG c.b.testNgListeners.TestNGUtils - [populateTestDataForBSTestOps] Event Type :: TestRunSkipped, Test ClassName :: GroupID.FlashTestClass
22:02:47.111 [AppiumTest1@1] DEBUG c.browserstack.utils.UtilityMethods - [findFileMatcher] Current Path is :: C:\Users\Hp\Documents\IntelliJ Projects\AppiumPOMProject, TestClass :: GroupID\FlashObjectOptimised
22:02:47.118 [AppiumTest1@0] DEBUG c.b.testNgListeners.TestNGUtils - [populateTestDataForBSTestOps] The filename fetched :: C:\Users\Hp\Documents\IntelliJ Projects\AppiumPOMProject\src\test\java\GroupID\FlashObjectOptimised.java, fileSeparator :: \, AbsolutePath :: C:\Users\Hp\Documents\IntelliJ Projects\AppiumPOMProject\., Normalized Path :: C:\Users\Hp\Documents\IntelliJ Projects\AppiumPOMProject, File.Separator :: \
22:02:47.118 [AppiumTest1@0] DEBUG c.b.testNgListeners.TestNGUtils - [populateTestDataForBSTestOps] Replaced File Name is :: AppiumPOMProject\src\test\java\GroupID\FlashObjectOptimised.java, Absolute Path :: C:\Users\Hp\Documents\IntelliJ Projects\AppiumPOMProject\.., Normalized Path :: C:\Users\Hp\Documents\IntelliJ Projects 
22:02:47.119 [AppiumTest1@1] DEBUG c.b.testNgListeners.TestNGUtils - [populateTestDataForBSTestOps] The filename fetched :: C:\Users\Hp\Documents\IntelliJ Projects\AppiumPOMProject\src\test\java\GroupID\FlashObjectOptimised.java, fileSeparator :: \, AbsolutePath :: C:\Users\Hp\Documents\IntelliJ Projects\AppiumPOMProject\., Normalized Path :: C:\Users\Hp\Documents\IntelliJ Projects\AppiumPOMProject, File.Separator :: \
22:02:47.119 [AppiumTest1@1] DEBUG c.b.testNgListeners.TestNGUtils - [populateTestDataForBSTestOps] Replaced File Name is :: AppiumPOMProject\src\test\java\GroupID\FlashObjectOptimised.java, Absolute Path :: C:\Users\Hp\Documents\IntelliJ Projects\AppiumPOMProject\.., Normalized Path :: C:\Users\Hp\Documents\IntelliJ Projects 
22:02:47.122 [AppiumTest1@0] DEBUG com.browserstack.testOps.Listener - [ TESTHUB ] Processing Request Kind TestRunFinished
22:02:47.122 [AppiumTest1@0] DEBUG c.browserstack.utils.LogReportingAPI - sendSync failed - driver not found
22:02:47.123 [AppiumTest1@1] DEBUG com.browserstack.testOps.Listener - [ TESTHUB ] Processing Request Kind TestRunFinished
22:02:47.123 [AppiumTest1@1] DEBUG c.browserstack.utils.LogReportingAPI - sendSync failed - driver not found
22:02:47.126 [C:/Users/Hp/Documents/IntelliJ Projects/AppiumPOMProject-0@0] DEBUG c.b.testNgListeners.TestNGUtils - [populateTestDataForBSTestOps] Event Type :: TestRunStarted, Test ClassName :: GroupID.FlashTestClass
22:02:47.126 [C:/Users/Hp/Documents/IntelliJ Projects/AppiumPOMProject-1@1] DEBUG c.b.testNgListeners.TestNGUtils - [populateTestDataForBSTestOps] Event Type :: TestRunStarted, Test ClassName :: GroupID.FlashTestClass
22:02:47.126 [C:/Users/Hp/Documents/IntelliJ Projects/AppiumPOMProject-0@0] DEBUG c.browserstack.utils.UtilityMethods - [findFileMatcher] Current Path is :: C:\Users\Hp\Documents\IntelliJ Projects\AppiumPOMProject, TestClass :: GroupID\FlashObjectOptimised
22:02:47.126 [C:/Users/Hp/Documents/IntelliJ Projects/AppiumPOMProject-1@1] DEBUG c.browserstack.utils.UtilityMethods - [findFileMatcher] Current Path is :: C:\Users\Hp\Documents\IntelliJ Projects\AppiumPOMProject, TestClass :: GroupID\FlashObjectOptimised
22:02:47.136 [C:/Users/Hp/Documents/IntelliJ Projects/AppiumPOMProject-0@0] DEBUG c.b.testNgListeners.TestNGUtils - [populateTestDataForBSTestOps] The filename fetched :: C:\Users\Hp\Documents\IntelliJ Projects\AppiumPOMProject\src\test\java\GroupID\FlashObjectOptimised.java, fileSeparator :: \, AbsolutePath :: C:\Users\Hp\Documents\IntelliJ Projects\AppiumPOMProject\., Normalized Path :: C:\Users\Hp\Documents\IntelliJ Projects\AppiumPOMProject, File.Separator :: \
22:02:47.136 [C:/Users/Hp/Documents/IntelliJ Projects/AppiumPOMProject-1@1] DEBUG c.b.testNgListeners.TestNGUtils - [populateTestDataForBSTestOps] The filename fetched :: C:\Users\Hp\Documents\IntelliJ Projects\AppiumPOMProject\src\test\java\GroupID\FlashObjectOptimised.java, fileSeparator :: \, AbsolutePath :: C:\Users\Hp\Documents\IntelliJ Projects\AppiumPOMProject\., Normalized Path :: C:\Users\Hp\Documents\IntelliJ Projects\AppiumPOMProject, File.Separator :: \
22:02:47.136 [C:/Users/Hp/Documents/IntelliJ Projects/AppiumPOMProject-0@0] DEBUG c.b.testNgListeners.TestNGUtils - [populateTestDataForBSTestOps] Replaced File Name is :: AppiumPOMProject\src\test\java\GroupID\FlashObjectOptimised.java, Absolute Path :: C:\Users\Hp\Documents\IntelliJ Projects\AppiumPOMProject\.., Normalized Path :: C:\Users\Hp\Documents\IntelliJ Projects 
22:02:47.136 [C:/Users/Hp/Documents/IntelliJ Projects/AppiumPOMProject-1@1] DEBUG c.b.testNgListeners.TestNGUtils - [populateTestDataForBSTestOps] Replaced File Name is :: AppiumPOMProject\src\test\java\GroupID\FlashObjectOptimised.java, Absolute Path :: C:\Users\Hp\Documents\IntelliJ Projects\AppiumPOMProject\.., Normalized Path :: C:\Users\Hp\Documents\IntelliJ Projects 
22:02:47.139 [C:/Users/Hp/Documents/IntelliJ Projects/AppiumPOMProject-0@0] DEBUG com.browserstack.testOps.Listener - [ TESTHUB ] Processing Request Kind TestRunStarted
22:02:47.139 [C:/Users/Hp/Documents/IntelliJ Projects/AppiumPOMProject-1@1] DEBUG com.browserstack.testOps.Listener - [ TESTHUB ] Processing Request Kind TestRunStarted
22:02:47.141 [AppiumTest1@1] DEBUG c.b.testNgListeners.TestNGUtils - [populateTestDataForBSTestOps] Event Type :: TestRunSkipped, Test ClassName :: GroupID.FlashTestClass
22:02:47.141 [AppiumTest1@0] DEBUG c.b.testNgListeners.TestNGUtils - [populateTestDataForBSTestOps] Event Type :: TestRunSkipped, Test ClassName :: GroupID.FlashTestClass
22:02:47.141 [AppiumTest1@1] DEBUG c.browserstack.utils.UtilityMethods - [findFileMatcher] Current Path is :: C:\Users\Hp\Documents\IntelliJ Projects\AppiumPOMProject, TestClass :: GroupID\FlashObjectOptimised
22:02:47.141 [AppiumTest1@0] DEBUG c.browserstack.utils.UtilityMethods - [findFileMatcher] Current Path is :: C:\Users\Hp\Documents\IntelliJ Projects\AppiumPOMProject, TestClass :: GroupID\FlashObjectOptimised
22:02:47.148 [AppiumTest1@0] DEBUG c.b.testNgListeners.TestNGUtils - [populateTestDataForBSTestOps] The filename fetched :: C:\Users\Hp\Documents\IntelliJ Projects\AppiumPOMProject\src\test\java\GroupID\FlashObjectOptimised.java, fileSeparator :: \, AbsolutePath :: C:\Users\Hp\Documents\IntelliJ Projects\AppiumPOMProject\., Normalized Path :: C:\Users\Hp\Documents\IntelliJ Projects\AppiumPOMProject, File.Separator :: \
22:02:47.149 [AppiumTest1@0] DEBUG c.b.testNgListeners.TestNGUtils - [populateTestDataForBSTestOps] Replaced File Name is :: AppiumPOMProject\src\test\java\GroupID\FlashObjectOptimised.java, Absolute Path :: C:\Users\Hp\Documents\IntelliJ Projects\AppiumPOMProject\.., Normalized Path :: C:\Users\Hp\Documents\IntelliJ Projects 
22:02:47.149 [AppiumTest1@1] DEBUG c.b.testNgListeners.TestNGUtils - [populateTestDataForBSTestOps] The filename fetched :: C:\Users\Hp\Documents\IntelliJ Projects\AppiumPOMProject\src\test\java\GroupID\FlashObjectOptimised.java, fileSeparator :: \, AbsolutePath :: C:\Users\Hp\Documents\IntelliJ Projects\AppiumPOMProject\., Normalized Path :: C:\Users\Hp\Documents\IntelliJ Projects\AppiumPOMProject, File.Separator :: \
22:02:47.149 [AppiumTest1@1] DEBUG c.b.testNgListeners.TestNGUtils - [populateTestDataForBSTestOps] Replaced File Name is :: AppiumPOMProject\src\test\java\GroupID\FlashObjectOptimised.java, Absolute Path :: C:\Users\Hp\Documents\IntelliJ Projects\AppiumPOMProject\.., Normalized Path :: C:\Users\Hp\Documents\IntelliJ Projects 
22:02:47.153 [AppiumTest1@0] DEBUG com.browserstack.testOps.Listener - [ TESTHUB ] Processing Request Kind TestRunFinished
22:02:47.153 [AppiumTest1@0] DEBUG c.browserstack.utils.LogReportingAPI - sendSync failed - driver not found
22:02:47.153 [AppiumTest1@1] DEBUG com.browserstack.testOps.Listener - [ TESTHUB ] Processing Request Kind TestRunFinished
22:02:47.153 [AppiumTest1@1] DEBUG c.browserstack.utils.LogReportingAPI - sendSync failed - driver not found
22:02:47.463 [main] DEBUG com.browserstack.testOps.Listener - [ TESTHUB ] Processing Request Kind LogCreated
22:02:47.463 [main] DEBUG com.browserstack.testOps.Listener - [ TESTHUB ] Processing Request Kind LogCreated
22:02:47.464 [Thread-0] DEBUG c.browserstack.BrowserStackJavaAgent - Starting final execution
22:02:47.464 [Thread-0] DEBUG c.b.u.ObservabilityUtilityMethods - Processing batch requests with type: Global
22:02:47.464 [Thread-0] DEBUG c.browserstack.utils.LogReportingAPI - [2024-08-06T16:32:47.464750500Z][ OBSERVABILITY ] Processing stop observability
22:02:47.465 [pool-5-thread-1] DEBUG c.browserstack.utils.RequestBatcher - Processing Batch 12

22:02:47.468 [pool-5-thread-1] DEBUG c.browserstack.testOps.RequestUtils - [requestToTestOps] Sending Observability request: POST api/v1/batch with request size 58743
22:02:48.034 [pool-5-thread-1] DEBUG c.browserstack.testOps.RequestUtils - requestToTestOps: Response code: 200
22:02:48.035 [pool-5-thread-1] DEBUG c.browserstack.utils.LogReportingAPI - 
[2024-08-06T16:32:48.035570700Z][ TESTHUB ] Batch event successfull!

22:02:48.035 [Thread-0] DEBUG c.browserstack.testOps.RequestUtils - [ TESTHUB ] Processing Request Kind stopBuildUpstream
22:02:48.035 [Thread-0] DEBUG c.browserstack.testOps.RequestUtils - [requestToTestOps] Sending Observability request: PUT api/v1/builds/qpvzln8ireib4bpolongekuquvlrh4fwc6a7kfur/stop with request size 65
22:02:48.339 [Thread-0] DEBUG c.browserstack.testOps.RequestUtils - requestToTestOps: Response code: 200
22:02:48.339 [Thread-0] DEBUG com.browserstack.testOps.Listener - Testhub stop response: 
22:02:50.617 [Thread-0] DEBUG com.browserstack.testOps.UsageStats - getFormattedData: Collecting data for TestObservability
22:02:50.617 [Thread-0] DEBUG com.browserstack.testOps.UsageStats - getEventStats: Getting event data for TestObservability
22:02:50.622 [Thread-0] DEBUG com.browserstack.testOps.UsageStats - [OBSERVABILITY] Failed to parse data from workers
22:02:50.696 [Thread-0] DEBUG c.b.utils.FunnelInstrumentation - Sending funnel data for SDKTestSuccessful with data: {"event_type":"SDKTestSuccessful","accessKey":"cdWAYU5meFd1rax23PEp","userName":"nayankumar_Rp0sMa","event_properties":{"product":"[app-automate, observability]","buildName":"browserstack build","os":"Windows 11","languageVersion":"18.0.2.1","appiumVersion":"9.2.2","frameworkDetectionInstrumentation":{"parseLoadClass":7,"ret-org.openqa.selenium.remote.RemoteWebDriver":333,"retransformClasses":334,"parseDependencies":15},"language":"java","sdkRunId":"25ff5d78-0c2f-45df-821c-4af83d67467f","buildIdentifier":"#35","userFramework":"testng","testhub_uuid":"qpvzln8ireib4bpolongekuquvlrh4fwc6a7kfur","detectedAppiumVersion":"null","detectedDependencies":"testng","productMap":{"app_automate":true,"accessibility":false,"automate":false,"percy":false,"observability":true},"referrer":"testng-javaagent\/1.20.2","hostname":"DESKTOP-13RHPFK","measures":{"local:start":6390,"sdk:setup":13788,"local:stop":2275},"language_framework":"java_testng","detectedFramework":"testng","productUsage":{"testObservability":{"buildHashedId":"qpvzln8ireib4bpolongekuquvlrh4fwc6a7kfur","manuallySet":false,"enabled":true,"events":{"hookEvents":{"started":{"errors":[],"triggeredCount":1,"failedCount":0,"sentCount":2},"finished":{"triggeredCount":2,"failedCount":0,"errors":[],"sentCount":2},"failed":{"errors":[],"triggeredCount":1,"failedCount":0,"sentCount":2}},"logEvents":{"errors":[],"triggeredCount":86,"failedCount":0,"sentCount":87,"log":{"errors":[],"triggeredCount":87,"failedCount":0,"sentCount":87}},"testEvents":{"started":{"errors":[],"triggeredCount":4,"failedCount":0,"sentCount":4},"finished":{"triggeredCount":4,"failedCount":0,"errors":[],"sentCount":4},"skipped":{"errors":[],"triggeredCount":4,"failedCount":0,"sentCount":4}},"batchEvents":{"triggeredCount":2,"failedCount":0,"errors":[],"sentCount":2},"cbtSessionEvents":{"errors":[],"triggeredCount":0,"failedCount":0,"sentCount":0},"buildEvents":{"started":{"error":null,"status":"success","triggered":true},"finished":{"error":null,"status":"success","triggered":true}}}}},"detectedSeleniumVersion":"null","browserStackConfig":{"browserstackLocal":true,"percy":false,"logLevel":"info","staticWebDriver":true,"autoDetectFramework":true,"percyCaptureMode":"MANUAL","browserStackLocalOptions":{"localIdentifier":"06_Aug_222_DESKTOP_13RHPFK_wtBV","key":"****"},"percyOptions":null,"testContextOptions":{"skipSessionName":false,"skipSessionStatus":false,"serenityOverridePlugin":false},"platforms":[{"os":null,"browserVersion":null,"osVersion":null,"device":"Samsung Galaxy S23","browser":null,"platformCaps":{"platformVersion":13.0,"platformName":"android","deviceName":"Samsung Galaxy S23"},"capabilities":{"platformVersion":13.0,"platformName":"android","deviceName":"Samsung Galaxy S23"},"platformString":"Samsung Galaxy S23, 13.0","customVariables":"****"},{"os":null,"browserVersion":null,"osVersion":null,"device":"Google Pixel 8 Pro","browser":null,"platformCaps":{"platformVersion":14.0,"platformName":"android","deviceName":"Google Pixel 8 Pro"},"capabilities":{"platformVersion":14.0,"platformName":"android","deviceName":"Google Pixel 8 Pro"},"platformString":"Google Pixel 8 Pro, 14.0","customVariables":"****"}],"parallelsPerPlatform":1,"framework":"testng","accessibility":false,"accessibilityOptions":{},"turboScaleOptions":{},"disableAutoCaptureLogs":true,"testObservability":true,"browserstackAutomation":true,"turboScale":false,"testObservabilityOptions":{},"gradleMConfig":null,"proxySettings":null},"seleniumVersion":""}}
22:02:51.104 [Thread-0] DEBUG c.b.utils.FunnelInstrumentation - API Event SDKTestSuccessful response - {"message":"SDK Event recorded successfully"}
22:02:53.767 [Thread-0] DEBUG c.browserstack.utils.UtilityMethods - Browserstack Gradle-M Config File does not exist.
22:03:00.794 [main] DEBUG c.b.config.BrowserStackConfig - Cli Config passed - {}
22:03:01.211 [main] DEBUG c.b.logger.BrowserstackLoggerFactory - Log Level set to TRACE for logger com.browserstack
22:03:01.211 [main] DEBUG c.b.logger.BrowserstackLoggerFactory - Log Level set to INFO for logger stdoutPrinter
22:03:01.310 [main] DEBUG c.b.utils.FrameworkDetectionUtils - Java command - com.intellij.rt.testng.RemoteTestNGStarter -usedefaultlisteners false -listener testBaseUtils.Listeners -socket55408 @w@C:\Users\Hp\AppData\Local\Temp\idea_working_dirs_testng.tmp -temp C:\Users\Hp\AppData\Local\Temp\idea_testng.tmp
22:03:01.310 [main] DEBUG c.b.utils.FrameworkDetectionUtils - Test classes detected: 
22:03:01.317 [main] DEBUG c.b.utils.FrameworkDetectionUtils - Runner: testng, Engine: none
22:03:01.331 [main] DEBUG c.b.utils.FrameworkDetectionUtils - Runner: testng, Engine: none from dependencies
22:03:01.331 [main] DEBUG c.b.utils.FrameworkDetectionUtils - Detected final framework as: testng
22:03:01.331 [main] DEBUG c.browserstack.BrowserStackJavaAgent - JavaAgent Version 1.20.2
22:03:01.334 [main] DEBUG c.b.utils.ExitSignalHandler - Registered handler for INT
22:03:01.334 [main] DEBUG c.b.utils.ExitSignalHandler - Registered handler for TERM
22:03:01.334 [main] DEBUG c.b.utils.ExitSignalHandler - Unable to attach signal handler for HUP Unknown signal: HUP
22:03:01.334 [main] DEBUG c.b.utils.ExitSignalHandler - Registered handler for ABRT
22:03:02.000 [Thread-1] DEBUG c.browserstack.utils.UtilityMethods - NEXT HUBS ARE: ["hub-aps.browserstack.com","hub-euw.browserstack.com","hub-apse.browserstack.com"]
22:03:02.367 [main] DEBUG c.browserstack.utils.UtilityMethods - EXECUTION TIME OF hub-aps.browserstack.com HUB IS: 365ms
22:03:03.390 [main] DEBUG c.browserstack.utils.UtilityMethods - EXECUTION TIME OF hub-euw.browserstack.com HUB IS: 1017ms
22:03:04.414 [main] DEBUG c.browserstack.utils.UtilityMethods - EXECUTION TIME OF hub-apse.browserstack.com HUB IS: 1023ms
22:03:04.417 [main] DEBUG c.browserstack.utils.UtilityMethods - NEAREST HUB ALLOCATED IS - hub-aps.browserstack.com
22:03:04.427 [main] DEBUG c.b.utils.FunnelInstrumentation - Sending funnel data for SDKTestAttempted with data: {"event_type":"SDKTestAttempted","accessKey":"cdWAYU5meFd1rax23PEp","userName":"nayankumar_Rp0sMa","event_properties":{"product":"[app-automate, observability]","buildName":"browserstack build","os":"Windows 11","languageVersion":"18.0.2.1","appiumVersion":"9.2.2","frameworkDetectionInstrumentation":{"parseLoadClass":6,"parseDependencies":13},"language":"java","sdkRunId":"bbd928a3-53c4-42dc-b6af-6b4a3c2ad5a9","buildIdentifier":"#36","userFramework":"testng","testhub_uuid":"","detectedAppiumVersion":"null","detectedDependencies":"testng","productMap":{"app_automate":true,"accessibility":false,"automate":false,"percy":false,"observability":true},"referrer":"testng-javaagent\/1.20.2","hostname":"DESKTOP-13RHPFK","language_framework":"java_testng","detectedFramework":"testng","detectedSeleniumVersion":"null","seleniumVersion":""}}
22:03:05.042 [main] DEBUG c.b.utils.FunnelInstrumentation - API Event SDKTestAttempted response - {"message":"SDK Event recorded successfully"}
22:03:05.271 [main] DEBUG c.browserstack.testOps.RequestUtils - [ TESTHUB ] Processing Request Kind launchTestSession
22:03:05.271 [main] DEBUG c.browserstack.testOps.RequestUtils - [requestToTestOps] Sending Observability request: POST api/v2/builds with request size 1331
22:03:06.873 [main] DEBUG c.browserstack.testOps.RequestUtils - requestToTestOps: Response code: 200
22:03:06.874 [main] DEBUG com.browserstack.testOps.Listener - BROWSERSTACK_TESTHUB_UUID : nmdb2smsogpbjphvwkxs0o3mdi0fmjaig4q8zqnc
22:03:06.874 [main] DEBUG com.browserstack.testOps.Listener - [ TESTHUB ] Build creation successfull
22:03:06.879 [main] DEBUG com.browserstack.LocalFactory - Starting BrowserStack Local with identifier 06_Aug_223_DESKTOP_13RHPFK_DRln
22:03:13.580 [main] DEBUG com.browserstack.testOps.Listener - [ TESTHUB ] Processing Request Kind LogCreated
22:03:13.588 [main] DEBUG c.b.t.XMLSuiteClassListener - Number of parallels - 2 and number of platforms - 2
22:03:13.780 [main] DEBUG com.browserstack.testOps.Listener - [ TESTHUB ] Processing Request Kind LogCreated
22:03:13.784 [main] DEBUG com.browserstack.testOps.Listener - [ TESTHUB ] Processing Request Kind LogCreated
22:03:13.786 [main] DEBUG com.browserstack.testOps.Listener - [ TESTHUB ] Processing Request Kind LogCreated
22:03:13.786 [main] DEBUG com.browserstack.testOps.Listener - [ TESTHUB ] Processing Request Kind LogCreated
22:03:13.787 [main] DEBUG com.browserstack.testOps.Listener - [ TESTHUB ] Processing Request Kind LogCreated
22:03:13.787 [main] DEBUG com.browserstack.testOps.Listener - [ TESTHUB ] Processing Request Kind LogCreated
22:03:13.788 [main] DEBUG com.browserstack.testOps.Listener - [ TESTHUB ] Processing Request Kind LogCreated
22:03:13.788 [main] DEBUG com.browserstack.testOps.Listener - [ TESTHUB ] Processing Request Kind LogCreated
22:03:13.792 [main] DEBUG com.browserstack.testOps.Listener - [ TESTHUB ] Processing Request Kind LogCreated
22:03:13.802 [main] DEBUG com.browserstack.testOps.Listener - [ TESTHUB ] Processing Request Kind LogCreated
22:03:13.804 [main] DEBUG com.browserstack.testOps.Listener - [ TESTHUB ] Processing Request Kind LogCreated
22:03:13.808 [main] DEBUG com.browserstack.testOps.Listener - [ TESTHUB ] Processing Request Kind LogCreated
22:03:13.809 [main] DEBUG com.browserstack.testOps.Listener - [ TESTHUB ] Processing Request Kind LogCreated
22:03:13.809 [main] DEBUG com.browserstack.testOps.Listener - [ TESTHUB ] Processing Request Kind LogCreated
22:03:13.810 [main] DEBUG com.browserstack.testOps.Listener - [ TESTHUB ] Processing Request Kind LogCreated
22:03:13.810 [main] DEBUG com.browserstack.testOps.Listener - [ TESTHUB ] Processing Request Kind LogCreated
22:03:13.810 [main] DEBUG com.browserstack.testOps.Listener - [ TESTHUB ] Processing Request Kind LogCreated
22:03:13.811 [main] DEBUG com.browserstack.testOps.Listener - [ TESTHUB ] Processing Request Kind LogCreated
22:03:13.811 [main] DEBUG com.browserstack.testOps.Listener - [ TESTHUB ] Processing Request Kind LogCreated
22:03:13.811 [main] DEBUG com.browserstack.testOps.Listener - [ TESTHUB ] Processing Request Kind LogCreated
22:03:13.811 [main] DEBUG com.browserstack.testOps.Listener - [ TESTHUB ] Processing Request Kind LogCreated
22:03:13.819 [main] DEBUG com.browserstack.testOps.Listener - [ TESTHUB ] Processing Request Kind LogCreated
22:03:13.820 [main] DEBUG com.browserstack.testOps.Listener - [ TESTHUB ] Processing Request Kind LogCreated
22:03:13.820 [main] DEBUG com.browserstack.testOps.Listener - [ TESTHUB ] Processing Request Kind LogCreated
22:03:13.820 [main] DEBUG com.browserstack.testOps.Listener - [ TESTHUB ] Processing Request Kind LogCreated
22:03:13.822 [main] DEBUG com.browserstack.testOps.Listener - [ TESTHUB ] Processing Request Kind LogCreated
22:03:13.822 [main] DEBUG com.browserstack.testOps.Listener - [ TESTHUB ] Processing Request Kind LogCreated
22:03:13.822 [main] DEBUG com.browserstack.testOps.Listener - [ TESTHUB ] Processing Request Kind LogCreated
22:03:13.822 [main] DEBUG com.browserstack.testOps.Listener - [ TESTHUB ] Processing Request Kind LogCreated
22:03:13.823 [main] DEBUG com.browserstack.testOps.Listener - [ TESTHUB ] Processing Request Kind LogCreated
22:03:13.823 [main] DEBUG com.browserstack.testOps.Listener - [ TESTHUB ] Processing Request Kind LogCreated
22:03:13.824 [main] DEBUG com.browserstack.testOps.Listener - [ TESTHUB ] Processing Request Kind LogCreated
22:03:13.824 [main] DEBUG com.browserstack.testOps.Listener - [ TESTHUB ] Processing Request Kind LogCreated
22:03:13.824 [main] DEBUG com.browserstack.testOps.Listener - [ TESTHUB ] Processing Request Kind LogCreated
22:03:13.824 [main] DEBUG com.browserstack.testOps.Listener - [ TESTHUB ] Processing Request Kind LogCreated
22:03:13.824 [main] DEBUG com.browserstack.testOps.Listener - [ TESTHUB ] Processing Request Kind LogCreated
22:03:13.825 [main] DEBUG com.browserstack.testOps.Listener - [ TESTHUB ] Processing Request Kind LogCreated
22:03:13.826 [main] DEBUG com.browserstack.testOps.Listener - [ TESTHUB ] Processing Request Kind LogCreated
22:03:13.826 [main] DEBUG com.browserstack.testOps.Listener - [ TESTHUB ] Processing Request Kind LogCreated
22:03:13.826 [main] DEBUG com.browserstack.testOps.Listener - [ TESTHUB ] Processing Request Kind LogCreated
22:03:13.832 [main] DEBUG com.browserstack.testOps.Listener - [ TESTHUB ] Processing Request Kind LogCreated
22:03:13.832 [main] DEBUG com.browserstack.testOps.Listener - [ TESTHUB ] Processing Request Kind LogCreated
22:03:13.833 [main] DEBUG com.browserstack.testOps.Listener - [ TESTHUB ] Processing Request Kind LogCreated
22:03:13.833 [main] DEBUG com.browserstack.testOps.Listener - [ TESTHUB ] Processing Request Kind LogCreated
22:03:13.833 [main] DEBUG com.browserstack.testOps.Listener - [ TESTHUB ] Processing Request Kind LogCreated
22:03:13.834 [main] DEBUG com.browserstack.testOps.Listener - [ TESTHUB ] Processing Request Kind LogCreated
22:03:13.834 [main] DEBUG com.browserstack.testOps.Listener - [ TESTHUB ] Processing Request Kind LogCreated
22:03:13.834 [main] DEBUG com.browserstack.testOps.Listener - [ TESTHUB ] Processing Request Kind LogCreated
22:03:13.835 [main] DEBUG com.browserstack.testOps.Listener - [ TESTHUB ] Processing Request Kind LogCreated
22:03:13.835 [main] DEBUG com.browserstack.testOps.Listener - [ TESTHUB ] Processing Request Kind LogCreated
22:03:13.835 [main] DEBUG com.browserstack.testOps.Listener - [ TESTHUB ] Processing Request Kind LogCreated
22:03:13.835 [main] DEBUG com.browserstack.testOps.Listener - [ TESTHUB ] Processing Request Kind LogCreated
22:03:13.835 [main] DEBUG com.browserstack.testOps.Listener - [ TESTHUB ] Processing Request Kind LogCreated
22:03:13.835 [main] DEBUG com.browserstack.testOps.Listener - [ TESTHUB ] Processing Request Kind LogCreated
22:03:13.835 [main] DEBUG com.browserstack.testOps.Listener - [ TESTHUB ] Processing Request Kind LogCreated
22:03:13.837 [main] DEBUG com.browserstack.testOps.Listener - [ TESTHUB ] Processing Request Kind LogCreated
22:03:13.837 [main] DEBUG com.browserstack.testOps.Listener - [ TESTHUB ] Processing Request Kind LogCreated
22:03:13.838 [main] DEBUG com.browserstack.testOps.Listener - [ TESTHUB ] Processing Request Kind LogCreated
22:03:13.838 [main] DEBUG com.browserstack.testOps.Listener - [ TESTHUB ] Processing Request Kind LogCreated
22:03:13.838 [main] DEBUG com.browserstack.testOps.Listener - [ TESTHUB ] Processing Request Kind LogCreated
22:03:13.838 [main] DEBUG com.browserstack.testOps.Listener - [ TESTHUB ] Processing Request Kind LogCreated
22:03:13.839 [main] DEBUG com.browserstack.testOps.Listener - [ TESTHUB ] Processing Request Kind LogCreated
22:03:13.839 [main] DEBUG com.browserstack.testOps.Listener - [ TESTHUB ] Processing Request Kind LogCreated
22:03:13.840 [main] DEBUG com.browserstack.testOps.Listener - [ TESTHUB ] Processing Request Kind LogCreated
22:03:13.840 [main] DEBUG com.browserstack.testOps.Listener - [ TESTHUB ] Processing Request Kind LogCreated
22:03:13.840 [main] DEBUG com.browserstack.testOps.Listener - [ TESTHUB ] Processing Request Kind LogCreated
22:03:13.840 [main] DEBUG com.browserstack.testOps.Listener - [ TESTHUB ] Processing Request Kind LogCreated
22:03:13.840 [main] DEBUG com.browserstack.testOps.Listener - [ TESTHUB ] Processing Request Kind LogCreated
22:03:13.840 [main] DEBUG com.browserstack.testOps.Listener - [ TESTHUB ] Processing Request Kind LogCreated
22:03:13.841 [main] DEBUG com.browserstack.testOps.Listener - [ TESTHUB ] Processing Request Kind LogCreated
22:03:13.841 [main] DEBUG com.browserstack.testOps.Listener - [ TESTHUB ] Processing Request Kind LogCreated
22:03:13.841 [main] DEBUG com.browserstack.testOps.Listener - [ TESTHUB ] Processing Request Kind LogCreated
22:03:13.841 [main] DEBUG com.browserstack.testOps.Listener - [ TESTHUB ] Processing Request Kind LogCreated
22:03:13.841 [main] DEBUG com.browserstack.testOps.Listener - [ TESTHUB ] Processing Request Kind LogCreated
22:03:13.841 [main] DEBUG com.browserstack.testOps.Listener - [ TESTHUB ] Processing Request Kind LogCreated
22:03:13.841 [main] DEBUG com.browserstack.testOps.Listener - [ TESTHUB ] Processing Request Kind LogCreated
22:03:13.842 [main] DEBUG com.browserstack.testOps.Listener - [ TESTHUB ] Processing Request Kind LogCreated
22:03:13.842 [main] DEBUG com.browserstack.testOps.Listener - [ TESTHUB ] Processing Request Kind LogCreated
22:03:13.842 [main] DEBUG com.browserstack.testOps.Listener - [ TESTHUB ] Processing Request Kind LogCreated
22:03:13.842 [main] DEBUG com.browserstack.testOps.Listener - [ TESTHUB ] Processing Request Kind LogCreated
22:03:13.844 [main] DEBUG com.browserstack.testOps.Listener - [ TESTHUB ] Processing Request Kind LogCreated
22:03:13.845 [main] DEBUG c.browserstack.utils.LogReportingAPI - [2024-08-06T16:33:13.845934500Z][ OBSERVABILITY ] Processing Logs patching stream
22:03:13.853 [main] DEBUG com.browserstack.testOps.Listener - [ TESTHUB ] Processing Request Kind LogCreated
22:03:13.869 [C:/Users/Hp/Documents/IntelliJ Projects/AppiumPOMProject-1@1] DEBUG com.browserstack.testOps.Listener - [ TESTHUB ] Processing Request Kind LogCreated
22:03:13.869 [C:/Users/Hp/Documents/IntelliJ Projects/AppiumPOMProject-0@0] DEBUG com.browserstack.testOps.Listener - [ TESTHUB ] Processing Request Kind LogCreated
22:03:13.897 [configureAppium@1] DEBUG c.b.testNgListeners.TestNGUtils - [populateTestDataForBSTestOps] Event Type :: HookRunStarted, Method ClassName :: testBaseUtils.WFlashBeforeEachTestAndroid 
22:03:13.897 [configureAppium@0] DEBUG c.b.testNgListeners.TestNGUtils - [populateTestDataForBSTestOps] Event Type :: HookRunStarted, Method ClassName :: testBaseUtils.WFlashBeforeEachTestAndroid 
22:03:13.897 [configureAppium@1] DEBUG c.browserstack.utils.UtilityMethods - [findFileMatcher] Current Path is :: C:\Users\Hp\Documents\IntelliJ Projects\AppiumPOMProject, TestClass :: testBaseUtils\WFlashBeforeEachTestAndroid
22:03:13.897 [configureAppium@0] DEBUG c.browserstack.utils.UtilityMethods - [findFileMatcher] Current Path is :: C:\Users\Hp\Documents\IntelliJ Projects\AppiumPOMProject, TestClass :: testBaseUtils\WFlashBeforeEachTestAndroid
22:03:13.912 [configureAppium@1] DEBUG c.b.testNgListeners.TestNGUtils - [populateTestDataForBSTestOps] The filename fetched :: C:\Users\Hp\Documents\IntelliJ Projects\AppiumPOMProject\src\test\java\testBaseUtils\WFlashBeforeEachTestAndroid.java, fileSeparator :: \, AbsolutePath :: C:\Users\Hp\Documents\IntelliJ Projects\AppiumPOMProject\., Normalized Path :: C:\Users\Hp\Documents\IntelliJ Projects\AppiumPOMProject, File.Separator :: \
22:03:13.912 [configureAppium@1] DEBUG c.b.testNgListeners.TestNGUtils - [populateTestDataForBSTestOps] Replaced File Name is :: AppiumPOMProject\src\test\java\testBaseUtils\WFlashBeforeEachTestAndroid.java, Absolute Path :: C:\Users\Hp\Documents\IntelliJ Projects\AppiumPOMProject\.., Normalized Path :: C:\Users\Hp\Documents\IntelliJ Projects 
22:03:13.913 [configureAppium@0] DEBUG c.b.testNgListeners.TestNGUtils - [populateTestDataForBSTestOps] The filename fetched :: C:\Users\Hp\Documents\IntelliJ Projects\AppiumPOMProject\src\test\java\testBaseUtils\WFlashBeforeEachTestAndroid.java, fileSeparator :: \, AbsolutePath :: C:\Users\Hp\Documents\IntelliJ Projects\AppiumPOMProject\., Normalized Path :: C:\Users\Hp\Documents\IntelliJ Projects\AppiumPOMProject, File.Separator :: \
22:03:13.914 [configureAppium@0] DEBUG c.b.testNgListeners.TestNGUtils - [populateTestDataForBSTestOps] Replaced File Name is :: AppiumPOMProject\src\test\java\testBaseUtils\WFlashBeforeEachTestAndroid.java, Absolute Path :: C:\Users\Hp\Documents\IntelliJ Projects\AppiumPOMProject\.., Normalized Path :: C:\Users\Hp\Documents\IntelliJ Projects 
22:03:13.915 [configureAppium@0] DEBUG com.browserstack.testOps.Listener - [ TESTHUB ] Processing Request Kind HookRunStarted
22:03:13.915 [configureAppium@1] DEBUG com.browserstack.testOps.Listener - [ TESTHUB ] Processing Request Kind HookRunStarted
22:03:15.584 [pool-4-thread-1] DEBUG c.browserstack.utils.RequestBatcher - Time Since Last Batch Processed 1722961995584

22:03:15.587 [pool-5-thread-1] DEBUG c.browserstack.utils.RequestBatcher - Processing Batch 87

22:03:15.590 [pool-5-thread-1] DEBUG c.browserstack.testOps.RequestUtils - [requestToTestOps] Sending Observability request: POST api/v1/batch with request size 21040
22:03:16.189 [pool-5-thread-1] DEBUG c.browserstack.testOps.RequestUtils - requestToTestOps: Response code: 200
22:03:16.189 [pool-5-thread-1] DEBUG c.browserstack.utils.LogReportingAPI - 
[2024-08-06T16:33:16.189893300Z][ TESTHUB ] Batch event successfull!

22:03:17.499 [configureAppium@1] DEBUG c.browserstack.utils.UtilityMethods - [Patch]: SDK enabled, patching remote server
22:03:17.499 [configureAppium@0] DEBUG c.browserstack.utils.UtilityMethods - [Patch]: SDK enabled, patching remote server
22:03:17.503 [configureAppium@1] DEBUG c.b.selenium.SeleniumHandler - beforeDriverInit: SDK enabled. Thread ID: 44
22:03:17.503 [configureAppium@0] DEBUG c.b.selenium.SeleniumHandler - beforeDriverInit: SDK enabled. Thread ID: 43
22:03:17.508 [configureAppium@1] DEBUG c.browserstack.utils.UtilityMethods - [Patch]: SDK enabled, patching remote server
22:03:17.510 [configureAppium@0] DEBUG c.browserstack.utils.UtilityMethods - [Patch]: SDK enabled, patching remote server
22:03:17.596 [pool-4-thread-1] DEBUG c.browserstack.utils.RequestBatcher - Time Since Last Batch Processed 2011

22:03:21.595 [pool-4-thread-1] DEBUG c.browserstack.utils.RequestBatcher - Time Since Last Batch Processed 3999

22:03:25.588 [pool-4-thread-1] DEBUG c.browserstack.utils.RequestBatcher - Time Since Last Batch Processed 3993

22:03:29.586 [pool-4-thread-1] DEBUG c.browserstack.utils.RequestBatcher - Time Since Last Batch Processed 3998

22:03:31.595 [pool-4-thread-1] DEBUG c.browserstack.utils.RequestBatcher - Time Since Last Batch Processed 2009

22:03:33.597 [pool-4-thread-1] DEBUG c.browserstack.utils.RequestBatcher - Time Since Last Batch Processed 2002

22:03:37.587 [pool-4-thread-1] DEBUG c.browserstack.utils.RequestBatcher - Time Since Last Batch Processed 3990

22:03:39.593 [pool-4-thread-1] DEBUG c.browserstack.utils.RequestBatcher - Time Since Last Batch Processed 2006

22:03:41.956 [configureAppium@1] DEBUG c.b.selenium.SeleniumHandler - afterDriverInit: requested
22:03:41.998 [configureAppium@1] DEBUG c.b.utils.SeleniumMethodUtils - getURLFromCommandExecutor: Getting Hub url from HttpCommandExecutor
22:03:41.998 [configureAppium@1] DEBUG c.b.utils.SeleniumMethodUtils - getURLFromCommandExecutor: Found url: https://hub-aps.browserstack.com/wd/hub
22:03:42.749 [C:/Users/Hp/Documents/IntelliJ Projects/AppiumPOMProject-1@1] DEBUG c.b.testNgListeners.TestNGUtils - [populateTestDataForBSTestOps] Event Type :: TestRunStarted, Test ClassName :: GroupID.FlashTestClass
22:03:42.749 [C:/Users/Hp/Documents/IntelliJ Projects/AppiumPOMProject-1@1] DEBUG c.browserstack.utils.UtilityMethods - [findFileMatcher] Current Path is :: C:\Users\Hp\Documents\IntelliJ Projects\AppiumPOMProject, TestClass :: GroupID\FlashObjectOptimised
22:03:42.759 [C:/Users/Hp/Documents/IntelliJ Projects/AppiumPOMProject-1@1] DEBUG c.b.testNgListeners.TestNGUtils - [populateTestDataForBSTestOps] The filename fetched :: C:\Users\Hp\Documents\IntelliJ Projects\AppiumPOMProject\src\test\java\GroupID\FlashObjectOptimised.java, fileSeparator :: \, AbsolutePath :: C:\Users\Hp\Documents\IntelliJ Projects\AppiumPOMProject\., Normalized Path :: C:\Users\Hp\Documents\IntelliJ Projects\AppiumPOMProject, File.Separator :: \
22:03:42.759 [C:/Users/Hp/Documents/IntelliJ Projects/AppiumPOMProject-1@1] DEBUG c.b.testNgListeners.TestNGUtils - [populateTestDataForBSTestOps] Replaced File Name is :: AppiumPOMProject\src\test\java\GroupID\FlashObjectOptimised.java, Absolute Path :: C:\Users\Hp\Documents\IntelliJ Projects\AppiumPOMProject\.., Normalized Path :: C:\Users\Hp\Documents\IntelliJ Projects 
22:03:42.777 [C:/Users/Hp/Documents/IntelliJ Projects/AppiumPOMProject-1@1] DEBUG c.b.utils.SeleniumMethodUtils - getURLFromCommandExecutor: Getting Hub url from HttpCommandExecutor
22:03:42.777 [C:/Users/Hp/Documents/IntelliJ Projects/AppiumPOMProject-1@1] DEBUG c.b.utils.SeleniumMethodUtils - getURLFromCommandExecutor: Found url: https://hub-aps.browserstack.com/wd/hub
22:03:42.779 [C:/Users/Hp/Documents/IntelliJ Projects/AppiumPOMProject-1@1] DEBUG com.browserstack.testOps.Listener - [ TESTHUB ] Processing Request Kind TestRunStarted
22:03:43.592 [pool-4-thread-1] DEBUG c.browserstack.utils.RequestBatcher - Time Since Last Batch Processed 3999

22:03:43.592 [pool-5-thread-1] DEBUG c.browserstack.utils.RequestBatcher - Processing Batch 1

22:03:43.592 [pool-5-thread-1] DEBUG c.browserstack.testOps.RequestUtils - [requestToTestOps] Sending Observability request: POST api/v1/batch with request size 3396
22:03:43.864 [pool-5-thread-1] DEBUG c.browserstack.testOps.RequestUtils - requestToTestOps: Response code: 200
22:03:43.866 [pool-5-thread-1] DEBUG c.browserstack.utils.LogReportingAPI - 
[2024-08-06T16:33:43.866303500Z][ TESTHUB ] Batch event successfull!

22:03:47.595 [pool-4-thread-1] DEBUG c.browserstack.utils.RequestBatcher - Time Since Last Batch Processed 4003

22:03:51.592 [pool-4-thread-1] DEBUG c.browserstack.utils.RequestBatcher - Time Since Last Batch Processed 3997

22:03:52.250 [AppiumTest1@1] DEBUG com.browserstack.testOps.Listener - [ TESTHUB ] Processing Request Kind LogCreated
22:03:55.588 [pool-4-thread-1] DEBUG c.browserstack.utils.RequestBatcher - Time Since Last Batch Processed 3996

22:03:55.588 [pool-5-thread-1] DEBUG c.browserstack.utils.RequestBatcher - Processing Batch 1

22:03:55.588 [pool-5-thread-1] DEBUG c.browserstack.testOps.RequestUtils - [requestToTestOps] Sending Observability request: POST api/v1/batch with request size 228
22:03:55.840 [pool-5-thread-1] DEBUG c.browserstack.testOps.RequestUtils - requestToTestOps: Response code: 200
22:03:55.840 [pool-5-thread-1] DEBUG c.browserstack.utils.LogReportingAPI - 
[2024-08-06T16:33:55.840619500Z][ TESTHUB ] Batch event successfull!

22:03:59.595 [pool-4-thread-1] DEBUG c.browserstack.utils.RequestBatcher - Time Since Last Batch Processed 4007

22:04:03.593 [pool-4-thread-1] DEBUG c.browserstack.utils.RequestBatcher - Time Since Last Batch Processed 3998

22:04:07.587 [pool-4-thread-1] DEBUG c.browserstack.utils.RequestBatcher - Time Since Last Batch Processed 3994

22:04:11.598 [pool-4-thread-1] DEBUG c.browserstack.utils.RequestBatcher - Time Since Last Batch Processed 4011

22:04:15.590 [pool-4-thread-1] DEBUG c.browserstack.utils.RequestBatcher - Time Since Last Batch Processed 3992

22:04:19.594 [pool-4-thread-1] DEBUG c.browserstack.utils.RequestBatcher - Time Since Last Batch Processed 4004

22:04:23.592 [pool-4-thread-1] DEBUG c.browserstack.utils.RequestBatcher - Time Since Last Batch Processed 3998

22:04:25.596 [pool-4-thread-1] DEBUG c.browserstack.utils.RequestBatcher - Time Since Last Batch Processed 2004

22:04:29.307 [AppiumTest1@1] DEBUG c.b.testNgListeners.TestNGUtils - [populateTestDataForBSTestOps] Event Type :: HookRunFinished, Method ClassName :: testBaseUtils.WFlashBeforeEachTestAndroid 
22:04:29.307 [AppiumTest1@1] DEBUG c.browserstack.utils.UtilityMethods - [findFileMatcher] Current Path is :: C:\Users\Hp\Documents\IntelliJ Projects\AppiumPOMProject, TestClass :: testBaseUtils\WFlashBeforeEachTestAndroid
22:04:29.313 [AppiumTest1@1] DEBUG c.b.testNgListeners.TestNGUtils - [populateTestDataForBSTestOps] The filename fetched :: C:\Users\Hp\Documents\IntelliJ Projects\AppiumPOMProject\src\test\java\testBaseUtils\WFlashBeforeEachTestAndroid.java, fileSeparator :: \, AbsolutePath :: C:\Users\Hp\Documents\IntelliJ Projects\AppiumPOMProject\., Normalized Path :: C:\Users\Hp\Documents\IntelliJ Projects\AppiumPOMProject, File.Separator :: \
22:04:29.314 [AppiumTest1@1] DEBUG c.b.testNgListeners.TestNGUtils - [populateTestDataForBSTestOps] Replaced File Name is :: AppiumPOMProject\src\test\java\testBaseUtils\WFlashBeforeEachTestAndroid.java, Absolute Path :: C:\Users\Hp\Documents\IntelliJ Projects\AppiumPOMProject\.., Normalized Path :: C:\Users\Hp\Documents\IntelliJ Projects 
22:04:29.323 [AppiumTest1@1] DEBUG c.b.utils.SeleniumMethodUtils - getURLFromCommandExecutor: Getting Hub url from HttpCommandExecutor
22:04:29.323 [AppiumTest1@1] DEBUG c.b.utils.SeleniumMethodUtils - getURLFromCommandExecutor: Found url: https://hub-aps.browserstack.com/wd/hub
22:04:29.323 [AppiumTest1@1] DEBUG com.browserstack.testOps.Listener - [ TESTHUB ] Processing Request Kind HookRunFinished
22:04:29.324 [AppiumTest1@1] DEBUG c.b.testNgListeners.TestNGUtils - [populateTestDataForBSTestOps] Event Type :: TestRunFinished, Test ClassName :: GroupID.FlashTestClass
22:04:29.324 [AppiumTest1@1] DEBUG c.browserstack.utils.UtilityMethods - [findFileMatcher] Current Path is :: C:\Users\Hp\Documents\IntelliJ Projects\AppiumPOMProject, TestClass :: GroupID\FlashObjectOptimised
22:04:29.334 [AppiumTest1@1] DEBUG c.b.testNgListeners.TestNGUtils - [populateTestDataForBSTestOps] The filename fetched :: C:\Users\Hp\Documents\IntelliJ Projects\AppiumPOMProject\src\test\java\GroupID\FlashObjectOptimised.java, fileSeparator :: \, AbsolutePath :: C:\Users\Hp\Documents\IntelliJ Projects\AppiumPOMProject\., Normalized Path :: C:\Users\Hp\Documents\IntelliJ Projects\AppiumPOMProject, File.Separator :: \
22:04:29.334 [AppiumTest1@1] DEBUG c.b.testNgListeners.TestNGUtils - [populateTestDataForBSTestOps] Replaced File Name is :: AppiumPOMProject\src\test\java\GroupID\FlashObjectOptimised.java, Absolute Path :: C:\Users\Hp\Documents\IntelliJ Projects\AppiumPOMProject\.., Normalized Path :: C:\Users\Hp\Documents\IntelliJ Projects 
22:04:29.344 [AppiumTest1@1] DEBUG c.b.utils.SeleniumMethodUtils - getURLFromCommandExecutor: Getting Hub url from HttpCommandExecutor
22:04:29.344 [AppiumTest1@1] DEBUG c.b.utils.SeleniumMethodUtils - getURLFromCommandExecutor: Found url: https://hub-aps.browserstack.com/wd/hub
22:04:29.346 [AppiumTest1@1] DEBUG com.browserstack.testOps.Listener - [ TESTHUB ] Processing Request Kind TestRunFinished
22:04:29.516 [C:/Users/Hp/Documents/IntelliJ Projects/AppiumPOMProject-1@1] DEBUG c.b.testNgListeners.TestNGUtils - [populateTestDataForBSTestOps] Event Type :: TestRunStarted, Test ClassName :: GroupID.FlashTestClass
22:04:29.516 [C:/Users/Hp/Documents/IntelliJ Projects/AppiumPOMProject-1@1] DEBUG c.browserstack.utils.UtilityMethods - [findFileMatcher] Current Path is :: C:\Users\Hp\Documents\IntelliJ Projects\AppiumPOMProject, TestClass :: GroupID\FlashObjectOptimised
22:04:29.523 [C:/Users/Hp/Documents/IntelliJ Projects/AppiumPOMProject-1@1] DEBUG c.b.testNgListeners.TestNGUtils - [populateTestDataForBSTestOps] The filename fetched :: C:\Users\Hp\Documents\IntelliJ Projects\AppiumPOMProject\src\test\java\GroupID\FlashObjectOptimised.java, fileSeparator :: \, AbsolutePath :: C:\Users\Hp\Documents\IntelliJ Projects\AppiumPOMProject\., Normalized Path :: C:\Users\Hp\Documents\IntelliJ Projects\AppiumPOMProject, File.Separator :: \
22:04:29.523 [C:/Users/Hp/Documents/IntelliJ Projects/AppiumPOMProject-1@1] DEBUG c.b.testNgListeners.TestNGUtils - [populateTestDataForBSTestOps] Replaced File Name is :: AppiumPOMProject\src\test\java\GroupID\FlashObjectOptimised.java, Absolute Path :: C:\Users\Hp\Documents\IntelliJ Projects\AppiumPOMProject\.., Normalized Path :: C:\Users\Hp\Documents\IntelliJ Projects 
22:04:29.532 [C:/Users/Hp/Documents/IntelliJ Projects/AppiumPOMProject-1@1] DEBUG c.b.utils.SeleniumMethodUtils - getURLFromCommandExecutor: Getting Hub url from HttpCommandExecutor
22:04:29.532 [C:/Users/Hp/Documents/IntelliJ Projects/AppiumPOMProject-1@1] DEBUG c.b.utils.SeleniumMethodUtils - getURLFromCommandExecutor: Found url: https://hub-aps.browserstack.com/wd/hub
22:04:29.534 [C:/Users/Hp/Documents/IntelliJ Projects/AppiumPOMProject-1@1] DEBUG com.browserstack.testOps.Listener - [ TESTHUB ] Processing Request Kind TestRunStarted
22:04:29.597 [pool-4-thread-1] DEBUG c.browserstack.utils.RequestBatcher - Time Since Last Batch Processed 4001

22:04:29.597 [pool-5-thread-1] DEBUG c.browserstack.utils.RequestBatcher - Processing Batch 3

22:04:29.598 [pool-5-thread-1] DEBUG c.browserstack.testOps.RequestUtils - [requestToTestOps] Sending Observability request: POST api/v1/batch with request size 10102
22:04:29.840 [pool-5-thread-1] DEBUG c.browserstack.testOps.RequestUtils - requestToTestOps: Response code: 200
22:04:29.840 [pool-5-thread-1] DEBUG c.browserstack.utils.LogReportingAPI - 
[2024-08-06T16:34:29.840971200Z][ TESTHUB ] Batch event successfull!

22:04:33.593 [pool-4-thread-1] DEBUG c.browserstack.utils.RequestBatcher - Time Since Last Batch Processed 3996

22:04:37.592 [pool-4-thread-1] DEBUG c.browserstack.utils.RequestBatcher - Time Since Last Batch Processed 3999

22:04:39.047 [AppiumTest1@1] DEBUG com.browserstack.testOps.Listener - [ TESTHUB ] Processing Request Kind LogCreated
22:04:41.593 [pool-4-thread-1] DEBUG c.browserstack.utils.RequestBatcher - Time Since Last Batch Processed 4001

22:04:41.594 [pool-5-thread-1] DEBUG c.browserstack.utils.RequestBatcher - Processing Batch 1

22:04:41.594 [pool-5-thread-1] DEBUG c.browserstack.testOps.RequestUtils - [requestToTestOps] Sending Observability request: POST api/v1/batch with request size 228
22:04:41.897 [pool-5-thread-1] DEBUG c.browserstack.testOps.RequestUtils - requestToTestOps: Response code: 200
22:04:41.899 [pool-5-thread-1] DEBUG c.browserstack.utils.LogReportingAPI - 
[2024-08-06T16:34:41.899214600Z][ TESTHUB ] Batch event successfull!

22:04:45.587 [pool-4-thread-1] DEBUG c.browserstack.utils.RequestBatcher - Time Since Last Batch Processed 3993

22:04:47.589 [pool-4-thread-1] DEBUG c.browserstack.utils.RequestBatcher - Time Since Last Batch Processed 2002

22:04:49.596 [pool-4-thread-1] DEBUG c.browserstack.utils.RequestBatcher - Time Since Last Batch Processed 2007

22:04:51.597 [pool-4-thread-1] DEBUG c.browserstack.utils.RequestBatcher - Time Since Last Batch Processed 2001

22:04:55.589 [pool-4-thread-1] DEBUG c.browserstack.utils.RequestBatcher - Time Since Last Batch Processed 3992

22:04:57.593 [pool-4-thread-1] DEBUG c.browserstack.utils.RequestBatcher - Time Since Last Batch Processed 2004

22:05:01.584 [pool-4-thread-1] DEBUG c.browserstack.utils.RequestBatcher - Time Since Last Batch Processed 3991

22:05:03.595 [pool-4-thread-1] DEBUG c.browserstack.utils.RequestBatcher - Time Since Last Batch Processed 2011

22:05:05.597 [pool-4-thread-1] DEBUG c.browserstack.utils.RequestBatcher - Time Since Last Batch Processed 2002

22:05:09.588 [pool-4-thread-1] DEBUG c.browserstack.utils.RequestBatcher - Time Since Last Batch Processed 3991

22:05:13.131 [AppiumTest1@1] DEBUG c.b.testNgListeners.TestNGUtils - [populateTestDataForBSTestOps] Event Type :: TestRunFinished, Test ClassName :: GroupID.FlashTestClass
22:05:13.132 [AppiumTest1@1] DEBUG c.browserstack.utils.UtilityMethods - [findFileMatcher] Current Path is :: C:\Users\Hp\Documents\IntelliJ Projects\AppiumPOMProject, TestClass :: GroupID\FlashObjectOptimised
22:05:13.146 [AppiumTest1@1] DEBUG c.b.testNgListeners.TestNGUtils - [populateTestDataForBSTestOps] The filename fetched :: C:\Users\Hp\Documents\IntelliJ Projects\AppiumPOMProject\src\test\java\GroupID\FlashObjectOptimised.java, fileSeparator :: \, AbsolutePath :: C:\Users\Hp\Documents\IntelliJ Projects\AppiumPOMProject\., Normalized Path :: C:\Users\Hp\Documents\IntelliJ Projects\AppiumPOMProject, File.Separator :: \
22:05:13.146 [AppiumTest1@1] DEBUG c.b.testNgListeners.TestNGUtils - [populateTestDataForBSTestOps] Replaced File Name is :: AppiumPOMProject\src\test\java\GroupID\FlashObjectOptimised.java, Absolute Path :: C:\Users\Hp\Documents\IntelliJ Projects\AppiumPOMProject\.., Normalized Path :: C:\Users\Hp\Documents\IntelliJ Projects 
22:05:13.163 [AppiumTest1@1] DEBUG c.b.utils.SeleniumMethodUtils - getURLFromCommandExecutor: Getting Hub url from HttpCommandExecutor
22:05:13.163 [AppiumTest1@1] DEBUG c.b.utils.SeleniumMethodUtils - getURLFromCommandExecutor: Found url: https://hub-aps.browserstack.com/wd/hub
22:05:13.165 [AppiumTest1@1] DEBUG com.browserstack.testOps.Listener - [ TESTHUB ] Processing Request Kind TestRunFinished
22:05:13.341 [AppiumTest1@1] DEBUG c.browserstack.utils.LogReportingAPI - sendPlatformDetails: Can't send CBT info, as driver or test is not found
22:05:13.592 [pool-4-thread-1] DEBUG c.browserstack.utils.RequestBatcher - Time Since Last Batch Processed 4004

22:05:13.592 [pool-5-thread-1] DEBUG c.browserstack.utils.RequestBatcher - Processing Batch 1

22:05:13.592 [pool-5-thread-1] DEBUG c.browserstack.testOps.RequestUtils - [requestToTestOps] Sending Observability request: POST api/v1/batch with request size 3409
22:05:14.059 [pool-5-thread-1] DEBUG c.browserstack.testOps.RequestUtils - requestToTestOps: Response code: 200
22:05:14.059 [pool-5-thread-1] DEBUG c.browserstack.utils.LogReportingAPI - 
[2024-08-06T16:35:14.059164500Z][ TESTHUB ] Batch event successfull!

22:05:15.596 [pool-4-thread-1] DEBUG c.browserstack.utils.RequestBatcher - Time Since Last Batch Processed 2004

22:05:19.590 [pool-4-thread-1] DEBUG c.browserstack.utils.RequestBatcher - Time Since Last Batch Processed 3994

22:05:21.594 [pool-4-thread-1] DEBUG c.browserstack.utils.RequestBatcher - Time Since Last Batch Processed 2004

22:05:25.593 [pool-4-thread-1] DEBUG c.browserstack.utils.RequestBatcher - Time Since Last Batch Processed 3999

22:05:27.597 [pool-4-thread-1] DEBUG c.browserstack.utils.RequestBatcher - Time Since Last Batch Processed 2004

22:05:31.598 [pool-4-thread-1] DEBUG c.browserstack.utils.RequestBatcher - Time Since Last Batch Processed 4001

22:05:33.599 [pool-4-thread-1] DEBUG c.browserstack.utils.RequestBatcher - Time Since Last Batch Processed 2001

22:05:37.590 [pool-4-thread-1] DEBUG c.browserstack.utils.RequestBatcher - Time Since Last Batch Processed 3991

22:05:39.348 [configureAppium@0] DEBUG c.b.selenium.SeleniumHandler - afterDriverInit: requested
22:05:39.354 [configureAppium@0] DEBUG c.b.utils.SeleniumMethodUtils - getURLFromCommandExecutor: Getting Hub url from HttpCommandExecutor
22:05:39.354 [configureAppium@0] DEBUG c.b.utils.SeleniumMethodUtils - getURLFromCommandExecutor: Found url: https://hub-aps.browserstack.com/wd/hub
22:05:39.657 [C:/Users/Hp/Documents/IntelliJ Projects/AppiumPOMProject-0@0] DEBUG c.b.testNgListeners.TestNGUtils - [populateTestDataForBSTestOps] Event Type :: TestRunStarted, Test ClassName :: GroupID.FlashTestClass
22:05:39.657 [C:/Users/Hp/Documents/IntelliJ Projects/AppiumPOMProject-0@0] DEBUG c.browserstack.utils.UtilityMethods - [findFileMatcher] Current Path is :: C:\Users\Hp\Documents\IntelliJ Projects\AppiumPOMProject, TestClass :: GroupID\FlashObjectOptimised
22:05:39.665 [C:/Users/Hp/Documents/IntelliJ Projects/AppiumPOMProject-0@0] DEBUG c.b.testNgListeners.TestNGUtils - [populateTestDataForBSTestOps] The filename fetched :: C:\Users\Hp\Documents\IntelliJ Projects\AppiumPOMProject\src\test\java\GroupID\FlashObjectOptimised.java, fileSeparator :: \, AbsolutePath :: C:\Users\Hp\Documents\IntelliJ Projects\AppiumPOMProject\., Normalized Path :: C:\Users\Hp\Documents\IntelliJ Projects\AppiumPOMProject, File.Separator :: \
22:05:39.665 [C:/Users/Hp/Documents/IntelliJ Projects/AppiumPOMProject-0@0] DEBUG c.b.testNgListeners.TestNGUtils - [populateTestDataForBSTestOps] Replaced File Name is :: AppiumPOMProject\src\test\java\GroupID\FlashObjectOptimised.java, Absolute Path :: C:\Users\Hp\Documents\IntelliJ Projects\AppiumPOMProject\.., Normalized Path :: C:\Users\Hp\Documents\IntelliJ Projects 
22:05:39.674 [C:/Users/Hp/Documents/IntelliJ Projects/AppiumPOMProject-0@0] DEBUG c.b.utils.SeleniumMethodUtils - getURLFromCommandExecutor: Getting Hub url from HttpCommandExecutor
22:05:39.674 [C:/Users/Hp/Documents/IntelliJ Projects/AppiumPOMProject-0@0] DEBUG c.b.utils.SeleniumMethodUtils - getURLFromCommandExecutor: Found url: https://hub-aps.browserstack.com/wd/hub
22:05:39.677 [C:/Users/Hp/Documents/IntelliJ Projects/AppiumPOMProject-0@0] DEBUG com.browserstack.testOps.Listener - [ TESTHUB ] Processing Request Kind TestRunStarted
22:05:41.594 [pool-4-thread-1] DEBUG c.browserstack.utils.RequestBatcher - Time Since Last Batch Processed 4004

22:05:41.594 [pool-5-thread-1] DEBUG c.browserstack.utils.RequestBatcher - Processing Batch 1

22:05:41.595 [pool-5-thread-1] DEBUG c.browserstack.testOps.RequestUtils - [requestToTestOps] Sending Observability request: POST api/v1/batch with request size 3462
22:05:41.831 [pool-5-thread-1] DEBUG c.browserstack.testOps.RequestUtils - requestToTestOps: Response code: 200
22:05:41.831 [pool-5-thread-1] DEBUG c.browserstack.utils.LogReportingAPI - 
[2024-08-06T16:35:41.831437800Z][ TESTHUB ] Batch event successfull!

22:05:45.598 [pool-4-thread-1] DEBUG c.browserstack.utils.RequestBatcher - Time Since Last Batch Processed 4004

22:05:49.176 [AppiumTest1@0] DEBUG com.browserstack.testOps.Listener - [ TESTHUB ] Processing Request Kind LogCreated
22:05:49.598 [pool-4-thread-1] DEBUG c.browserstack.utils.RequestBatcher - Time Since Last Batch Processed 4000

22:05:49.598 [pool-5-thread-1] DEBUG c.browserstack.utils.RequestBatcher - Processing Batch 1

22:05:49.598 [pool-5-thread-1] DEBUG c.browserstack.testOps.RequestUtils - [requestToTestOps] Sending Observability request: POST api/v1/batch with request size 228
22:05:49.891 [pool-5-thread-1] DEBUG c.browserstack.testOps.RequestUtils - requestToTestOps: Response code: 200
22:05:49.891 [pool-5-thread-1] DEBUG c.browserstack.utils.LogReportingAPI - 
[2024-08-06T16:35:49.891609700Z][ TESTHUB ] Batch event successfull!

22:05:53.588 [pool-4-thread-1] DEBUG c.browserstack.utils.RequestBatcher - Time Since Last Batch Processed 3990

22:05:55.591 [pool-4-thread-1] DEBUG c.browserstack.utils.RequestBatcher - Time Since Last Batch Processed 2003

22:05:57.594 [pool-4-thread-1] DEBUG c.browserstack.utils.RequestBatcher - Time Since Last Batch Processed 2003

22:06:01.593 [pool-4-thread-1] DEBUG c.browserstack.utils.RequestBatcher - Time Since Last Batch Processed 3999

22:06:05.597 [pool-4-thread-1] DEBUG c.browserstack.utils.RequestBatcher - Time Since Last Batch Processed 4004

22:06:09.596 [pool-4-thread-1] DEBUG c.browserstack.utils.RequestBatcher - Time Since Last Batch Processed 3999

22:06:13.598 [pool-4-thread-1] DEBUG c.browserstack.utils.RequestBatcher - Time Since Last Batch Processed 4002

22:06:17.586 [pool-4-thread-1] DEBUG c.browserstack.utils.RequestBatcher - Time Since Last Batch Processed 3988

22:06:19.590 [pool-4-thread-1] DEBUG c.browserstack.utils.RequestBatcher - Time Since Last Batch Processed 2004

22:06:23.589 [pool-4-thread-1] DEBUG c.browserstack.utils.RequestBatcher - Time Since Last Batch Processed 3999

22:06:24.708 [AppiumTest1@0] DEBUG c.b.testNgListeners.TestNGUtils - [populateTestDataForBSTestOps] Event Type :: HookRunFinished, Method ClassName :: testBaseUtils.WFlashBeforeEachTestAndroid 
22:06:24.708 [AppiumTest1@0] DEBUG c.browserstack.utils.UtilityMethods - [findFileMatcher] Current Path is :: C:\Users\Hp\Documents\IntelliJ Projects\AppiumPOMProject, TestClass :: testBaseUtils\WFlashBeforeEachTestAndroid
22:06:24.716 [AppiumTest1@0] DEBUG c.b.testNgListeners.TestNGUtils - [populateTestDataForBSTestOps] The filename fetched :: C:\Users\Hp\Documents\IntelliJ Projects\AppiumPOMProject\src\test\java\testBaseUtils\WFlashBeforeEachTestAndroid.java, fileSeparator :: \, AbsolutePath :: C:\Users\Hp\Documents\IntelliJ Projects\AppiumPOMProject\., Normalized Path :: C:\Users\Hp\Documents\IntelliJ Projects\AppiumPOMProject, File.Separator :: \
22:06:24.717 [AppiumTest1@0] DEBUG c.b.testNgListeners.TestNGUtils - [populateTestDataForBSTestOps] Replaced File Name is :: AppiumPOMProject\src\test\java\testBaseUtils\WFlashBeforeEachTestAndroid.java, Absolute Path :: C:\Users\Hp\Documents\IntelliJ Projects\AppiumPOMProject\.., Normalized Path :: C:\Users\Hp\Documents\IntelliJ Projects 
22:06:24.721 [AppiumTest1@0] DEBUG c.b.utils.SeleniumMethodUtils - getURLFromCommandExecutor: Getting Hub url from HttpCommandExecutor
22:06:24.721 [AppiumTest1@0] DEBUG c.b.utils.SeleniumMethodUtils - getURLFromCommandExecutor: Found url: https://hub-aps.browserstack.com/wd/hub
22:06:24.721 [AppiumTest1@0] DEBUG com.browserstack.testOps.Listener - [ TESTHUB ] Processing Request Kind HookRunFinished
22:06:24.721 [AppiumTest1@0] DEBUG c.b.testNgListeners.TestNGUtils - [populateTestDataForBSTestOps] Event Type :: TestRunFinished, Test ClassName :: GroupID.FlashTestClass
22:06:24.721 [AppiumTest1@0] DEBUG c.browserstack.utils.UtilityMethods - [findFileMatcher] Current Path is :: C:\Users\Hp\Documents\IntelliJ Projects\AppiumPOMProject, TestClass :: GroupID\FlashObjectOptimised
22:06:24.731 [AppiumTest1@0] DEBUG c.b.testNgListeners.TestNGUtils - [populateTestDataForBSTestOps] The filename fetched :: C:\Users\Hp\Documents\IntelliJ Projects\AppiumPOMProject\src\test\java\GroupID\FlashObjectOptimised.java, fileSeparator :: \, AbsolutePath :: C:\Users\Hp\Documents\IntelliJ Projects\AppiumPOMProject\., Normalized Path :: C:\Users\Hp\Documents\IntelliJ Projects\AppiumPOMProject, File.Separator :: \
22:06:24.731 [AppiumTest1@0] DEBUG c.b.testNgListeners.TestNGUtils - [populateTestDataForBSTestOps] Replaced File Name is :: AppiumPOMProject\src\test\java\GroupID\FlashObjectOptimised.java, Absolute Path :: C:\Users\Hp\Documents\IntelliJ Projects\AppiumPOMProject\.., Normalized Path :: C:\Users\Hp\Documents\IntelliJ Projects 
22:06:24.737 [AppiumTest1@0] DEBUG c.b.utils.SeleniumMethodUtils - getURLFromCommandExecutor: Getting Hub url from HttpCommandExecutor
22:06:24.737 [AppiumTest1@0] DEBUG c.b.utils.SeleniumMethodUtils - getURLFromCommandExecutor: Found url: https://hub-aps.browserstack.com/wd/hub
22:06:24.739 [AppiumTest1@0] DEBUG com.browserstack.testOps.Listener - [ TESTHUB ] Processing Request Kind TestRunFinished
22:06:24.813 [C:/Users/Hp/Documents/IntelliJ Projects/AppiumPOMProject-0@0] DEBUG c.b.testNgListeners.TestNGUtils - [populateTestDataForBSTestOps] Event Type :: TestRunStarted, Test ClassName :: GroupID.FlashTestClass
22:06:24.813 [C:/Users/Hp/Documents/IntelliJ Projects/AppiumPOMProject-0@0] DEBUG c.browserstack.utils.UtilityMethods - [findFileMatcher] Current Path is :: C:\Users\Hp\Documents\IntelliJ Projects\AppiumPOMProject, TestClass :: GroupID\FlashObjectOptimised
22:06:24.820 [C:/Users/Hp/Documents/IntelliJ Projects/AppiumPOMProject-0@0] DEBUG c.b.testNgListeners.TestNGUtils - [populateTestDataForBSTestOps] The filename fetched :: C:\Users\Hp\Documents\IntelliJ Projects\AppiumPOMProject\src\test\java\GroupID\FlashObjectOptimised.java, fileSeparator :: \, AbsolutePath :: C:\Users\Hp\Documents\IntelliJ Projects\AppiumPOMProject\., Normalized Path :: C:\Users\Hp\Documents\IntelliJ Projects\AppiumPOMProject, File.Separator :: \
22:06:24.820 [C:/Users/Hp/Documents/IntelliJ Projects/AppiumPOMProject-0@0] DEBUG c.b.testNgListeners.TestNGUtils - [populateTestDataForBSTestOps] Replaced File Name is :: AppiumPOMProject\src\test\java\GroupID\FlashObjectOptimised.java, Absolute Path :: C:\Users\Hp\Documents\IntelliJ Projects\AppiumPOMProject\.., Normalized Path :: C:\Users\Hp\Documents\IntelliJ Projects 
22:06:24.827 [C:/Users/Hp/Documents/IntelliJ Projects/AppiumPOMProject-0@0] DEBUG c.b.utils.SeleniumMethodUtils - getURLFromCommandExecutor: Getting Hub url from HttpCommandExecutor
22:06:24.827 [C:/Users/Hp/Documents/IntelliJ Projects/AppiumPOMProject-0@0] DEBUG c.b.utils.SeleniumMethodUtils - getURLFromCommandExecutor: Found url: https://hub-aps.browserstack.com/wd/hub
22:06:24.828 [C:/Users/Hp/Documents/IntelliJ Projects/AppiumPOMProject-0@0] DEBUG com.browserstack.testOps.Listener - [ TESTHUB ] Processing Request Kind TestRunStarted
22:06:27.598 [pool-4-thread-1] DEBUG c.browserstack.utils.RequestBatcher - Time Since Last Batch Processed 4009

22:06:27.599 [pool-5-thread-1] DEBUG c.browserstack.utils.RequestBatcher - Processing Batch 3

22:06:27.599 [pool-5-thread-1] DEBUG c.browserstack.testOps.RequestUtils - [requestToTestOps] Sending Observability request: POST api/v1/batch with request size 10301
22:06:27.885 [pool-5-thread-1] DEBUG c.browserstack.testOps.RequestUtils - requestToTestOps: Response code: 200
22:06:27.885 [pool-5-thread-1] DEBUG c.browserstack.utils.LogReportingAPI - 
[2024-08-06T16:36:27.885770500Z][ TESTHUB ] Batch event successfull!

22:06:31.597 [pool-4-thread-1] DEBUG c.browserstack.utils.RequestBatcher - Time Since Last Batch Processed 3999

22:06:33.927 [AppiumTest1@0] DEBUG com.browserstack.testOps.Listener - [ TESTHUB ] Processing Request Kind LogCreated
22:06:35.590 [pool-4-thread-1] DEBUG c.browserstack.utils.RequestBatcher - Time Since Last Batch Processed 3993

22:06:35.590 [pool-5-thread-1] DEBUG c.browserstack.utils.RequestBatcher - Processing Batch 1

22:06:35.590 [pool-5-thread-1] DEBUG c.browserstack.testOps.RequestUtils - [requestToTestOps] Sending Observability request: POST api/v1/batch with request size 225
22:06:35.868 [pool-5-thread-1] DEBUG c.browserstack.testOps.RequestUtils - requestToTestOps: Response code: 200
22:06:35.868 [pool-5-thread-1] DEBUG c.browserstack.utils.LogReportingAPI - 
[2024-08-06T16:36:35.868247500Z][ TESTHUB ] Batch event successfull!

22:06:39.591 [pool-4-thread-1] DEBUG c.browserstack.utils.RequestBatcher - Time Since Last Batch Processed 4001

22:06:41.597 [pool-4-thread-1] DEBUG c.browserstack.utils.RequestBatcher - Time Since Last Batch Processed 2006

22:06:45.584 [pool-4-thread-1] DEBUG c.browserstack.utils.RequestBatcher - Time Since Last Batch Processed 3987

22:06:49.586 [pool-4-thread-1] DEBUG c.browserstack.utils.RequestBatcher - Time Since Last Batch Processed 4002

22:06:51.589 [pool-4-thread-1] DEBUG c.browserstack.utils.RequestBatcher - Time Since Last Batch Processed 2003

22:06:55.588 [pool-4-thread-1] DEBUG c.browserstack.utils.RequestBatcher - Time Since Last Batch Processed 3999

22:06:57.589 [pool-4-thread-1] DEBUG c.browserstack.utils.RequestBatcher - Time Since Last Batch Processed 2001

22:07:01.586 [pool-4-thread-1] DEBUG c.browserstack.utils.RequestBatcher - Time Since Last Batch Processed 3997

22:07:05.587 [pool-4-thread-1] DEBUG c.browserstack.utils.RequestBatcher - Time Since Last Batch Processed 4001

22:07:07.591 [pool-4-thread-1] DEBUG c.browserstack.utils.RequestBatcher - Time Since Last Batch Processed 2004

22:07:08.842 [AppiumTest1@0] DEBUG c.b.testNgListeners.TestNGUtils - [populateTestDataForBSTestOps] Event Type :: TestRunFinished, Test ClassName :: GroupID.FlashTestClass
22:07:08.842 [AppiumTest1@0] DEBUG c.browserstack.utils.UtilityMethods - [findFileMatcher] Current Path is :: C:\Users\Hp\Documents\IntelliJ Projects\AppiumPOMProject, TestClass :: GroupID\FlashObjectOptimised
22:07:08.851 [AppiumTest1@0] DEBUG c.b.testNgListeners.TestNGUtils - [populateTestDataForBSTestOps] The filename fetched :: C:\Users\Hp\Documents\IntelliJ Projects\AppiumPOMProject\src\test\java\GroupID\FlashObjectOptimised.java, fileSeparator :: \, AbsolutePath :: C:\Users\Hp\Documents\IntelliJ Projects\AppiumPOMProject\., Normalized Path :: C:\Users\Hp\Documents\IntelliJ Projects\AppiumPOMProject, File.Separator :: \
22:07:08.851 [AppiumTest1@0] DEBUG c.b.testNgListeners.TestNGUtils - [populateTestDataForBSTestOps] Replaced File Name is :: AppiumPOMProject\src\test\java\GroupID\FlashObjectOptimised.java, Absolute Path :: C:\Users\Hp\Documents\IntelliJ Projects\AppiumPOMProject\.., Normalized Path :: C:\Users\Hp\Documents\IntelliJ Projects 
22:07:08.862 [AppiumTest1@0] DEBUG c.b.utils.SeleniumMethodUtils - getURLFromCommandExecutor: Getting Hub url from HttpCommandExecutor
22:07:08.862 [AppiumTest1@0] DEBUG c.b.utils.SeleniumMethodUtils - getURLFromCommandExecutor: Found url: https://hub-aps.browserstack.com/wd/hub
22:07:08.863 [AppiumTest1@0] DEBUG com.browserstack.testOps.Listener - [ TESTHUB ] Processing Request Kind TestRunFinished
22:07:08.946 [AppiumTest1@0] DEBUG c.browserstack.utils.LogReportingAPI - sendPlatformDetails: Can't send CBT info, as driver or test is not found
22:07:11.131 [main] DEBUG com.browserstack.testOps.Listener - [ TESTHUB ] Processing Request Kind LogCreated
22:07:11.132 [main] DEBUG com.browserstack.testOps.Listener - [ TESTHUB ] Processing Request Kind LogCreated
22:07:11.132 [Thread-0] DEBUG c.browserstack.BrowserStackJavaAgent - Starting final execution
22:07:11.132 [Thread-0] DEBUG c.b.u.ObservabilityUtilityMethods - Processing batch requests with type: Global
22:07:11.132 [Thread-0] DEBUG c.browserstack.utils.LogReportingAPI - [2024-08-06T16:37:11.132123Z][ OBSERVABILITY ] Processing stop observability
22:07:11.132 [pool-5-thread-1] DEBUG c.browserstack.utils.RequestBatcher - Processing Batch 3

22:07:11.133 [pool-5-thread-1] DEBUG c.browserstack.testOps.RequestUtils - [requestToTestOps] Sending Observability request: POST api/v1/batch with request size 4058
22:07:11.507 [pool-5-thread-1] DEBUG c.browserstack.testOps.RequestUtils - requestToTestOps: Response code: 200
22:07:11.508 [pool-5-thread-1] DEBUG c.browserstack.utils.LogReportingAPI - 
[2024-08-06T16:37:11.507308500Z][ TESTHUB ] Batch event successfull!

22:07:11.508 [Thread-0] DEBUG c.browserstack.testOps.RequestUtils - [ TESTHUB ] Processing Request Kind stopBuildUpstream
22:07:11.508 [Thread-0] DEBUG c.browserstack.testOps.RequestUtils - [requestToTestOps] Sending Observability request: PUT api/v1/builds/nmdb2smsogpbjphvwkxs0o3mdi0fmjaig4q8zqnc/stop with request size 65
22:07:11.811 [Thread-0] DEBUG c.browserstack.testOps.RequestUtils - requestToTestOps: Response code: 200
22:07:11.811 [Thread-0] DEBUG com.browserstack.testOps.Listener - Testhub stop response: 
22:07:14.244 [Thread-0] DEBUG com.browserstack.testOps.UsageStats - getFormattedData: Collecting data for TestObservability
22:07:14.244 [Thread-0] DEBUG com.browserstack.testOps.UsageStats - getEventStats: Getting event data for TestObservability
22:07:14.248 [Thread-0] DEBUG com.browserstack.testOps.UsageStats - [OBSERVABILITY] Failed to parse data from workers
22:07:14.307 [Thread-0] DEBUG c.b.utils.FunnelInstrumentation - Sending funnel data for SDKTestSuccessful with data: {"event_type":"SDKTestSuccessful","accessKey":"cdWAYU5meFd1rax23PEp","userName":"nayankumar_Rp0sMa","event_properties":{"product":"[app-automate, observability]","buildName":"browserstack build","os":"Windows 11","languageVersion":"18.0.2.1","appiumVersion":"9.2.2","frameworkDetectionInstrumentation":{"parseLoadClass":6,"ret-org.openqa.selenium.remote.RemoteWebDriver":315,"retransformClasses":315,"parseDependencies":13},"language":"java","sdkRunId":"bbd928a3-53c4-42dc-b6af-6b4a3c2ad5a9","buildIdentifier":"#36","userFramework":"testng","testhub_uuid":"nmdb2smsogpbjphvwkxs0o3mdi0fmjaig4q8zqnc","detectedAppiumVersion":"null","detectedDependencies":"testng","productMap":{"app_automate":true,"accessibility":false,"automate":false,"percy":false,"observability":true},"referrer":"testng-javaagent\/1.20.2","hostname":"DESKTOP-13RHPFK","measures":{"local:start":5993,"sdk:setup":12486,"local:stop":2429},"language_framework":"java_testng","detectedFramework":"testng","productUsage":{"testObservability":{"buildHashedId":"nmdb2smsogpbjphvwkxs0o3mdi0fmjaig4q8zqnc","manuallySet":false,"enabled":true,"events":{"hookEvents":{"started":{"errors":[],"sentCount":2,"failedCount":0,"triggeredCount":2},"finished":{"triggeredCount":2,"failedCount":0,"errors":[],"sentCount":2},"passed":{"errors":[],"sentCount":2,"failedCount":0,"triggeredCount":2}},"logEvents":{"errors":[],"sentCount":91,"failedCount":0,"triggeredCount":91,"log":{"errors":[],"sentCount":91,"failedCount":0,"triggeredCount":91}},"testEvents":{"started":{"errors":[],"sentCount":4,"failedCount":0,"triggeredCount":4},"finished":{"triggeredCount":4,"failedCount":0,"errors":[],"sentCount":4},"passed":{"errors":[],"sentCount":4,"failedCount":0,"triggeredCount":4}},"batchEvents":{"triggeredCount":11,"failedCount":0,"errors":[],"sentCount":11},"cbtSessionEvents":{"errors":[],"sentCount":0,"failedCount":0,"triggeredCount":0},"buildEvents":{"started":{"error":null,"status":"success","triggered":true},"finished":{"error":null,"status":"success","triggered":true}}}}},"detectedSeleniumVersion":"null","browserStackConfig":{"browserstackLocal":true,"percy":false,"logLevel":"info","staticWebDriver":true,"autoDetectFramework":true,"percyCaptureMode":"MANUAL","browserStackLocalOptions":{"localIdentifier":"06_Aug_223_DESKTOP_13RHPFK_DRln","key":"****"},"percyOptions":null,"testContextOptions":{"skipSessionName":false,"serenityOverridePlugin":false,"skipSessionStatus":false},"platforms":[{"browser":null,"osVersion":null,"browserVersion":null,"device":"Samsung Galaxy S23","os":null,"capabilities":{"platformVersion":13.0,"platformName":"android","deviceName":"Samsung Galaxy S23"},"platformCaps":{"platformVersion":13.0,"platformName":"android","deviceName":"Samsung Galaxy S23"},"platformString":"Samsung Galaxy S23, 13.0","customVariables":"****"},{"browser":null,"osVersion":null,"browserVersion":null,"device":"Google Pixel 8 Pro","os":null,"capabilities":{"platformVersion":14.0,"platformName":"android","deviceName":"Google Pixel 8 Pro"},"platformCaps":{"platformVersion":14.0,"platformName":"android","deviceName":"Google Pixel 8 Pro"},"platformString":"Google Pixel 8 Pro, 14.0","customVariables":"****"}],"parallelsPerPlatform":1,"framework":"testng","accessibility":false,"accessibilityOptions":{},"turboScaleOptions":{},"disableAutoCaptureLogs":true,"testObservability":true,"browserstackAutomation":true,"turboScale":false,"testObservabilityOptions":{},"gradleMConfig":null,"proxySettings":null},"seleniumVersion":""}}
22:07:14.794 [Thread-0] DEBUG c.b.utils.FunnelInstrumentation - API Event SDKTestSuccessful response - {"message":"SDK Event recorded successfully"}
22:07:17.561 [Thread-0] DEBUG c.browserstack.utils.UtilityMethods - Server side buildName(browserstack build  36) is not same as client side buildName(browserstack build #36)
22:07:17.562 [Thread-0] DEBUG c.browserstack.utils.UtilityMethods - Browserstack Gradle-M Config File does not exist.
